id,dateObserved,lat,long,weight,day_diff
119622.267_486030.926-Rest,2020-01-02T05:31:37.000Z,52.36103,4.8678465,145,1
119833.523_486086.019-Rest,2020-01-02T05:35:19.000Z,52.36154,4.870942,185,1
119833.523_486086.019-Rest,2020-01-02T05:36:22.000Z,52.36154,4.870942,250,0
119946.733_486133.777-Rest,2020-01-02T05:40:25.000Z,52.361977,4.8725986,305,1
119946.733_486133.777-Rest,2020-01-02T05:42:40.000Z,52.361977,4.8725986,1025,0
120064.880_486202.591-Rest,2020-01-02T05:46:02.000Z,52.362602,4.874326,290,1
120064.880_486202.591-Rest,2020-01-02T05:49:29.000Z,52.362602,4.874326,200,0
120012.766_486200.854-Rest,2020-01-02T05:52:24.000Z,52.362583,4.8735614,200,1
120012.766_486200.854-Rest,2020-01-02T05:53:42.000Z,52.362583,4.8735614,185,0
119765.157_486074.434-Rest,2020-01-02T06:01:27.000Z,52.36143,4.8699393,345,1
119622.267_486030.926-Rest,2020-01-02T06:05:03.000Z,52.36103,4.8678465,885,0
123648.465_486510.013-Rest,2020-01-02T06:06:04.000Z,52.36558,4.926906,535,1
122291.125_484750.276-Rest,2020-01-02T06:06:33.000Z,52.34969,4.90715,120,1
122632.014_489029.859-Rest,2020-01-02T06:07:00.000Z,52.38817,4.9117403,2645,1
122632.014_489029.859-Rest,2020-01-02T06:07:22.000Z,52.38817,4.9117403,2655,0
122291.125_484750.276-Rest,2020-01-02T06:08:01.000Z,52.34969,4.90715,110,0
119558.186_485992.587-Rest,2020-01-02T06:08:47.000Z,52.360683,4.86691,70,1
123588.940_486424.895-Rest,2020-01-02T06:10:20.000Z,52.364815,4.92604,285,1
122676.698_488664.687-Rest,2020-01-02T06:10:36.000Z,52.38489,4.912432,2760,1
122468.158_485615.114-Rest,2020-01-02T06:10:48.000Z,52.35747,4.909664,290,1
122468.158_485615.114-Rest,2020-01-02T06:11:47.000Z,52.35747,4.909664,405,0
123588.940_486424.895-Rest,2020-01-02T06:11:52.000Z,52.364815,4.92604,250,0
123303.780_485319.715-Rest,2020-01-02T06:13:51.000Z,52.354866,4.921958,405,1
122241.515_485677.390-Rest,2020-01-02T06:15:17.000Z,52.358017,4.906331,190,1
123367.029_485349.869-Rest,2020-01-02T06:16:15.000Z,52.35514,4.9228835,550,1
122909.129_489940.987-Rest,2020-01-02T06:18:01.000Z,52.396374,4.915724,2530,1
120893.231_482973.819-Rest,2020-01-02T06:18:15.000Z,52.333637,4.886814,270,1
122730.199_488547.194-Rest,2020-01-02T06:18:24.000Z,52.38384,4.913229,2790,1
123082.122_488938.935-Rest,2020-01-02T06:18:39.000Z,52.38738,4.9183607,2670,1
120893.231_482973.819-Rest,2020-01-02T06:19:29.000Z,52.333637,4.886814,240,0
119980.407_486034.832-Rest,2020-01-02T06:19:38.000Z,52.36109,4.8731036,1020,1
119980.407_486034.832-Rest,2020-01-02T06:20:55.000Z,52.36109,4.8731036,400,0
122354.199_485579.663-Rest,2020-01-02T06:21:22.000Z,52.357147,4.9079947,330,1
118878.701_484287.623-Rest,2020-01-02T06:23:07.000Z,52.345318,4.857118,340,1
122701.195_488437.028-Rest,2020-01-02T06:23:48.000Z,52.382847,4.9128137,2620,1
122318.013_485470.151-Rest,2020-01-02T06:24:00.000Z,52.35616,4.9074745,185,1
118878.701_484287.623-Rest,2020-01-02T06:24:01.000Z,52.345318,4.857118,175,0
123384.712_488877.250-Rest,2020-01-02T06:25:14.000Z,52.38684,4.922811,2600,1
122701.195_488437.028-Rest,2020-01-02T06:26:11.000Z,52.382847,4.9128137,90,0
120548.116_482967.117-Rest,2020-01-02T06:26:13.000Z,52.333557,4.8817515,80,1
123622.761_485456.373-Rest,2020-01-02T06:26:46.000Z,52.35611,4.926627,215,1
119732.477_486028.341-Rest,2020-01-02T06:26:59.000Z,52.361015,4.8694644,60,1
120548.116_482967.117-Rest,2020-01-02T06:27:04.000Z,52.333557,4.8817515,150,0
118770.801_484264.477-Rest,2020-01-02T06:27:30.000Z,52.3451,4.8555374,300,1
123803.905_486428.396-Rest,2020-01-02T06:27:41.000Z,52.364857,4.929196,235,1
122980.685_490062.728-Rest,2020-01-02T06:28:00.000Z,52.397472,4.916764,2540,1
118770.801_484264.477-Rest,2020-01-02T06:28:37.000Z,52.3451,4.8555374,395,0
123622.761_485456.373-Rest,2020-01-02T06:28:58.000Z,52.35611,4.926627,180,0
123085.669_485705.543-Rest,2020-01-02T06:29:12.000Z,52.35832,4.91872,315,1
123808.691_486370.835-Rest,2020-01-02T06:31:06.000Z,52.36434,4.9292717,455,1
119005.345_484317.011-Rest,2020-01-02T06:31:18.000Z,52.34559,4.8589735,440,1
122962.768_488297.644-Rest,2020-01-02T06:31:26.000Z,52.381607,4.916669,2590,1
122400.059_485284.102-Rest,2020-01-02T06:31:33.000Z,52.354492,4.9086967,340,1
123696.530_485411.481-Rest,2020-01-02T06:31:40.000Z,52.355713,4.927714,310,1
119453.274_482372.904-Rest,2020-01-02T06:32:00.000Z,52.328144,4.865752,30,1
123696.530_485411.481-Rest,2020-01-02T06:32:39.000Z,52.355713,4.927714,330,0
123360.016_489069.936-Rest,2020-01-02T06:33:12.000Z,52.388573,4.9224305,1855,1
123229.387_485763.274-Rest,2020-01-02T06:33:14.000Z,52.35885,4.920824,345,1
119453.274_482372.904-Rest,2020-01-02T06:33:19.000Z,52.328144,4.865752,175,0
118518.949_484288.204-Rest,2020-01-02T06:33:39.000Z,52.3453,4.851839,100,1
119005.345_484317.011-Rest,2020-01-02T06:33:47.000Z,52.34559,4.8589735,75,0
120195.752_486130.396-Rest,2020-01-02T06:33:56.000Z,52.36196,4.876255,770,1
120195.752_486130.396-Rest,2020-01-02T06:34:37.000Z,52.36196,4.876255,220,0
119453.274_482372.904-Rest,2020-01-02T06:34:40.000Z,52.328144,4.865752,245,0
118518.949_484288.204-Rest,2020-01-02T06:34:45.000Z,52.3453,4.851839,180,0
120576.346_483043.951-Rest,2020-01-02T06:34:58.000Z,52.334248,4.882158,175,1
123679.974_486323.059-Rest,2020-01-02T06:35:03.000Z,52.363903,4.9273863,515,1
123625.254_485374.470-Rest,2020-01-02T06:35:11.000Z,52.355377,4.9266715,330,1
122764.153_490246.151-Rest,2020-01-02T06:35:31.000Z,52.39911,4.9135647,2730,1
122439.119_489348.758-Rest,2020-01-02T06:35:40.000Z,52.391026,4.908876,115,1
120469.887_483003.012-Rest,2020-01-02T06:36:24.000Z,52.333874,4.8806,25,1
121370.431_485354.645-Rest,2020-01-02T06:36:46.000Z,52.355064,4.893577,725,1
120576.346_483043.951-Rest,2020-01-02T06:36:57.000Z,52.334248,4.882158,130,0
118544.792_484360.204-Rest,2020-01-02T06:37:16.000Z,52.345947,4.8522105,75,1
122340.981_485342.761-Rest,2020-01-02T06:37:37.000Z,52.355015,4.9078236,470,1
120336.626_486194.666-Rest,2020-01-02T06:37:43.000Z,52.36255,4.8783164,1055,1
121370.431_485354.645-Rest,2020-01-02T06:37:57.000Z,52.355064,4.893577,840,0
123594.528_486293.916-Rest,2020-01-02T06:38:14.000Z,52.363636,4.9261346,220,1
118544.792_484360.204-Rest,2020-01-02T06:38:18.000Z,52.345947,4.8522105,15,0
123325.935_485668.562-Rest,2020-01-02T06:38:52.000Z,52.358,4.9222503,265,1
119168.605_484545.593-Rest,2020-01-02T06:39:28.000Z,52.347652,4.861345,470,1
123594.528_486293.916-Rest,2020-01-02T06:39:42.000Z,52.363636,4.9261346,320,0
120307.697_482972.014-Rest,2020-01-02T06:39:43.000Z,52.333584,4.878224,25,1
120597.270_483082.890-Rest,2020-01-02T06:39:50.000Z,52.3346,4.8824606,170,1
118626.937_484428.801-Rest,2020-01-02T06:40:51.000Z,52.34657,4.8534083,400,1
120597.270_483082.890-Rest,2020-01-02T06:41:06.000Z,52.3346,4.8824606,300,0
119168.605_484545.593-Rest,2020-01-02T06:41:36.000Z,52.347652,4.861345,450,0
120347.403_486119.371-Rest,2020-01-02T06:41:49.000Z,52.361874,4.8784823,1075,1
121210.821_485309.618-Rest,2020-01-02T06:41:51.000Z,52.35465,4.8912387,820,1
118626.937_484428.801-Rest,2020-01-02T06:42:03.000Z,52.34657,4.8534083,180,0
123568.765_485301.405-Rest,2020-01-02T06:42:27.000Z,52.354717,4.925849,160,1
121210.821_485309.618-Rest,2020-01-02T06:42:54.000Z,52.35465,4.8912387,375,0
123386.405_485690.113-Rest,2020-01-02T06:43:02.000Z,52.3582,4.9231358,170,1
123568.765_485301.405-Rest,2020-01-02T06:43:20.000Z,52.354717,4.925849,160,0
123485.301_486257.882-Rest,2020-01-02T06:43:25.000Z,52.363308,4.9245343,320,1
120506.127_483089.535-Rest,2020-01-02T06:44:11.000Z,52.334652,4.881123,0,1
120223.308_486049.894-Rest,2020-01-02T06:44:21.000Z,52.36124,4.8766675,260,1
123485.301_486257.882-Rest,2020-01-02T06:44:36.000Z,52.363308,4.9245343,300,0
118726.714_484455.489-Rest,2020-01-02T06:44:59.000Z,52.346813,4.85487,215,1
120506.127_483089.535-Rest,2020-01-02T06:45:24.000Z,52.334652,4.881123,195,0
119585.753_482303.077-Rest,2020-01-02T06:45:26.000Z,52.327526,4.8677025,205,1
118726.714_484455.489-Rest,2020-01-02T06:46:08.000Z,52.346813,4.85487,130,0
119585.753_482303.077-Rest,2020-01-02T06:46:27.000Z,52.327526,4.8677025,170,0
119324.620_484647.322-Rest,2020-01-02T06:46:46.000Z,52.34858,4.8636236,465,1
123392.151_485818.826-Rest,2020-01-02T06:47:24.000Z,52.359356,4.923208,285,1
120506.127_483089.535-Rest,2020-01-02T06:47:31.000Z,52.334652,4.881123,215,0
122618.539_484936.972-Rest,2020-01-02T06:47:54.000Z,52.351383,4.9119368,20,1
123441.596_486309.341-Rest,2020-01-02T06:48:36.000Z,52.363766,4.9238877,110,1
118820.140_484475.411-Rest,2020-01-02T06:48:53.000Z,52.347,4.856239,280,1
123492.818_485222.696-Rest,2020-01-02T06:49:21.000Z,52.354004,4.9247417,205,1
118820.140_484475.411-Rest,2020-01-02T06:49:53.000Z,52.347,4.856239,340,0
119529.136_482177.720-Rest,2020-01-02T06:50:09.000Z,52.326397,4.866885,255,1
120134.257_485740.524-Rest,2020-01-02T06:50:18.000Z,52.358456,4.8753924,280,1
119258.493_484543.336-Rest,2020-01-02T06:51:16.000Z,52.347637,4.862664,5,1
119529.136_482177.720-Rest,2020-01-02T06:51:38.000Z,52.326397,4.866885,315,0
123404.474_485238.177-Rest,2020-01-02T06:51:52.000Z,52.354137,4.9234433,385,1
123587.280_486357.960-Rest,2020-01-02T06:52:07.000Z,52.364212,4.926022,480,1
123557.968_485708.847-Rest,2020-01-02T06:52:25.000Z,52.358376,4.9256525,515,1
120349.078_482617.510-Rest,2020-01-02T06:52:40.000Z,52.330402,4.878867,205,1
122621.198_485596.886-Rest,2020-01-02T06:53:00.000Z,52.357315,4.9119124,295,1
119258.493_484543.336-Rest,2020-01-02T06:53:10.000Z,52.347637,4.862664,325,0
122880.651_491079.866-Rest,2020-01-02T06:54:03.000Z,52.40661,4.9151964,5,1
123346.291_485212.825-Rest,2020-01-02T06:54:08.000Z,52.353905,4.9225917,280,1
122501.171_485103.049-Rest,2020-01-02T06:54:21.000Z,52.35287,4.910198,550,1
122621.198_485596.886-Rest,2020-01-02T06:54:23.000Z,52.357315,4.9119124,230,0
120136.897_482554.962-Rest,2020-01-02T06:55:55.000Z,52.329826,4.875761,155,1
123632.382_486388.313-Rest,2020-01-02T06:56:07.000Z,52.364487,4.9266815,600,1
119485.524_481991.580-Rest,2020-01-02T06:56:26.000Z,52.32472,4.8662653,95,1
123289.455_485169.578-Rest,2020-01-02T06:56:57.000Z,52.353516,4.921762,240,1
120136.897_482554.962-Rest,2020-01-02T06:57:22.000Z,52.329826,4.875761,315,0
121810.636_485455.109-Rest,2020-01-02T06:57:39.000Z,52.355995,4.900028,260,1
118561.011_484219.783-Rest,2020-01-02T06:58:19.000Z,52.344685,4.8524637,5,1
122451.309_485208.215-Rest,2020-01-02T06:59:04.000Z,52.353813,4.9094563,290,1
118561.011_484219.783-Rest,2020-01-02T06:59:10.000Z,52.344685,4.8524637,300,0
123314.477_485086.931-Rest,2020-01-02T06:59:25.000Z,52.35277,4.922137,390,1
123732.363_486409.531-Rest,2020-01-02T06:59:33.000Z,52.364685,4.9281473,275,1
119578.830_482003.072-Rest,2020-01-02T06:59:39.000Z,52.32483,4.867633,190,1
120178.003_486228.309-Rest,2020-01-02T06:59:51.000Z,52.362843,4.875984,300,1
121841.307_485396.575-Rest,2020-01-02T07:00:37.000Z,52.35547,4.900484,855,1
119578.830_482003.072-Rest,2020-01-02T07:00:50.000Z,52.32483,4.867633,295,0
123388.296_485631.862-Rest,2020-01-02T07:01:10.000Z,52.357674,4.923169,265,1
118672.732_484243.898-Rest,2020-01-02T07:01:54.000Z,52.34491,4.8541,195,1
119323.746_484490.834-Rest,2020-01-02T07:02:11.000Z,52.34717,4.8636274,645,1
123388.296_485631.862-Rest,2020-01-02T07:02:32.000Z,52.357674,4.923169,295,0
122757.349_485608.714-Rest,2020-01-02T07:02:50.000Z,52.35743,4.91391,380,1
123859.975_486377.387-Rest,2020-01-02T07:02:53.000Z,52.364403,4.9300237,240,1
118672.732_484243.898-Rest,2020-01-02T07:03:12.000Z,52.34491,4.8541,185,0
123222.313_485204.614-Rest,2020-01-02T07:03:47.000Z,52.353825,4.920773,460,1
122757.349_485608.714-Rest,2020-01-02T07:03:53.000Z,52.35743,4.91391,80,0
120059.957_482659.797-Rest,2020-01-02T07:04:09.000Z,52.33076,4.874622,95,1
125377.270_481059.600-Rest,2020-01-02T07:04:14.000Z,52.316692,4.9527674,320,1
119605.110_481930.799-Rest,2020-01-02T07:04:44.000Z,52.32418,4.868026,620,1
120059.957_482659.797-Rest,2020-01-02T07:05:17.000Z,52.33076,4.874622,220,0
120282.558_486278.890-Rest,2020-01-02T07:05:42.000Z,52.363304,4.877514,980,1
123859.975_486377.387-Rest,2020-01-02T07:06:02.000Z,52.364403,4.9300237,35,0
118706.797_484308.211-Rest,2020-01-02T07:06:20.000Z,52.34549,4.8545933,335,1
123330.181_485245.515-Rest,2020-01-02T07:06:39.000Z,52.3542,4.9223523,505,1
123310.275_485602.141-Rest,2020-01-02T07:07:16.000Z,52.357403,4.9220266,565,1
118706.797_484308.211-Rest,2020-01-02T07:07:24.000Z,52.34549,4.8545933,65,0
119518.523_481949.642-Rest,2020-01-02T07:07:25.000Z,52.324345,4.8667536,220,1
119597.026_482668.892-Rest,2020-01-02T07:07:32.000Z,52.330814,4.86783,20,1
119387.201_484457.486-Rest,2020-01-02T07:07:55.000Z,52.346874,4.8645625,1575,1
120024.132_482610.786-Rest,2020-01-02T07:08:14.000Z,52.33032,4.874101,160,1
119518.523_481949.642-Rest,2020-01-02T07:08:36.000Z,52.324345,4.8667536,45,0
120337.098_486325.223-Rest,2020-01-02T07:08:42.000Z,52.363724,4.8783097,675,1
120024.132_482610.786-Rest,2020-01-02T07:09:32.000Z,52.33032,4.874101,60,0
120024.132_482610.786-Rest,2020-01-02T07:10:41.000Z,52.33032,4.874101,65,0
122916.578_485343.066-Rest,2020-01-02T07:10:47.000Z,52.355053,4.916272,210,1
119387.201_484457.486-Rest,2020-01-02T07:10:50.000Z,52.346874,4.8645625,630,0
123214.240_485553.256-Rest,2020-01-02T07:10:51.000Z,52.35696,4.9206214,70,1
118682.000_484397.219-Rest,2020-01-02T07:11:04.000Z,52.346287,4.85422,405,1
119387.201_484457.486-Rest,2020-01-02T07:11:18.000Z,52.346874,4.8645625,0,0
120200.877_486258.802-Rest,2020-01-02T07:11:33.000Z,52.363117,4.876317,90,1
123214.240_485553.256-Rest,2020-01-02T07:12:03.000Z,52.35696,4.9206214,100,0
118682.000_484397.219-Rest,2020-01-02T07:12:05.000Z,52.346287,4.85422,195,0
119445.651_481925.323-Rest,2020-01-02T07:12:57.000Z,52.324123,4.8656874,95,1
123214.240_485553.256-Rest,2020-01-02T07:13:16.000Z,52.35696,4.9206214,215,0
123006.957_485387.761-Rest,2020-01-02T07:13:49.000Z,52.355457,4.917595,200,1
119959.563_482660.157-Rest,2020-01-02T07:14:27.000Z,52.33076,4.873149,120,1
123223.300_485343.011-Rest,2020-01-02T07:15:08.000Z,52.35507,4.9207745,105,1
119959.563_482660.157-Rest,2020-01-02T07:15:41.000Z,52.33076,4.873149,155,0
123711.576_486188.898-Rest,2020-01-02T07:15:57.000Z,52.3627,4.9278626,310,1
123075.477_485419.208-Rest,2020-01-02T07:16:23.000Z,52.355747,4.918597,435,1
119382.562_481974.779-Rest,2020-01-02T07:16:34.000Z,52.324562,4.8647566,185,1
123141.126_485520.406-Rest,2020-01-02T07:17:24.000Z,52.35666,4.9195514,205,1
119411.360_484355.580-Rest,2020-01-02T07:17:59.000Z,52.345963,4.864928,330,1
119923.973_482613.214-Rest,2020-01-02T07:18:27.000Z,52.330334,4.8726315,210,1
123141.126_485520.406-Rest,2020-01-02T07:18:41.000Z,52.35666,4.9195514,380,0
119382.562_481974.779-Rest,2020-01-02T07:18:43.000Z,52.324562,4.8647566,635,0
123661.685_486181.991-Rest,2020-01-02T07:18:49.000Z,52.362637,4.9271307,445,1
118374.028_488449.305-Rest,2020-01-02T07:19:35.000Z,52.382683,4.849259,160,1
119923.973_482613.214-Rest,2020-01-02T07:19:35.000Z,52.330334,4.8726315,100,0
123163.424_485458.581-Rest,2020-01-02T07:20:46.000Z,52.356106,4.9198847,350,1
119923.973_482613.214-Rest,2020-01-02T07:20:51.000Z,52.330334,4.8726315,160,0
119188.815_481770.929-Rest,2020-01-02T07:20:52.000Z,52.32272,4.8619366,30,1
123693.981_490346.788-Rest,2020-01-02T07:21:04.000Z,52.400066,4.927217,115,1
123018.299_485117.970-Rest,2020-01-02T07:22:26.000Z,52.353035,4.9177866,395,1
123061.327_485483.472-Rest,2020-01-02T07:22:29.000Z,52.356323,4.9183836,325,1
123061.327_485483.472-Rest,2020-01-02T07:23:53.000Z,52.356323,4.9183836,200,0
119858.791_482660.698-Rest,2020-01-02T07:24:02.000Z,52.330757,4.8716707,190,1
118413.346_488405.719-Rest,2020-01-02T07:24:08.000Z,52.382294,4.849841,140,1
123257.392_485501.641-Rest,2020-01-02T07:24:12.000Z,52.3565,4.92126,235,1
123099.754_485197.903-Rest,2020-01-02T07:25:23.000Z,52.35376,4.918975,215,1
121052.293_484711.238-Rest,2020-01-02T07:25:37.000Z,52.349262,4.8889723,845,1
119858.791_482660.698-Rest,2020-01-02T07:25:46.000Z,52.330757,4.8716707,95,0
118369.631_484878.326-Rest,2020-01-02T07:25:50.000Z,52.35059,4.8495836,585,1
123463.408_486115.252-Rest,2020-01-02T07:26:37.000Z,52.362022,4.9242263,390,1
121052.293_484711.238-Rest,2020-01-02T07:27:19.000Z,52.349262,4.8889723,690,0
123346.875_485542.159-Rest,2020-01-02T07:27:27.000Z,52.356865,4.9225698,295,1
122971.363_485442.486-Rest,2020-01-02T07:27:31.000Z,52.35595,4.917067,350,1
118369.631_484878.326-Rest,2020-01-02T07:27:34.000Z,52.35059,4.8495836,755,0
123064.254_485217.254-Rest,2020-01-02T07:27:50.000Z,52.35393,4.918452,480,1
119824.033_482612.444-Rest,2020-01-02T07:28:39.000Z,52.330322,4.8711658,175,1
122971.363_485442.486-Rest,2020-01-02T07:28:53.000Z,52.35595,4.917067,180,0
119542.737_484164.293-Rest,2020-01-02T07:29:22.000Z,52.34425,4.8668756,465,1
119824.033_482612.444-Rest,2020-01-02T07:29:44.000Z,52.330322,4.8711658,115,0
121198.593_484671.039-Rest,2020-01-02T07:30:47.000Z,52.34891,4.8911233,5,1
119824.033_482612.444-Rest,2020-01-02T07:30:49.000Z,52.330322,4.8711658,180,0
124310.433_490331.988-Rest,2020-01-02T07:31:15.000Z,52.399967,4.9362755,30,1
123473.501_485600.174-Rest,2020-01-02T07:31:38.000Z,52.357395,4.9244227,530,1
122895.293_485408.000-Rest,2020-01-02T07:32:37.000Z,52.355633,4.9159536,205,1
118637.534_484915.540-Rest,2020-01-02T07:33:19.000Z,52.350945,4.8535113,565,1
119423.930_484220.427-Rest,2020-01-02T07:33:49.000Z,52.34475,4.865126,420,1
122895.293_485408.000-Rest,2020-01-02T07:33:58.000Z,52.355633,4.9159536,170,0
119721.108_482705.504-Rest,2020-01-02T07:34:23.000Z,52.33115,4.869646,235,1
119721.108_482705.504-Rest,2020-01-02T07:35:51.000Z,52.33115,4.869646,120,0
123002.037_485214.742-Rest,2020-01-02T07:37:00.000Z,52.353905,4.917539,215,1
122780.758_485348.468-Rest,2020-01-02T07:38:00.000Z,52.35509,4.9142785,165,1
119726.375_482612.888-Rest,2020-01-02T07:39:13.000Z,52.33032,4.869733,205,1
118600.016_488261.313-Rest,2020-01-02T07:39:41.000Z,52.381012,4.8525987,115,1
122780.758_485348.468-Rest,2020-01-02T07:39:54.000Z,52.35509,4.9142785,300,0
125000.416_489154.009-Rest,2020-01-02T07:39:55.000Z,52.38942,4.946519,2570,1
119726.375_482612.888-Rest,2020-01-02T07:40:18.000Z,52.33032,4.869733,130,0
118962.423_484242.405-Rest,2020-01-02T07:41:16.000Z,52.344913,4.8583517,865,1
122987.666_485251.290-Rest,2020-01-02T07:41:16.000Z,52.354233,4.9173245,240,1
119726.375_482612.888-Rest,2020-01-02T07:41:26.000Z,52.33032,4.869733,150,0
120006.799_485399.027-Rest,2020-01-02T07:42:23.000Z,52.355377,4.873557,50,1
122720.406_485389.170-Rest,2020-01-02T07:43:59.000Z,52.355453,4.9133887,95,1
121846.243_485471.685-Rest,2020-01-02T07:44:40.000Z,52.356144,4.9005494,635,1
119291.628_482316.963-Rest,2020-01-02T07:44:51.000Z,52.327633,4.8633866,10,1
122720.406_485389.170-Rest,2020-01-02T07:45:15.000Z,52.355453,4.9133887,95,0
121846.243_485471.685-Rest,2020-01-02T07:45:41.000Z,52.356144,4.9005494,565,0
118564.330_488217.519-Rest,2020-01-02T07:46:36.000Z,52.380615,4.852079,105,1
119300.035_482200.464-Rest,2020-01-02T07:47:54.000Z,52.326584,4.8635225,195,1
119053.472_484270.860-Rest,2020-01-02T07:48:21.000Z,52.345177,4.8596845,335,1
121956.128_485522.031-Rest,2020-01-02T07:48:24.000Z,52.356606,4.9021573,475,1
125116.632_489316.013-Rest,2020-01-02T07:49:03.000Z,52.390884,4.9482117,2815,1
121956.128_485522.031-Rest,2020-01-02T07:49:30.000Z,52.356606,4.9021573,565,0
120332.270_485802.321-Rest,2020-01-02T07:49:41.000Z,52.359024,4.8782926,225,1
119053.472_484270.860-Rest,2020-01-02T07:50:10.000Z,52.345177,4.8596845,435,0
122593.584_490937.981-Rest,2020-01-02T07:50:38.000Z,52.405315,4.9109917,2800,1
119446.944_482245.897-Rest,2020-01-02T07:51:44.000Z,52.327003,4.8656726,265,1
119295.081_482757.413-Rest,2020-01-02T07:51:45.000Z,52.331593,4.863391,120,1
119295.081_482757.413-Rest,2020-01-02T07:53:00.000Z,52.331593,4.863391,80,0
119446.944_482245.897-Rest,2020-01-02T07:53:48.000Z,52.327003,4.8656726,805,0
120446.433_485850.884-Rest,2020-01-02T07:54:00.000Z,52.359467,4.8799634,250,1
120446.433_485850.884-Rest,2020-01-02T07:55:32.000Z,52.359467,4.8799634,250,0
122782.647_484805.903-Rest,2020-01-02T07:55:34.000Z,52.350216,4.914358,175,1
119304.477_484322.012-Rest,2020-01-02T07:55:44.000Z,52.345654,4.863363,515,1
122116.609_485521.597-Rest,2020-01-02T07:56:08.000Z,52.35661,4.904513,750,1
124727.245_489566.262-Rest,2020-01-02T07:56:34.000Z,52.39311,4.942469,2490,1
118448.202_488174.427-Rest,2020-01-02T07:56:39.000Z,52.38022,4.8503785,245,1
123081.500_490845.828-Rest,2020-01-02T07:57:19.000Z,52.40452,4.9181705,2675,1
122805.789_484724.670-Rest,2020-01-02T07:57:38.000Z,52.349487,4.9147053,20,1
119304.477_484322.012-Rest,2020-01-02T07:59:14.000Z,52.345654,4.863363,355,0
120646.662_485936.001-Rest,2020-01-02T07:59:48.000Z,52.360245,4.882894,295,1
122024.635_485484.872-Rest,2020-01-02T08:00:02.000Z,52.356274,4.903167,600,1
122680.359_484652.367-Rest,2020-01-02T08:00:27.000Z,52.34883,4.9128714,540,1
122024.635_485484.872-Rest,2020-01-02T08:01:07.000Z,52.356274,4.903167,790,0
120646.662_485936.001-Rest,2020-01-02T08:01:41.000Z,52.360245,4.882894,385,0
122658.921_484780.867-Rest,2020-01-02T08:02:40.000Z,52.349983,4.9125447,410,1
124658.630_489422.349-Rest,2020-01-02T08:02:55.000Z,52.39181,4.941474,2780,1
122041.201_485421.029-Rest,2020-01-02T08:04:30.000Z,52.3557,4.903416,1045,1
122612.669_484868.512-Rest,2020-01-02T08:05:42.000Z,52.35077,4.911857,130,1
120811.588_485433.345-Rest,2020-01-02T08:08:16.000Z,52.355736,4.8853664,30,1
120811.588_485433.345-Rest,2020-01-02T08:09:25.000Z,52.355736,4.8853664,325,0
122925.316_484934.650-Rest,2020-01-02T08:17:04.000Z,52.351383,4.9164395,275,1
124467.356_487116.507-Rest,2020-01-02T08:18:39.000Z,52.37108,4.938874,455,1
124467.356_487116.507-Rest,2020-01-02T08:19:30.000Z,52.37108,4.938874,250,0
122969.327_484895.785-Rest,2020-01-02T08:20:50.000Z,52.351036,4.917089,340,1
124644.731_487131.046-Rest,2020-01-02T08:23:47.000Z,52.37122,4.941477,345,1
122951.783_484991.999-Rest,2020-01-02T08:26:08.000Z,52.3519,4.9168224,345,1
123623.874_486232.200-Rest,2020-01-02T08:26:45.000Z,52.363083,4.926571,455,1
124779.054_487149.634-Rest,2020-01-02T08:26:59.000Z,52.371395,4.9434476,380,1
123623.874_486232.200-Rest,2020-01-02T08:27:54.000Z,52.363083,4.926571,165,0
120684.788_485183.523-Rest,2020-01-02T08:28:14.000Z,52.353485,4.8835306,460,1
122957.785_485078.897-Rest,2020-01-02T08:28:51.000Z,52.35268,4.9169025,300,1
122785.955_485419.292-Rest,2020-01-02T08:30:21.000Z,52.35573,4.9143476,330,1
122922.801_485158.146-Rest,2020-01-02T08:31:25.000Z,52.35339,4.9163814,235,1
122785.955_485419.292-Rest,2020-01-02T08:31:51.000Z,52.35573,4.9143476,280,0
120802.208_485213.397-Rest,2020-01-02T08:32:39.000Z,52.35376,4.885251,595,1
125182.962_487153.358-Rest,2020-01-02T08:33:29.000Z,52.37145,4.949378,305,1
122952.089_485121.921-Rest,2020-01-02T08:33:52.000Z,52.353065,4.916815,265,1
122851.555_485448.944-Rest,2020-01-02T08:35:23.000Z,52.356,4.915308,315,1
123863.365_486309.473-Rest,2020-01-02T08:35:26.000Z,52.363792,4.93008,440,1
122901.806_485099.297-Rest,2020-01-02T08:36:29.000Z,52.35286,4.9160786,250,1
124779.054_487149.634-Rest,2020-01-02T08:36:56.000Z,52.371395,4.9434476,455,0
122901.806_485099.297-Rest,2020-01-02T08:37:46.000Z,52.35286,4.9160786,255,0
123876.654_486088.527-Rest,2020-01-02T08:38:31.000Z,52.36181,4.9302955,410,1
122906.093_485474.195-Rest,2020-01-02T08:38:38.000Z,52.35623,4.9161057,425,1
122831.242_485126.574-Rest,2020-01-02T08:39:58.000Z,52.3531,4.9150405,290,1
124459.248_487305.689-Rest,2020-01-02T08:40:47.000Z,52.37278,4.9387374,390,1
123777.513_486048.637-Rest,2020-01-02T08:41:33.000Z,52.361443,4.9288435,480,1
125001.606_482001.476-Rest,2020-01-02T08:43:06.000Z,52.325138,4.947174,105,1
121873.717_485413.172-Rest,2020-01-02T08:43:42.000Z,52.35562,4.9009585,810,1
123031.870_485532.118-Rest,2020-01-02T08:43:55.000Z,52.35676,4.917947,395,1
124617.446_487333.306-Rest,2020-01-02T08:43:59.000Z,52.373035,4.9410577,660,1
123715.901_486024.816-Rest,2020-01-02T08:44:42.000Z,52.361225,4.9279413,450,1
121873.717_485413.172-Rest,2020-01-02T08:45:15.000Z,52.35562,4.9009585,565,0
123031.870_485532.118-Rest,2020-01-02T08:45:17.000Z,52.35676,4.917947,410,0
124648.138_487316.196-Rest,2020-01-02T08:45:53.000Z,52.372883,4.94151,205,1
125001.935_481902.335-Rest,2020-01-02T08:46:22.000Z,52.324245,4.947188,330,1
124648.138_487316.196-Rest,2020-01-02T08:46:42.000Z,52.372883,4.94151,335,0
123061.907_485345.344-Rest,2020-01-02T08:46:47.000Z,52.35508,4.918405,285,1
121770.380_485528.472-Rest,2020-01-02T08:48:33.000Z,52.35665,4.8994303,705,1
123084.054_485300.201-Rest,2020-01-02T08:49:07.000Z,52.354675,4.9187346,320,1
123133.374_485577.603-Rest,2020-01-02T08:49:54.000Z,52.357174,4.919432,940,1
124909.704_487332.973-Rest,2020-01-02T08:50:09.000Z,52.37305,4.945349,425,1
123531.208_485944.370-Rest,2020-01-02T08:51:32.000Z,52.360493,4.9252377,725,1
119585.362_484672.248-Rest,2020-01-02T08:51:33.000Z,52.34882,4.867448,50,1
121683.021_485391.078-Rest,2020-01-02T08:53:00.000Z,52.35541,4.8981614,995,1
125147.482_487462.828-Rest,2020-01-02T08:53:25.000Z,52.37423,4.948829,255,1
123481.807_486056.035-Rest,2020-01-02T08:54:34.000Z,52.361492,4.924502,280,1
123216.296_485613.027-Rest,2020-01-02T08:54:41.000Z,52.357494,4.920646,300,1
121416.549_491839.065-Rest,2020-01-02T08:55:02.000Z,52.413345,4.8936057,2715,1
122811.862_485052.146-Rest,2020-01-02T08:55:09.000Z,52.352432,4.914763,225,1
121416.549_491839.065-Rest,2020-01-02T08:55:15.000Z,52.413345,4.8936057,2700,0
118522.110_488125.322-Rest,2020-01-02T08:55:50.000Z,52.379784,4.851469,215,1
123216.296_485613.027-Rest,2020-01-02T08:55:52.000Z,52.357494,4.920646,195,0
124663.511_487399.405-Rest,2020-01-02T08:56:54.000Z,52.373634,4.941728,360,1
121237.880_484750.254-Rest,2020-01-02T08:56:59.000Z,52.349625,4.891692,840,1
121738.243_485272.953-Rest,2020-01-02T08:57:19.000Z,52.35435,4.898984,670,1
122807.846_484956.974-Rest,2020-01-02T08:57:29.000Z,52.351578,4.9147134,300,1
123555.559_486074.837-Rest,2020-01-02T08:57:57.000Z,52.361668,4.925583,850,1
124663.511_487399.405-Rest,2020-01-02T08:58:06.000Z,52.373634,4.941728,430,0
122807.846_484956.974-Rest,2020-01-02T08:58:20.000Z,52.351578,4.9147134,230,0
119956.233_486590.143-Rest,2020-01-02T08:59:22.000Z,52.366077,4.8726907,970,1
123492.979_485733.038-Rest,2020-01-02T08:59:57.000Z,52.35859,4.9246964,285,1
119956.233_486590.143-Rest,2020-01-02T09:00:37.000Z,52.366077,4.8726907,865,0
121246.287_491957.901-Rest,2020-01-02T09:00:45.000Z,52.414402,4.8910913,2635,1
122897.241_484955.751-Rest,2020-01-02T09:00:54.000Z,52.35157,4.9160256,340,1
118678.058_488180.869-Rest,2020-01-02T09:01:18.000Z,52.38029,4.853753,275,1
121124.786_484621.958-Rest,2020-01-02T09:01:36.000Z,52.348465,4.890045,455,1
123640.357_486104.695-Rest,2020-01-02T09:01:54.000Z,52.36194,4.926825,420,1
118443.429_484992.043-Rest,2020-01-02T09:02:49.000Z,52.35162,4.850654,310,1
123538.570_485752.437-Rest,2020-01-02T09:02:54.000Z,52.35877,4.9253635,210,1
118443.429_484992.043-Rest,2020-01-02T09:04:15.000Z,52.35162,4.850654,530,0
119597.026_482668.892-Rest,2020-01-02T09:04:19.000Z,52.330814,4.86783,15,0
121562.792_484880.028-Rest,2020-01-02T09:04:34.000Z,52.35081,4.8964477,830,1
123697.383_486068.628-Rest,2020-01-02T09:05:04.000Z,52.361618,4.927665,465,1
118646.495_488146.396-Rest,2020-01-02T09:05:42.000Z,52.379982,4.8532934,265,1
121062.972_491851.810-Rest,2020-01-02T09:06:22.000Z,52.413437,4.8884077,2730,1
121127.483_484868.593-Rest,2020-01-02T09:06:30.000Z,52.35068,4.89006,980,1
123086.533_484233.521-Rest,2020-01-02T09:06:32.000Z,52.34509,4.9188724,105,1
119597.026_482668.892-Rest,2020-01-02T09:06:55.000Z,52.330814,4.86783,90,0
121664.308_484904.856-Rest,2020-01-02T09:08:00.000Z,52.35104,4.897935,850,1
119597.026_482668.892-Rest,2020-01-02T09:08:03.000Z,52.330814,4.86783,235,0
122864.890_485969.870-Rest,2020-01-02T09:09:52.000Z,52.360683,4.915454,390,1
119859.248_486665.405-Rest,2020-01-02T09:10:01.000Z,52.36675,4.871259,1045,1
120980.492_484853.972-Rest,2020-01-02T09:10:09.000Z,52.35054,4.887904,420,1
123745.598_486086.949-Rest,2020-01-02T09:10:25.000Z,52.361786,4.9283714,360,1
121582.248_484973.414-Rest,2020-01-02T09:10:42.000Z,52.35165,4.8967237,360,1
120894.414_492936.399-Rest,2020-01-02T09:10:53.000Z,52.423172,4.88582,2760,1
122864.890_485969.870-Rest,2020-01-02T09:11:06.000Z,52.360683,4.915454,175,0
120980.492_484853.972-Rest,2020-01-02T09:11:15.000Z,52.35054,4.887904,395,0
123170.135_483612.114-Rest,2020-01-02T09:11:52.000Z,52.33951,4.920158,85,1
119192.802_482665.186-Rest,2020-01-02T09:12:58.000Z,52.330753,4.8619,65,1
119192.802_482665.186-Rest,2020-01-02T09:13:54.000Z,52.330753,4.8619,105,0
122777.490_485950.781-Rest,2020-01-02T09:14:06.000Z,52.360504,4.9141726,405,1
123886.445_486139.049-Rest,2020-01-02T09:14:13.000Z,52.362263,4.930434,225,1
120921.969_484894.435-Rest,2020-01-02T09:14:55.000Z,52.3509,4.887041,345,1
117015.733_487394.613-Rest,2020-01-02T09:16:12.000Z,52.373116,4.829429,115,1
119049.123_482672.734-Rest,2020-01-02T09:16:41.000Z,52.330814,4.8597913,70,1
122699.849_485927.563-Rest,2020-01-02T09:17:31.000Z,52.360294,4.913035,395,1
122982.331_483599.949-Rest,2020-01-02T09:17:35.000Z,52.33939,4.917403,65,1
118571.630_485426.537-Rest,2020-01-02T09:17:41.000Z,52.35553,4.852489,470,1
119049.123_482672.734-Rest,2020-01-02T09:17:46.000Z,52.330814,4.8597913,90,0
123849.400_486024.221-Rest,2020-01-02T09:18:39.000Z,52.36123,4.929901,150,1
122699.849_485927.563-Rest,2020-01-02T09:18:49.000Z,52.360294,4.913035,140,0
119774.569_486869.262-Rest,2020-01-02T09:19:09.000Z,52.368576,4.8699946,150,1
118832.658_485318.132-Rest,2020-01-02T09:19:55.000Z,52.354576,4.856332,320,1
118971.156_482675.493-Rest,2020-01-02T09:20:35.000Z,52.330833,4.8586473,65,1
123156.631_483503.209-Rest,2020-01-02T09:20:45.000Z,52.33853,4.91997,70,1
118832.658_485318.132-Rest,2020-01-02T09:21:16.000Z,52.354576,4.856332,180,0
124583.736_490424.596-Rest,2020-01-02T09:21:17.000Z,52.400818,4.940283,2825,1
118971.156_482675.493-Rest,2020-01-02T09:21:27.000Z,52.330833,4.8586473,130,0
121194.413_484941.418-Rest,2020-01-02T09:21:27.000Z,52.351337,4.891035,715,1
123696.634_485962.481-Rest,2020-01-02T09:21:58.000Z,52.360664,4.9276643,245,1
118973.768_482810.309-Rest,2020-01-02T09:24:10.000Z,52.332047,4.858671,75,1
123270.968_484716.696-Rest,2020-01-02T09:24:32.000Z,52.34944,4.921533,115,1
117102.126_487312.380-Rest,2020-01-02T09:24:37.000Z,52.37238,4.830707,95,1
123631.655_485936.272-Rest,2020-01-02T09:24:37.000Z,52.360424,4.926713,215,1
118973.768_482810.309-Rest,2020-01-02T09:25:18.000Z,52.332047,4.858671,225,0
123270.968_484716.696-Rest,2020-01-02T09:25:28.000Z,52.34944,4.921533,120,0
118330.290_487994.161-Rest,2020-01-02T09:25:56.000Z,52.37859,4.848666,385,1
123270.968_484716.696-Rest,2020-01-02T09:26:36.000Z,52.34944,4.921533,285,0
124968.357_490453.285-Rest,2020-01-02T09:26:37.000Z,52.401096,4.9459314,2570,1
121805.326_484504.157-Rest,2020-01-02T09:27:03.000Z,52.347446,4.9000444,185,1
121928.032_483921.708-Rest,2020-01-02T09:27:26.000Z,52.34222,4.901902,210,1
122804.596_485887.913-Rest,2020-01-02T09:28:07.000Z,52.359943,4.9145765,160,1
121805.326_484504.157-Rest,2020-01-02T09:28:31.000Z,52.347446,4.9000444,245,0
123466.020_486382.334-Rest,2020-01-02T09:29:25.000Z,52.364426,4.9242396,390,1
121940.703_483947.072-Rest,2020-01-02T09:30:17.000Z,52.34245,4.902086,115,1
122882.124_485905.601-Rest,2020-01-02T09:30:52.000Z,52.360107,4.915713,290,1
121577.372_492688.930-Rest,2020-01-02T09:31:56.000Z,52.42099,4.8958845,2870,1
121946.111_484011.224-Rest,2020-01-02T09:33:30.000Z,52.343025,4.9021587,285,1
122867.404_485824.579-Rest,2020-01-02T09:34:11.000Z,52.359375,4.9155045,220,1
124498.392_490698.987-Rest,2020-01-02T09:34:20.000Z,52.40328,4.939004,2765,1
118212.941_488190.276-Rest,2020-01-02T09:35:21.000Z,52.380344,4.8469214,155,1
118907.906_482930.925-Rest,2020-01-02T09:35:52.000Z,52.333126,4.8576922,35,1
123652.512_483976.655-Rest,2020-01-02T09:36:03.000Z,52.34282,4.9272165,595,1
117606.327_486226.601-Rest,2020-01-02T09:36:30.000Z,52.362656,4.838231,105,1
118907.906_482930.925-Rest,2020-01-02T09:36:59.000Z,52.333126,4.8576922,110,0
121916.240_484085.133-Rest,2020-01-02T09:37:02.000Z,52.34369,4.901713,190,1
124601.901_487387.736-Rest,2020-01-02T09:37:28.000Z,52.373524,4.9408245,335,1
118887.306_484928.437-Rest,2020-01-02T09:37:46.000Z,52.351074,4.857176,345,1
118887.306_484928.437-Rest,2020-01-02T09:38:26.000Z,52.351074,4.857176,295,0
121860.082_492708.986-Rest,2020-01-02T09:38:50.000Z,52.42119,4.9000382,2645,1
121916.240_484085.133-Rest,2020-01-02T09:39:41.000Z,52.34369,4.901713,230,0
123361.793_484037.014-Rest,2020-01-02T09:39:50.000Z,52.34334,4.92293,90,1
121916.240_484085.133-Rest,2020-01-02T09:40:39.000Z,52.34369,4.901713,305,0
124765.428_487440.640-Rest,2020-01-02T09:40:53.000Z,52.37401,4.943221,315,1
118806.165_482965.350-Rest,2020-01-02T09:40:55.000Z,52.333427,4.856196,125,1
124539.683_490581.510-Rest,2020-01-02T09:41:49.000Z,52.402225,4.9396214,2745,1
119021.092_484989.587-Rest,2020-01-02T09:41:57.000Z,52.351635,4.859133,460,1
122752.058_485787.982-Rest,2020-01-02T09:42:00.000Z,52.35904,4.913815,120,1
118806.165_482965.350-Rest,2020-01-02T09:42:04.000Z,52.333427,4.856196,105,0
122752.058_485787.982-Rest,2020-01-02T09:43:10.000Z,52.35904,4.913815,155,0
117680.070_487439.123-Rest,2020-01-02T09:44:46.000Z,52.373558,4.839179,635,1
118872.288_482969.537-Rest,2020-01-02T09:44:54.000Z,52.33347,4.8571653,45,1
123527.221_484192.374-Rest,2020-01-02T09:45:36.000Z,52.344746,4.925343,90,1
118872.288_482969.537-Rest,2020-01-02T09:46:00.000Z,52.33347,4.8571653,225,0
124995.801_487537.485-Rest,2020-01-02T09:46:41.000Z,52.374893,4.946595,360,1
119290.677_485094.125-Rest,2020-01-02T09:46:56.000Z,52.352592,4.863078,415,1
122005.566_484244.623-Rest,2020-01-02T09:47:47.000Z,52.345127,4.9030085,290,1
118872.567_482879.761-Rest,2020-01-02T09:48:34.000Z,52.332664,4.857179,105,1
122719.209_485836.181-Rest,2020-01-02T09:48:41.000Z,52.359474,4.913328,430,1
125115.830_487557.831-Rest,2020-01-02T09:48:55.000Z,52.37508,4.948356,425,1
117676.520_485168.773-Rest,2020-01-02T09:49:25.000Z,52.353153,4.839379,540,1
118872.567_482879.761-Rest,2020-01-02T09:50:26.000Z,52.332664,4.857179,845,0
119153.377_485038.628-Rest,2020-01-02T09:50:49.000Z,52.352085,4.861069,490,1
125098.225_487499.133-Rest,2020-01-02T09:51:34.000Z,52.374554,4.948103,190,1
119153.377_485038.628-Rest,2020-01-02T09:52:09.000Z,52.352085,4.861069,110,0
118872.897_482821.561-Rest,2020-01-02T09:52:31.000Z,52.332138,4.85719,105,1
122769.011_485732.941-Rest,2020-01-02T09:53:16.000Z,52.358547,4.914069,55,1
118872.897_482821.561-Rest,2020-01-02T09:53:42.000Z,52.332138,4.85719,215,0
122769.011_485732.941-Rest,2020-01-02T09:54:25.000Z,52.358547,4.914069,165,0
118136.653_488213.002-Rest,2020-01-02T09:54:56.000Z,52.380547,4.8457985,110,1
124989.909_487480.330-Rest,2020-01-02T09:55:20.000Z,52.37438,4.946514,1040,1
124932.271_482031.499-Rest,2020-01-02T09:56:14.000Z,52.325405,4.9461546,320,1
118848.479_482791.163-Rest,2020-01-02T09:56:19.000Z,52.331863,4.8568354,220,1
124989.909_487480.330-Rest,2020-01-02T09:56:51.000Z,52.37438,4.946514,490,0
118848.479_482791.163-Rest,2020-01-02T09:57:34.000Z,52.331863,4.8568354,110,0
117454.040_485463.066-Rest,2020-01-02T09:57:37.000Z,52.355785,4.8360806,755,1
122616.070_485671.280-Rest,2020-01-02T09:58:49.000Z,52.357983,4.91183,180,1
124927.945_481950.327-Rest,2020-01-02T09:58:57.000Z,52.324673,4.9460983,255,1
122616.070_485671.280-Rest,2020-01-02T10:00:11.000Z,52.357983,4.91183,105,0
124894.220_487418.623-Rest,2020-01-02T10:00:19.000Z,52.373817,4.9451146,155,1
118883.764_482585.820-Rest,2020-01-02T10:01:05.000Z,52.33002,4.857375,10,1
124894.220_487418.623-Rest,2020-01-02T10:01:22.000Z,52.373817,4.9451146,490,0
118883.764_482585.820-Rest,2020-01-02T10:02:16.000Z,52.33002,4.857375,220,0
116745.076_485841.395-Rest,2020-01-02T10:03:05.000Z,52.359135,4.8256316,75,1
119461.279_485097.597-Rest,2020-01-02T10:03:45.000Z,52.352634,4.865582,480,1
122009.315_483941.235-Rest,2020-01-02T10:04:59.000Z,52.3424,4.903093,310,1
118884.072_482459.713-Rest,2020-01-02T10:05:16.000Z,52.328888,4.8573933,140,1
124670.091_481808.144-Rest,2020-01-02T10:05:37.000Z,52.323383,4.942329,205,1
124983.014_487398.047-Rest,2020-01-02T10:05:42.000Z,52.37364,4.94642,475,1
118224.884_487977.705-Rest,2020-01-02T10:05:45.000Z,52.378437,4.8471203,375,1
122009.315_483941.235-Rest,2020-01-02T10:06:30.000Z,52.3424,4.903093,200,0
124983.014_487398.047-Rest,2020-01-02T10:06:40.000Z,52.37364,4.94642,20,0
118884.072_482459.713-Rest,2020-01-02T10:06:55.000Z,52.328888,4.8573933,115,0
116461.015_485804.810-Rest,2020-01-02T10:07:11.000Z,52.358788,4.821466,60,1
118224.884_487977.705-Rest,2020-01-02T10:07:19.000Z,52.378437,4.8471203,130,0
123632.700_485919.935-Rest,2020-01-02T10:07:31.000Z,52.36028,4.9267297,475,1
125019.514_483874.994-Rest,2020-01-02T10:08:27.000Z,52.341976,4.94727,370,1
118884.072_482459.713-Rest,2020-01-02T10:08:34.000Z,52.328888,4.8573933,150,0
124656.441_481732.340-Rest,2020-01-02T10:08:47.000Z,52.3227,4.9421353,425,1
122001.930_483871.243-Rest,2020-01-02T10:09:26.000Z,52.34177,4.9029913,230,1
124898.715_487382.508-Rest,2020-01-02T10:10:15.000Z,52.373493,4.9451838,230,1
125019.514_483874.994-Rest,2020-01-02T10:10:16.000Z,52.341976,4.94727,175,0
123733.719_485960.730-Rest,2020-01-02T10:10:28.000Z,52.36065,4.928209,415,1
124599.009_481768.428-Rest,2020-01-02T10:11:11.000Z,52.32302,4.94129,145,1
115999.771_485605.900-Rest,2020-01-02T10:11:59.000Z,52.356968,4.8147182,150,1
124740.873_487354.503-Rest,2020-01-02T10:12:34.000Z,52.373234,4.942868,480,1
121995.528_483785.850-Rest,2020-01-02T10:12:58.000Z,52.341003,4.902906,185,1
123880.413_486004.585-Rest,2020-01-02T10:13:18.000Z,52.361053,4.9303584,245,1
118883.623_482224.491-Rest,2020-01-02T10:13:19.000Z,52.326775,4.857412,280,1
124549.098_481681.498-Rest,2020-01-02T10:13:20.000Z,52.32224,4.9405656,130,1
121995.528_483785.850-Rest,2020-01-02T10:13:58.000Z,52.341003,4.902906,175,0
119656.627_485363.794-Rest,2020-01-02T10:14:30.000Z,52.355038,4.868421,345,1
118883.623_482224.491-Rest,2020-01-02T10:14:42.000Z,52.326775,4.857412,75,0
124920.404_483867.907-Rest,2020-01-02T10:15:22.000Z,52.341908,4.9458165,490,1
118883.623_482224.491-Rest,2020-01-02T10:15:48.000Z,52.326775,4.857412,225,0
124625.600_481632.678-Rest,2020-01-02T10:15:56.000Z,52.321804,4.941692,245,1
122948.028_489134.969-Rest,2020-01-02T10:16:24.000Z,52.389133,4.9163723,2755,1
122051.766_483777.491-Rest,2020-01-02T10:17:27.000Z,52.34093,4.903732,5,1
123717.862_485872.802-Rest,2020-01-02T10:18:01.000Z,52.35986,4.927984,795,1
124347.512_487725.912-Rest,2020-01-02T10:18:02.000Z,52.37655,4.9370584,425,1
123437.197_484995.554-Rest,2020-01-02T10:18:08.000Z,52.35196,4.9239464,250,1
122051.766_483777.491-Rest,2020-01-02T10:18:22.000Z,52.34093,4.903732,215,0
124741.603_481696.695-Rest,2020-01-02T10:18:24.000Z,52.322384,4.943388,225,1
118883.838_482067.797-Rest,2020-01-02T10:18:25.000Z,52.325367,4.857432,155,1
124816.366_483768.140-Rest,2020-01-02T10:18:55.000Z,52.341007,4.9442987,180,1
124347.512_487725.912-Rest,2020-01-02T10:19:01.000Z,52.37655,4.9370584,420,0
116004.300_484658.750-Rest,2020-01-02T10:19:36.000Z,52.348454,4.8148947,75,1
118883.838_482067.797-Rest,2020-01-02T10:19:55.000Z,52.325367,4.857432,125,0
123717.862_485872.802-Rest,2020-01-02T10:20:03.000Z,52.35986,4.927984,710,0
122035.413_484690.905-Rest,2020-01-02T10:20:15.000Z,52.34914,4.9034023,800,1
124347.512_487725.912-Rest,2020-01-02T10:20:16.000Z,52.37655,4.9370584,435,0
122065.754_483936.371-Rest,2020-01-02T10:21:35.000Z,52.342358,4.9039216,255,1
118882.828_481928.981-Rest,2020-01-02T10:22:16.000Z,52.32412,4.857432,215,1
124789.174_481630.282-Rest,2020-01-02T10:22:17.000Z,52.32179,4.9440913,225,1
124662.988_483794.348-Rest,2020-01-02T10:22:57.000Z,52.341232,4.9420457,310,1
122065.754_483936.371-Rest,2020-01-02T10:23:00.000Z,52.342358,4.9039216,190,0
118882.828_481928.981-Rest,2020-01-02T10:23:25.000Z,52.32412,4.857432,80,0
123607.232_485853.758-Rest,2020-01-02T10:23:31.000Z,52.35968,4.926362,280,1
124662.988_483794.348-Rest,2020-01-02T10:23:58.000Z,52.341232,4.9420457,270,0
118882.828_481928.981-Rest,2020-01-02T10:24:08.000Z,52.32412,4.857432,45,0
123243.607_488781.798-Rest,2020-01-02T10:25:38.000Z,52.385975,4.9207478,2000,1
121693.486_484612.620-Rest,2020-01-02T10:26:02.000Z,52.348415,4.898392,840,1
122132.003_483925.888-Rest,2020-01-02T10:26:37.000Z,52.34227,4.904895,175,1
118881.463_481787.180-Rest,2020-01-02T10:27:40.000Z,52.322845,4.857427,200,1
122132.003_483925.888-Rest,2020-01-02T10:27:46.000Z,52.34227,4.904895,300,0
124563.627_483744.202-Rest,2020-01-02T10:27:52.000Z,52.340775,4.9405923,115,1
118881.463_481787.180-Rest,2020-01-02T10:28:48.000Z,52.322845,4.857427,225,0
124563.627_483744.202-Rest,2020-01-02T10:29:14.000Z,52.340775,4.9405923,215,0
115134.897_484991.750-Rest,2020-01-02T10:29:38.000Z,52.351387,4.8020964,100,1
124870.293_481448.255-Rest,2020-01-02T10:30:47.000Z,52.32016,4.9452977,300,1
123510.373_489069.556-Rest,2020-01-02T10:31:02.000Z,52.388577,4.9246387,2570,1
118465.512_485620.976-Rest,2020-01-02T10:31:17.000Z,52.357273,4.85091,555,1
121532.972_484686.627-Rest,2020-01-02T10:33:18.000Z,52.34907,4.896029,530,1
118465.512_485620.976-Rest,2020-01-02T10:33:42.000Z,52.357273,4.85091,660,0
118894.374_482440.467-Rest,2020-01-02T10:34:19.000Z,52.328716,4.8575463,175,1
123539.846_485825.665-Rest,2020-01-02T10:35:07.000Z,52.359425,4.9253755,550,1
118894.374_482440.467-Rest,2020-01-02T10:35:24.000Z,52.328716,4.8575463,95,0
123411.266_489124.281-Rest,2020-01-02T10:35:25.000Z,52.389065,4.923178,2840,1
121503.486_484785.362-Rest,2020-01-02T10:36:07.000Z,52.349957,4.8955865,565,1
123539.846_485825.665-Rest,2020-01-02T10:36:19.000Z,52.359425,4.9253755,15,0
124074.232_490989.870-Rest,2020-01-02T10:37:07.000Z,52.40587,4.9327445,2810,1
121503.486_484785.362-Rest,2020-01-02T10:37:11.000Z,52.349957,4.8955865,815,0
122403.668_489242.531-Rest,2020-01-02T10:37:22.000Z,52.390068,4.9083657,2655,1
118896.187_482564.354-Rest,2020-01-02T10:38:30.000Z,52.32983,4.8575597,160,1
124883.339_481327.054-Rest,2020-01-02T10:38:41.000Z,52.31907,4.9455,335,1
118896.187_482564.354-Rest,2020-01-02T10:39:38.000Z,52.32983,4.8575597,45,0
123396.831_489242.271-Rest,2020-01-02T10:39:47.000Z,52.390125,4.922955,2315,1
123454.574_485789.843-Rest,2020-01-02T10:40:00.000Z,52.3591,4.924127,395,1
121820.237_484925.871-Rest,2020-01-02T10:41:21.000Z,52.35124,4.9002213,800,1
124203.634_491056.789-Rest,2020-01-02T10:41:36.000Z,52.406475,4.93464,2850,1
118902.837_482728.849-Rest,2020-01-02T10:41:58.000Z,52.33131,4.8576393,200,1
124780.765_481398.317-Rest,2020-01-02T10:42:34.000Z,52.319706,4.943989,690,1
123352.392_485742.922-Rest,2020-01-02T10:42:47.000Z,52.35867,4.9226317,225,1
121820.237_484925.871-Rest,2020-01-02T10:42:49.000Z,52.35124,4.9002213,755,0
118902.837_482728.849-Rest,2020-01-02T10:43:07.000Z,52.33131,4.8576393,85,0
123242.793_485698.636-Rest,2020-01-02T10:45:00.000Z,52.358265,4.921027,295,1
124795.440_481279.800-Rest,2020-01-02T10:45:39.000Z,52.31864,4.944215,360,1
123242.793_485698.636-Rest,2020-01-02T10:45:56.000Z,52.358265,4.921027,200,0
122031.386_484826.746-Rest,2020-01-02T10:46:25.000Z,52.35036,4.9033303,195,1
122031.386_484826.746-Rest,2020-01-02T10:47:38.000Z,52.35036,4.9033303,1060,0
123931.701_491069.065-Rest,2020-01-02T10:48:19.000Z,52.40657,4.9306426,2625,1
123135.089_485650.555-Rest,2020-01-02T10:48:39.000Z,52.35783,4.9194508,225,1
123135.089_485650.555-Rest,2020-01-02T10:49:38.000Z,52.35783,4.9194508,300,0
118288.054_484967.674-Rest,2020-01-02T10:49:58.000Z,52.351387,4.8483763,710,1
123056.817_485617.456-Rest,2020-01-02T10:52:02.000Z,52.357525,4.918305,200,1
123056.817_485617.456-Rest,2020-01-02T10:53:12.000Z,52.357525,4.918305,240,0
122617.466_485879.667-Rest,2020-01-02T10:53:42.000Z,52.359856,4.9118304,470,1
124698.035_481580.074-Rest,2020-01-02T10:54:20.000Z,52.321335,4.942759,230,1
123002.185_485586.255-Rest,2020-01-02T10:56:16.000Z,52.357243,4.9175057,365,1
118244.089_484816.110-Rest,2020-01-02T10:57:04.000Z,52.350025,4.847748,690,1
124610.194_481531.108-Rest,2020-01-02T10:57:16.000Z,52.32089,4.9414754,225,1
122535.705_485828.928-Rest,2020-01-02T10:57:20.000Z,52.359398,4.910635,200,1
123002.185_485586.255-Rest,2020-01-02T10:57:33.000Z,52.357243,4.9175057,410,0
122535.705_485828.928-Rest,2020-01-02T10:58:33.000Z,52.359398,4.910635,225,0
124614.479_481405.698-Rest,2020-01-02T10:59:32.000Z,52.319763,4.9415493,0,1
124614.479_481405.698-Rest,2020-01-02T11:00:05.000Z,52.319763,4.9415493,615,0
122897.087_485539.803-Rest,2020-01-02T11:00:41.000Z,52.35682,4.9159675,475,1
122897.087_485539.803-Rest,2020-01-02T11:01:59.000Z,52.35682,4.9159675,365,0
118123.169_484776.176-Rest,2020-01-02T11:14:59.000Z,52.349655,4.8459773,565,1
122208.437_483803.909-Rest,2020-01-02T11:30:37.000Z,52.34118,4.9060283,165,1
122208.437_483803.909-Rest,2020-01-02T11:33:08.000Z,52.34118,4.9060283,305,0
124792.878_481083.667-Rest,2020-01-02T11:34:00.000Z,52.31688,4.944195,200,1
122179.514_483933.663-Rest,2020-01-02T11:36:12.000Z,52.342342,4.905591,155,1
124710.178_481232.665-Rest,2020-01-02T11:37:03.000Z,52.31821,4.9429684,355,1
122179.514_483933.663-Rest,2020-01-02T11:37:29.000Z,52.342342,4.905591,10,0
122970.715_486091.266-Rest,2020-01-02T11:39:12.000Z,52.36178,4.9169955,270,1
124693.739_481350.393-Rest,2020-01-02T11:40:27.000Z,52.31927,4.942717,345,1
119533.617_485205.265-Rest,2020-01-02T11:41:33.000Z,52.353607,4.866632,470,1
119656.627_485363.794-Rest,2020-01-02T11:46:12.000Z,52.355038,4.868421,235,0
124958.809_481406.088-Rest,2020-01-02T11:46:59.000Z,52.319786,4.9465995,160,1
122137.432_483997.143-Rest,2020-01-02T11:49:38.000Z,52.34291,4.9049673,145,1
119346.717_485031.499-Rest,2020-01-02T11:50:42.000Z,52.35203,4.8639073,240,1
119346.717_485031.499-Rest,2020-01-02T11:51:53.000Z,52.35203,4.8639073,260,0
122142.559_484098.471-Rest,2020-01-02T11:52:36.000Z,52.343822,4.9050326,220,1
122142.559_484098.471-Rest,2020-01-02T11:54:17.000Z,52.343822,4.9050326,200,0
122122.572_484196.926-Rest,2020-01-02T11:59:32.000Z,52.344704,4.90473,280,1
122015.694_484059.366-Rest,2020-01-02T12:04:29.000Z,52.34346,4.903175,175,1
122015.694_484059.366-Rest,2020-01-02T12:05:46.000Z,52.34346,4.903175,305,0
118787.476_484420.545-Rest,2020-01-02T12:06:33.000Z,52.346504,4.8557653,215,1
118787.476_484420.545-Rest,2020-01-02T12:07:47.000Z,52.346504,4.8557653,275,0
124507.541_484665.452-Rest,2020-01-02T12:15:54.000Z,52.349052,4.939686,530,1
124507.541_484665.452-Rest,2020-01-02T12:17:00.000Z,52.349052,4.939686,90,0
118606.150_484295.065-Rest,2020-01-02T12:17:54.000Z,52.345364,4.853118,300,1
118606.150_484295.065-Rest,2020-01-02T12:19:02.000Z,52.345364,4.853118,285,0
123615.611_485613.097-Rest,2020-01-02T12:19:25.000Z,52.35752,4.9265075,120,1
124217.193_490061.232-Rest,2020-01-02T12:22:25.000Z,52.39753,4.934931,2635,1
123740.836_485804.319-Rest,2020-01-02T12:22:46.000Z,52.359245,4.928328,550,1
123591.689_485509.250-Rest,2020-01-02T12:23:31.000Z,52.356586,4.926166,325,1
124260.459_484535.147-Rest,2020-01-02T12:24:20.000Z,52.347866,4.936072,215,1
123740.836_485804.319-Rest,2020-01-02T12:24:21.000Z,52.359245,4.928328,145,0
123591.689_485509.250-Rest,2020-01-02T12:24:43.000Z,52.356586,4.926166,315,0
123633.137_485760.773-Rest,2020-01-02T12:28:14.000Z,52.35885,4.926751,400,1
123510.222_485478.162-Rest,2020-01-02T12:28:29.000Z,52.3563,4.924973,280,1
124155.060_484353.949-Rest,2020-01-02T12:29:27.000Z,52.346233,4.934541,295,1
123633.137_485760.773-Rest,2020-01-02T12:29:31.000Z,52.35885,4.926751,135,0
124333.094_489759.926-Rest,2020-01-02T12:30:05.000Z,52.39483,4.936661,2565,1
123388.425_485423.964-Rest,2020-01-02T12:31:38.000Z,52.35581,4.9231906,400,1
123388.425_485423.964-Rest,2020-01-02T12:32:56.000Z,52.35581,4.9231906,525,0
124570.423_487794.353-Rest,2020-01-02T12:34:35.000Z,52.37718,4.9403257,660,1
119527.826_487016.484-Rest,2020-01-02T12:35:24.000Z,52.369884,4.866356,240,1
124715.435_489991.937-Rest,2020-01-02T12:35:56.000Z,52.396935,4.942257,2420,1
122710.293_485465.078-Rest,2020-01-02T12:36:22.000Z,52.356136,4.913233,290,1
119527.826_487016.484-Rest,2020-01-02T12:36:55.000Z,52.369884,4.866356,100,0
122611.356_485427.337-Rest,2020-01-02T12:39:36.000Z,52.355793,4.911784,420,1
124000.509_484660.183-Rest,2020-01-02T12:41:08.000Z,52.348976,4.9322453,245,1
119568.810_486908.934-Rest,2020-01-02T12:41:37.000Z,52.36892,4.866969,220,1
124258.358_487056.601-Rest,2020-01-02T12:41:59.000Z,52.37053,4.9358106,260,1
124258.358_487056.601-Rest,2020-01-02T12:43:09.000Z,52.37053,4.9358106,15,0
124258.358_487056.601-Rest,2020-01-02T12:44:03.000Z,52.37053,4.9358106,490,0
124266.655_487095.234-Rest,2020-01-02T12:46:36.000Z,52.370876,4.935929,305,1
124850.192_483996.702-Rest,2020-01-02T12:46:59.000Z,52.34306,4.9447746,340,1
124266.655_487095.234-Rest,2020-01-02T12:48:49.000Z,52.370876,4.935929,315,0
118298.081_484499.575-Rest,2020-01-02T12:52:00.000Z,52.347183,4.8485746,1030,1
118238.606_484334.853-Rest,2020-01-02T12:56:02.000Z,52.3457,4.8477197,230,1
118214.832_484591.519-Rest,2020-01-02T13:04:34.000Z,52.348003,4.847343,35,1
118214.832_484591.519-Rest,2020-01-02T13:06:09.000Z,52.348003,4.847343,1040,0
118294.889_484655.096-Rest,2020-01-02T13:11:34.000Z,52.34858,4.8485107,775,1
118294.889_484655.096-Rest,2020-01-02T13:15:24.000Z,52.34858,4.8485107,865,0
120923.224_484758.431-Rest,2020-01-02T13:39:53.000Z,52.349678,4.887073,505,1
120923.224_484758.431-Rest,2020-01-02T13:40:20.000Z,52.349678,4.887073,15,0
118831.676_486181.682-Rest,2020-01-02T13:40:35.000Z,52.362335,4.8562245,190,1
118852.780_485957.565-Rest,2020-01-02T13:45:23.000Z,52.36032,4.8565583,80,1
118821.227_485894.987-Rest,2020-01-02T13:49:44.000Z,52.359756,4.856102,70,1
118821.227_485894.987-Rest,2020-01-02T13:51:06.000Z,52.359756,4.856102,35,0
118720.674_485851.081-Rest,2020-01-02T14:00:33.000Z,52.359356,4.8546305,230,1
118691.543_486244.757-Rest,2020-01-02T14:07:41.000Z,52.362892,4.8541603,355,1