date,truck_num,weight
2020-01-01,truck0,3485
2020-01-01,truck0,2445
2020-01-01,truck0,2710
2020-01-01,truck0,2865
2020-01-01,truck0,2770
2020-01-01,truck0,2815
2020-01-01,truck0,2850
2020-01-01,truck0,2350
2020-01-01,truck0,2430
2020-01-01,truck0,2830
2020-01-01,truck0,2570
2020-01-01,truck1,365
2020-01-01,truck1,290
2020-01-01,truck1,390
2020-01-01,truck1,300
2020-01-01,truck1,255
2020-01-01,truck1,175
2020-01-01,truck1,230
2020-01-01,truck1,260
2020-01-02,truck0,145
2020-01-02,truck0,185
2020-01-02,truck0,250
2020-01-02,truck0,305
2020-01-02,truck0,1025
2020-01-02,truck0,290
2020-01-02,truck0,200
2020-01-02,truck0,200
2020-01-02,truck0,185
2020-01-02,truck0,345
2020-01-02,truck0,885
2020-01-02,truck0,70
2020-01-02,truck0,1020
2020-01-02,truck0,400
2020-01-02,truck0,60
2020-01-02,truck0,770
2020-01-02,truck0,220
2020-01-02,truck0,1055
2020-01-02,truck0,1075
2020-01-02,truck0,260
2020-01-02,truck0,280
2020-01-02,truck0,300
2020-01-02,truck0,980
2020-01-02,truck0,675
2020-01-02,truck0,90
2020-01-02,truck0,845
2020-01-02,truck0,690
2020-01-02,truck0,5
2020-01-02,truck0,50
2020-01-02,truck0,225
2020-01-02,truck0,250
2020-01-02,truck0,250
2020-01-02,truck0,295
2020-01-02,truck0,385
2020-01-02,truck0,30
2020-01-02,truck0,325
2020-01-02,truck0,345
2020-01-02,truck0,300
2020-01-02,truck0,235
2020-01-02,truck0,265
2020-01-02,truck0,250
2020-01-02,truck0,255
2020-01-02,truck0,290
2020-01-02,truck0,395
2020-01-02,truck0,410
2020-01-02,truck0,285
2020-01-02,truck0,320
2020-01-02,truck0,280
2020-01-02,truck0,850
2020-01-02,truck0,420
2020-01-02,truck0,465
2020-01-02,truck0,360
2020-01-02,truck0,225
2020-01-02,truck0,150
2020-01-02,truck0,245
2020-01-02,truck0,215
2020-01-02,truck0,390
2020-01-02,truck0,315
2020-01-02,truck0,360
2020-01-02,truck0,425
2020-01-02,truck0,190
2020-01-02,truck0,1040
2020-01-02,truck0,490
2020-01-02,truck0,155
2020-01-02,truck0,490
2020-01-02,truck0,475
2020-01-02,truck0,20
2020-01-02,truck0,230
2020-01-02,truck0,480
2020-01-02,truck0,425
2020-01-02,truck0,420
2020-01-02,truck0,435
2020-01-02,truck0,2570
2020-01-02,truck0,2840
2020-01-02,truck0,2315
2020-01-02,truck0,165
2020-01-02,truck0,305
2020-01-02,truck0,155
2020-01-02,truck0,10
2020-01-02,truck0,145
2020-01-02,truck0,220
2020-01-02,truck0,200
2020-01-02,truck0,280
2020-01-02,truck0,175
2020-01-02,truck0,305
2020-01-02,truck0,120
2020-01-02,truck0,550
2020-01-02,truck0,145
2020-01-02,truck0,400
2020-01-02,truck0,135
2020-01-02,truck0,525
2020-01-02,truck0,420
2020-01-02,truck0,775
2020-01-02,truck0,865
2020-01-02,truck0,505
2020-01-02,truck0,15
2020-01-02,truck0,230
2020-01-02,truck0,355
2020-01-02,truck1,535
2020-01-02,truck1,285
2020-01-02,truck1,250
2020-01-02,truck1,330
2020-01-02,truck1,185
2020-01-02,truck1,315
2020-01-02,truck1,345
2020-01-02,truck1,220
2020-01-02,truck1,320
2020-01-02,truck1,320
2020-01-02,truck1,300
2020-01-02,truck1,285
2020-01-02,truck1,385
2020-01-02,truck1,280
2020-01-02,truck1,240
2020-01-02,truck1,390
2020-01-02,truck1,460
2020-01-02,truck1,505
2020-01-02,truck1,210
2020-01-02,truck1,215
2020-01-02,truck1,105
2020-01-02,truck1,435
2020-01-02,truck1,205
2020-01-02,truck1,380
2020-01-02,truck1,350
2020-01-02,truck1,325
2020-01-02,truck1,200
2020-01-02,truck1,295
2020-01-02,truck1,530
2020-01-02,truck1,215
2020-01-02,truck1,300
2020-01-02,truck1,95
2020-01-02,truck1,95
2020-01-02,truck1,175
2020-01-02,truck1,20
2020-01-02,truck1,540
2020-01-02,truck1,410
2020-01-02,truck1,130
2020-01-02,truck1,275
2020-01-02,truck1,340
2020-01-02,truck1,330
2020-01-02,truck1,280
2020-01-02,truck1,315
2020-01-02,truck1,425
2020-01-02,truck1,450
2020-01-02,truck1,940
2020-01-02,truck1,300
2020-01-02,truck1,195
2020-01-02,truck1,285
2020-01-02,truck1,210
2020-01-02,truck1,390
2020-01-02,truck1,175
2020-01-02,truck1,405
2020-01-02,truck1,395
2020-01-02,truck1,140
2020-01-02,truck1,160
2020-01-02,truck1,290
2020-01-02,truck1,220
2020-01-02,truck1,120
2020-01-02,truck1,155
2020-01-02,truck1,430
2020-01-02,truck1,55
2020-01-02,truck1,165
2020-01-02,truck1,180
2020-01-02,truck1,105
2020-01-02,truck1,475
2020-01-02,truck1,415
2020-01-02,truck1,245
2020-01-02,truck1,795
2020-01-02,truck1,710
2020-01-02,truck1,280
2020-01-02,truck1,550
2020-01-02,truck1,15
2020-01-02,truck1,395
2020-01-02,truck1,225
2020-01-02,truck1,295
2020-01-02,truck1,200
2020-01-02,truck1,225
2020-01-02,truck1,300
2020-01-02,truck1,200
2020-01-02,truck1,240
2020-01-02,truck1,365
2020-01-02,truck1,410
2020-01-02,truck1,475
2020-01-02,truck1,365
2020-01-02,truck1,200
2020-01-02,truck1,355
2020-01-02,truck1,345
2020-01-02,truck1,160
2020-01-02,truck1,530
2020-01-02,truck1,90
2020-01-02,truck1,215
2020-01-02,truck1,295
2020-01-02,truck1,245
2020-01-02,truck1,190
2020-01-02,truck1,80
2020-01-02,truck1,70
2020-01-02,truck1,35
2020-01-02,truck2,120
2020-01-02,truck2,110
2020-01-02,truck2,190
2020-01-02,truck2,215
2020-01-02,truck2,180
2020-01-02,truck2,310
2020-01-02,truck2,330
2020-01-02,truck2,330
2020-01-02,truck2,265
2020-01-02,truck2,160
2020-01-02,truck2,160
2020-01-02,truck2,205
2020-01-02,truck2,515
2020-01-02,truck2,275
2020-01-02,truck2,240
2020-01-02,truck2,35
2020-01-02,truck2,310
2020-01-02,truck2,445
2020-01-02,truck2,235
2020-01-02,truck2,350
2020-01-02,truck2,180
2020-01-02,truck2,205
2020-01-02,truck2,170
2020-01-02,truck2,165
2020-01-02,truck2,240
2020-01-02,truck2,475
2020-01-02,truck2,565
2020-01-02,truck2,750
2020-01-02,truck2,600
2020-01-02,truck2,790
2020-01-02,truck2,1045
2020-01-02,truck2,345
2020-01-02,truck2,380
2020-01-02,truck2,305
2020-01-02,truck2,455
2020-01-02,truck2,390
2020-01-02,truck2,660
2020-01-02,truck2,205
2020-01-02,truck2,335
2020-01-02,truck2,425
2020-01-02,truck2,255
2020-01-02,truck2,360
2020-01-02,truck2,430
2020-01-02,truck2,2825
2020-01-02,truck2,2570
2020-01-02,truck2,2765
2020-01-02,truck2,2745
2020-01-02,truck2,2755
2020-01-02,truck2,2000
2020-01-02,truck2,2655
2020-01-02,truck2,225
2020-01-02,truck2,270
2020-01-02,truck2,215
2020-01-02,truck2,275
2020-01-02,truck2,300
2020-01-02,truck2,285
2020-01-02,truck2,100
2020-01-02,truck2,220
2020-01-02,truck2,35
2020-01-02,truck2,1040
2020-01-02,truck3,2645
2020-01-02,truck3,2655
2020-01-02,truck3,2760
2020-01-02,truck3,2790
2020-01-02,truck3,2620
2020-01-02,truck3,90
2020-01-02,truck3,2590
2020-01-02,truck3,110
2020-01-02,truck3,480
2020-01-02,truck3,600
2020-01-02,truck3,265
2020-01-02,truck3,295
2020-01-02,truck3,565
2020-01-02,truck3,70
2020-01-02,truck3,100
2020-01-02,truck3,200
2020-01-02,truck3,395
2020-01-02,truck3,215
2020-01-02,truck3,480
2020-01-02,truck3,635
2020-01-02,truck3,565
2020-01-02,truck3,455
2020-01-02,truck3,250
2020-01-02,truck3,165
2020-01-02,truck3,440
2020-01-02,truck3,410
2020-01-02,truck3,480
2020-01-02,truck3,725
2020-01-02,truck3,340
2020-01-02,truck3,105
2020-01-02,truck3,85
2020-01-02,truck3,65
2020-01-02,truck3,70
2020-01-02,truck3,115
2020-01-02,truck3,285
2020-01-02,truck3,190
2020-01-02,truck3,230
2020-01-02,truck3,305
2020-01-02,truck3,290
2020-01-02,truck3,310
2020-01-02,truck3,200
2020-01-02,truck3,230
2020-01-02,truck3,185
2020-01-02,truck3,175
2020-01-02,truck3,5
2020-01-02,truck3,215
2020-01-02,truck3,255
2020-01-02,truck3,190
2020-01-02,truck3,175
2020-01-02,truck3,300
2020-01-02,truck3,565
2020-01-02,truck3,815
2020-01-02,truck3,800
2020-01-02,truck3,755
2020-01-02,truck3,195
2020-01-02,truck3,1060
2020-01-02,truck3,200
2020-01-02,truck3,470
2020-01-02,truck3,235
2020-01-02,truck3,240
2020-01-02,truck3,260
2020-01-02,truck3,325
2020-01-02,truck3,315
2020-01-02,truck3,280
2020-01-02,truck3,400
2020-01-02,truck3,290
2020-01-02,truck4,290
2020-01-02,truck4,405
2020-01-02,truck4,235
2020-01-02,truck4,455
2020-01-02,truck4,515
2020-01-02,truck4,170
2020-01-02,truck4,295
2020-01-02,truck4,230
2020-01-02,truck4,290
2020-01-02,truck4,380
2020-01-02,truck4,80
2020-01-02,truck4,390
2020-01-02,truck4,2815
2020-01-02,truck4,2490
2020-01-02,truck4,2780
2020-01-02,truck4,455
2020-01-02,truck4,810
2020-01-02,truck4,565
2020-01-02,truck4,705
2020-01-02,truck4,995
2020-01-02,truck4,670
2020-01-02,truck4,830
2020-01-02,truck4,850
2020-01-02,truck4,360
2020-01-02,truck4,345
2020-01-02,truck4,715
2020-01-02,truck4,185
2020-01-02,truck4,245
2020-01-02,truck4,90
2020-01-02,truck4,90
2020-01-02,truck4,205
2020-01-02,truck4,425
2020-01-02,truck4,145
2020-01-02,truck4,130
2020-01-02,truck4,245
2020-01-02,truck4,225
2020-01-02,truck4,225
2020-01-02,truck4,300
2020-01-02,truck4,335
2020-01-02,truck4,690
2020-01-02,truck4,360
2020-01-02,truck4,230
2020-01-02,truck4,225
2020-01-02,truck4,0
2020-01-02,truck4,615
2020-01-02,truck4,2635
2020-01-02,truck4,2565
2020-01-02,truck4,2420
2020-01-02,truck5,405
2020-01-02,truck5,550
2020-01-02,truck5,340
2020-01-02,truck5,470
2020-01-02,truck5,20
2020-01-02,truck5,550
2020-01-02,truck5,855
2020-01-02,truck5,330
2020-01-02,truck5,585
2020-01-02,truck5,755
2020-01-02,truck5,565
2020-01-02,truck5,865
2020-01-02,truck5,335
2020-01-02,truck5,435
2020-01-02,truck5,515
2020-01-02,truck5,355
2020-01-02,truck5,460
2020-01-02,truck5,595
2020-01-02,truck5,50
2020-01-02,truck5,455
2020-01-02,truck5,980
2020-01-02,truck5,420
2020-01-02,truck5,395
2020-01-02,truck5,120
2020-01-02,truck5,285
2020-01-02,truck5,595
2020-01-02,truck5,320
2020-01-02,truck5,255
2020-01-02,truck5,490
2020-01-02,truck5,180
2020-01-02,truck5,310
2020-01-02,truck5,270
2020-01-02,truck5,115
2020-01-02,truck5,215
2020-01-02,truck5,470
2020-01-02,truck5,660
2020-01-02,truck5,260
2020-01-02,truck5,15
2020-01-02,truck5,490
2020-01-02,truck5,305
2020-01-02,truck5,315
2020-01-02,truck6,2530
2020-01-02,truck6,2600
2020-01-02,truck6,1855
2020-01-02,truck6,5
2020-01-02,truck6,115
2020-01-02,truck6,30
2020-01-02,truck6,2570
2020-01-02,truck6,2675
2020-01-02,truck6,2715
2020-01-02,truck6,2700
2020-01-02,truck6,2635
2020-01-02,truck6,2730
2020-01-02,truck6,2870
2020-01-02,truck6,2645
2020-01-02,truck6,555
2020-01-02,truck6,660
2020-01-02,truck6,710
2020-01-02,truck6,690
2020-01-02,truck6,565
2020-01-02,truck6,240
2020-01-02,truck6,230
2020-01-02,truck7,270
2020-01-02,truck7,240
2020-01-02,truck7,80
2020-01-02,truck7,150
2020-01-02,truck7,245
2020-01-02,truck7,0
2020-01-02,truck7,195
2020-01-02,truck7,215
2020-01-02,truck7,205
2020-01-02,truck7,155
2020-01-02,truck7,315
2020-01-02,truck7,95
2020-01-02,truck7,220
2020-01-02,truck7,160
2020-01-02,truck7,60
2020-01-02,truck7,65
2020-01-02,truck7,120
2020-01-02,truck7,155
2020-01-02,truck7,210
2020-01-02,truck7,100
2020-01-02,truck7,160
2020-01-02,truck7,190
2020-01-02,truck7,95
2020-01-02,truck7,175
2020-01-02,truck7,115
2020-01-02,truck7,180
2020-01-02,truck7,235
2020-01-02,truck7,120
2020-01-02,truck7,205
2020-01-02,truck7,130
2020-01-02,truck7,150
2020-01-02,truck7,10
2020-01-02,truck7,195
2020-01-02,truck7,265
2020-01-02,truck7,805
2020-01-02,truck7,105
2020-01-02,truck7,330
2020-01-02,truck7,75
2020-01-02,truck7,225
2020-01-02,truck7,35
2020-01-02,truck7,110
2020-01-02,truck7,125
2020-01-02,truck7,105
2020-01-02,truck7,45
2020-01-02,truck7,225
2020-01-02,truck7,105
2020-01-02,truck7,845
2020-01-02,truck7,105
2020-01-02,truck7,215
2020-01-02,truck7,220
2020-01-02,truck7,110
2020-01-02,truck7,10
2020-01-02,truck7,220
2020-01-02,truck7,140
2020-01-02,truck7,115
2020-01-02,truck7,150
2020-01-02,truck7,280
2020-01-02,truck7,75
2020-01-02,truck7,225
2020-01-02,truck7,155
2020-01-02,truck7,125
2020-01-02,truck7,215
2020-01-02,truck7,80
2020-01-02,truck7,45
2020-01-02,truck7,200
2020-01-02,truck7,225
2020-01-02,truck7,175
2020-01-02,truck7,95
2020-01-02,truck7,160
2020-01-02,truck7,45
2020-01-02,truck7,200
2020-01-02,truck7,85
2020-01-02,truck7,340
2020-01-02,truck8,2670
2020-01-02,truck8,2540
2020-01-02,truck8,2730
2020-01-02,truck8,160
2020-01-02,truck8,140
2020-01-02,truck8,115
2020-01-02,truck8,105
2020-01-02,truck8,245
2020-01-02,truck8,225
2020-01-02,truck8,300
2020-01-02,truck8,230
2020-01-02,truck8,115
2020-01-02,truck8,490
2020-01-02,truck8,110
2020-01-02,truck8,480
2020-01-02,truck8,345
2020-01-02,truck8,530
2020-01-02,truck8,1030
2020-01-02,truck9,340
2020-01-02,truck9,175
2020-01-02,truck9,300
2020-01-02,truck9,395
2020-01-02,truck9,440
2020-01-02,truck9,75
2020-01-02,truck9,75
2020-01-02,truck9,15
2020-01-02,truck9,400
2020-01-02,truck9,180
2020-01-02,truck9,215
2020-01-02,truck9,130
2020-01-02,truck9,280
2020-01-02,truck9,340
2020-01-02,truck9,325
2020-01-02,truck9,5
2020-01-02,truck9,300
2020-01-02,truck9,195
2020-01-02,truck9,185
2020-01-02,truck9,335
2020-01-02,truck9,65
2020-01-02,truck9,405
2020-01-02,truck9,195
2020-01-02,truck9,465
2020-01-02,truck9,420
2020-01-02,truck9,120
2020-01-02,truck9,80
2020-01-02,truck9,215
2020-01-02,truck9,275
2020-01-02,truck9,265
2020-01-02,truck9,150
2020-01-02,truck9,155
2020-01-02,truck9,635
2020-01-02,truck9,110
2020-01-02,truck9,375
2020-01-02,truck9,130
2020-01-02,truck9,2625
2020-01-02,truck10,30
2020-01-02,truck10,175
2020-01-02,truck10,25
2020-01-02,truck10,170
2020-01-02,truck10,255
2020-01-02,truck10,315
2020-01-02,truck10,95
2020-01-02,truck10,190
2020-01-02,truck10,295
2020-01-02,truck10,620
2020-01-02,truck10,220
2020-01-02,truck10,45
2020-01-02,truck10,95
2020-01-02,truck10,185
2020-01-02,truck10,635
2020-01-02,truck10,30
2020-01-02,truck10,840
2020-01-02,truck10,70
2020-01-02,truck10,90
2020-01-02,truck10,65
2020-01-02,truck10,130
2020-01-02,truck10,345
2020-01-02,truck10,295
2020-01-02,truck10,460
2020-01-02,truck10,415
2020-01-02,truck10,75
2020-01-02,truck10,60
2020-01-02,truck10,150
2020-01-02,truck10,75
2020-01-02,truck10,100
2020-01-02,truck11,100
2020-01-02,truck11,180
2020-01-02,truck11,470
2020-01-02,truck11,450
2020-01-02,truck11,465
2020-01-02,truck11,5
2020-01-02,truck11,645
2020-01-02,truck11,1575
2020-01-02,truck11,630
2020-01-02,truck11,0
2020-01-02,truck11,970
2020-01-02,truck11,865
2020-01-02,truck11,1045
2020-01-02,truck11,180
2020-01-02,truck11,105
2020-01-02,truck11,540
2020-01-02,truck11,755
2020-01-02,truck11,840
2020-01-02,truck12,175
2020-01-02,truck12,25
2020-01-02,truck12,170
2020-01-02,truck12,300
2020-01-02,truck12,260
2020-01-02,truck12,2800
2020-01-02,truck12,310
2020-01-02,truck12,530
2020-01-02,truck12,470
2020-01-02,truck12,320
2020-01-02,truck12,370
2020-01-02,truck12,175
2020-01-02,truck13,115
2020-01-02,truck13,15
2020-01-02,truck13,90
2020-01-02,truck13,235
2020-01-02,truck13,65
2020-01-02,truck13,105
2020-01-02,truck13,250
2020-01-02,truck14,725
2020-01-02,truck14,840
2020-01-02,truck14,820
2020-01-02,truck14,375
2020-01-02,truck14,20
2020-01-02,truck14,2760
2020-01-02,truck14,800
2020-01-02,truck15,130
2020-01-02,truck15,205
2020-01-02,truck15,115
2020-01-02,truck15,95
2020-01-02,truck15,2810
2020-01-02,truck15,2850
2020-01-02,truck16,320
2020-01-02,truck16,385
2020-01-02,truck17,210
2020-01-02,truck18,335
2020-01-03,truck0,2640
2020-01-03,truck0,360
2020-01-03,truck0,305
2020-01-03,truck0,375
2020-01-03,truck0,45
2020-01-03,truck0,160
2020-01-03,truck0,225
2020-01-03,truck0,85
2020-01-03,truck0,215
2020-01-03,truck0,205
2020-01-03,truck0,200
2020-01-03,truck0,200
2020-01-03,truck0,90
2020-01-03,truck0,120
2020-01-03,truck0,520
2020-01-03,truck0,260
2020-01-03,truck0,260
2020-01-03,truck0,55
2020-01-03,truck0,305
2020-01-03,truck0,140
2020-01-03,truck0,5
2020-01-03,truck0,195
2020-01-03,truck0,150
2020-01-03,truck0,180
2020-01-03,truck0,340
2020-01-03,truck0,185
2020-01-03,truck0,140
2020-01-03,truck0,215
2020-01-03,truck0,130
2020-01-03,truck0,255
2020-01-03,truck0,95
2020-01-03,truck0,285
2020-01-03,truck0,230
2020-01-03,truck0,190
2020-01-03,truck0,200
2020-01-03,truck0,255
2020-01-03,truck0,385
2020-01-03,truck0,430
2020-01-03,truck0,590
2020-01-03,truck0,340
2020-01-03,truck0,185
2020-01-03,truck0,145
2020-01-03,truck0,520
2020-01-03,truck0,315
2020-01-03,truck0,250
2020-01-03,truck0,485
2020-01-03,truck0,190
2020-01-03,truck0,195
2020-01-03,truck0,300
2020-01-03,truck0,350
2020-01-03,truck0,240
2020-01-03,truck0,160
2020-01-03,truck0,125
2020-01-03,truck0,250
2020-01-03,truck0,225
2020-01-03,truck0,215
2020-01-03,truck0,165
2020-01-03,truck0,460
2020-01-03,truck0,440
2020-01-03,truck0,90
2020-01-03,truck0,245
2020-01-03,truck0,430
2020-01-03,truck0,90
2020-01-03,truck0,450
2020-01-03,truck0,100
2020-01-03,truck0,430
2020-01-03,truck0,115
2020-01-03,truck0,385
2020-01-03,truck0,210
2020-01-03,truck0,210
2020-01-03,truck0,65
2020-01-03,truck0,115
2020-01-03,truck0,20
2020-01-03,truck0,35
2020-01-03,truck0,235
2020-01-03,truck0,340
2020-01-03,truck0,185
2020-01-03,truck0,255
2020-01-03,truck0,225
2020-01-03,truck0,310
2020-01-03,truck0,365
2020-01-03,truck0,340
2020-01-03,truck0,545
2020-01-03,truck0,745
2020-01-03,truck0,785
2020-01-03,truck0,385
2020-01-03,truck0,425
2020-01-03,truck0,500
2020-01-03,truck0,485
2020-01-03,truck0,220
2020-01-03,truck0,350
2020-01-03,truck0,365
2020-01-03,truck0,360
2020-01-03,truck0,465
2020-01-03,truck0,325
2020-01-03,truck0,270
2020-01-03,truck0,455
2020-01-03,truck0,225
2020-01-03,truck0,240
2020-01-03,truck0,310
2020-01-03,truck0,335
2020-01-03,truck0,205
2020-01-03,truck0,360
2020-01-03,truck0,415
2020-01-03,truck0,515
2020-01-03,truck1,2520
2020-01-03,truck1,2550
2020-01-03,truck1,1815
2020-01-03,truck1,2510
2020-01-03,truck1,465
2020-01-03,truck1,2355
2020-01-03,truck1,270
2020-01-03,truck1,330
2020-01-03,truck1,355
2020-01-03,truck1,190
2020-01-03,truck1,425
2020-01-03,truck1,450
2020-01-03,truck1,400
2020-01-03,truck1,190
2020-01-03,truck1,455
2020-01-03,truck1,150
2020-01-03,truck1,335
2020-01-03,truck1,200
2020-01-03,truck1,995
2020-01-03,truck1,145
2020-01-03,truck1,110
2020-01-03,truck1,305
2020-01-03,truck1,360
2020-01-03,truck1,385
2020-01-03,truck1,225
2020-01-03,truck1,330
2020-01-03,truck1,225
2020-01-03,truck1,380
2020-01-03,truck1,315
2020-01-03,truck1,230
2020-01-03,truck1,430
2020-01-03,truck1,475
2020-01-03,truck1,330
2020-01-03,truck1,455
2020-01-03,truck1,350
2020-01-03,truck1,230
2020-01-03,truck1,255
2020-01-03,truck1,325
2020-01-03,truck1,210
2020-01-03,truck1,390
2020-01-03,truck1,260
2020-01-03,truck1,270
2020-01-03,truck1,385
2020-01-03,truck1,220
2020-01-03,truck1,350
2020-01-03,truck1,420
2020-01-03,truck1,250
2020-01-03,truck1,195
2020-01-03,truck1,390
2020-01-03,truck1,190
2020-01-03,truck1,350
2020-01-03,truck1,355
2020-01-03,truck1,310
2020-01-03,truck1,365
2020-01-03,truck1,245
2020-01-03,truck1,260
2020-01-03,truck1,95
2020-01-03,truck1,40
2020-01-03,truck1,85
2020-01-03,truck1,290
2020-01-03,truck1,425
2020-01-03,truck1,165
2020-01-03,truck1,275
2020-01-03,truck1,305
2020-01-03,truck1,425
2020-01-03,truck1,240
2020-01-03,truck1,250
2020-01-03,truck1,235
2020-01-03,truck1,310
2020-01-03,truck1,300
2020-01-03,truck1,335
2020-01-03,truck1,290
2020-01-03,truck1,140
2020-01-03,truck1,300
2020-01-03,truck1,610
2020-01-03,truck1,290
2020-01-03,truck1,575
2020-01-03,truck1,555
2020-01-03,truck1,300
2020-01-03,truck1,420
2020-01-03,truck1,285
2020-01-03,truck1,290
2020-01-03,truck1,405
2020-01-03,truck1,385
2020-01-03,truck1,95
2020-01-03,truck1,110
2020-01-03,truck1,35
2020-01-03,truck1,65
2020-01-03,truck1,440
2020-01-03,truck1,410
2020-01-03,truck1,385
2020-01-03,truck1,200
2020-01-03,truck1,310
2020-01-03,truck1,415
2020-01-03,truck2,2620
2020-01-03,truck2,2800
2020-01-03,truck2,2585
2020-01-03,truck2,2540
2020-01-03,truck2,375
2020-01-03,truck2,380
2020-01-03,truck2,355
2020-01-03,truck2,340
2020-01-03,truck2,320
2020-01-03,truck2,235
2020-01-03,truck2,260
2020-01-03,truck2,230
2020-01-03,truck2,310
2020-01-03,truck2,715
2020-01-03,truck2,795
2020-01-03,truck2,835
2020-01-03,truck2,800
2020-01-03,truck2,1080
2020-01-03,truck2,640
2020-01-03,truck2,70
2020-01-03,truck2,1100
2020-01-03,truck2,295
2020-01-03,truck2,300
2020-01-03,truck2,275
2020-01-03,truck2,5
2020-01-03,truck2,320
2020-01-03,truck2,290
2020-01-03,truck2,300
2020-01-03,truck2,95
2020-01-03,truck2,315
2020-01-03,truck2,310
2020-01-03,truck2,265
2020-01-03,truck2,405
2020-01-03,truck2,30
2020-01-03,truck2,315
2020-01-03,truck2,305
2020-01-03,truck2,200
2020-01-03,truck2,135
2020-01-03,truck2,1005
2020-01-03,truck2,820
2020-01-03,truck2,470
2020-01-03,truck2,670
2020-01-03,truck2,385
2020-01-03,truck2,220
2020-01-03,truck2,520
2020-01-03,truck2,685
2020-01-03,truck2,575
2020-01-03,truck2,665
2020-01-03,truck2,365
2020-01-03,truck2,695
2020-01-03,truck2,315
2020-01-03,truck2,120
2020-01-03,truck2,110
2020-01-03,truck2,125
2020-01-03,truck2,335
2020-01-03,truck2,350
2020-01-03,truck2,445
2020-01-03,truck2,80
2020-01-03,truck2,285
2020-01-03,truck2,190
2020-01-03,truck2,10
2020-01-03,truck2,260
2020-01-03,truck2,0
2020-01-03,truck2,185
2020-01-03,truck2,425
2020-01-03,truck2,230
2020-01-03,truck2,460
2020-01-03,truck2,425
2020-01-03,truck2,270
2020-01-03,truck2,0
2020-01-03,truck2,165
2020-01-03,truck2,340
2020-01-03,truck2,265
2020-01-03,truck2,270
2020-01-03,truck2,0
2020-01-03,truck2,380
2020-01-03,truck2,320
2020-01-03,truck2,435
2020-01-03,truck3,210
2020-01-03,truck3,320
2020-01-03,truck3,290
2020-01-03,truck3,240
2020-01-03,truck3,125
2020-01-03,truck3,380
2020-01-03,truck3,235
2020-01-03,truck3,370
2020-01-03,truck3,170
2020-01-03,truck3,175
2020-01-03,truck3,460
2020-01-03,truck3,185
2020-01-03,truck3,310
2020-01-03,truck3,95
2020-01-03,truck3,215
2020-01-03,truck3,315
2020-01-03,truck3,365
2020-01-03,truck3,345
2020-01-03,truck3,105
2020-01-03,truck3,220
2020-01-03,truck3,170
2020-01-03,truck3,550
2020-01-03,truck3,90
2020-01-03,truck3,530
2020-01-03,truck3,65
2020-01-03,truck3,520
2020-01-03,truck3,340
2020-01-03,truck3,360
2020-01-03,truck3,930
2020-01-03,truck3,240
2020-01-03,truck3,215
2020-01-03,truck3,305
2020-01-03,truck3,205
2020-01-03,truck3,35
2020-01-03,truck3,425
2020-01-03,truck3,225
2020-01-03,truck3,180
2020-01-03,truck3,265
2020-01-03,truck3,355
2020-01-03,truck3,180
2020-01-03,truck3,10
2020-01-03,truck3,605
2020-01-03,truck3,340
2020-01-03,truck3,145
2020-01-03,truck3,20
2020-01-03,truck3,355
2020-01-03,truck3,440
2020-01-03,truck3,420
2020-01-03,truck3,290
2020-01-03,truck3,95
2020-01-03,truck3,230
2020-01-03,truck3,315
2020-01-03,truck3,185
2020-01-03,truck3,120
2020-01-03,truck3,200
2020-01-03,truck3,300
2020-01-03,truck3,320
2020-01-03,truck3,165
2020-01-03,truck3,2890
2020-01-03,truck3,2590
2020-01-03,truck3,2625
2020-01-03,truck3,2865
2020-01-03,truck3,370
2020-01-03,truck3,5
2020-01-03,truck4,255
2020-01-03,truck4,245
2020-01-03,truck4,490
2020-01-03,truck4,390
2020-01-03,truck4,80
2020-01-03,truck4,355
2020-01-03,truck4,300
2020-01-03,truck4,330
2020-01-03,truck4,290
2020-01-03,truck4,375
2020-01-03,truck4,340
2020-01-03,truck4,280
2020-01-03,truck4,425
2020-01-03,truck4,395
2020-01-03,truck4,330
2020-01-03,truck4,175
2020-01-03,truck4,90
2020-01-03,truck4,250
2020-01-03,truck4,220
2020-01-03,truck4,75
2020-01-03,truck4,400
2020-01-03,truck4,165
2020-01-03,truck4,470
2020-01-03,truck4,425
2020-01-03,truck4,380
2020-01-03,truck4,380
2020-01-03,truck4,195
2020-01-03,truck4,295
2020-01-03,truck4,580
2020-01-03,truck4,70
2020-01-03,truck4,545
2020-01-03,truck4,300
2020-01-03,truck4,355
2020-01-03,truck4,360
2020-01-03,truck4,335
2020-01-03,truck4,270
2020-01-03,truck4,160
2020-01-03,truck4,200
2020-01-03,truck4,475
2020-01-03,truck4,410
2020-01-03,truck4,235
2020-01-03,truck4,70
2020-01-03,truck4,405
2020-01-03,truck4,365
2020-01-03,truck4,490
2020-01-03,truck4,280
2020-01-03,truck4,235
2020-01-03,truck4,575
2020-01-03,truck4,350
2020-01-03,truck4,420
2020-01-03,truck4,225
2020-01-03,truck4,25
2020-01-03,truck4,390
2020-01-03,truck5,245
2020-01-03,truck5,250
2020-01-03,truck5,190
2020-01-03,truck5,170
2020-01-03,truck5,360
2020-01-03,truck5,215
2020-01-03,truck5,0
2020-01-03,truck5,140
2020-01-03,truck5,295
2020-01-03,truck5,325
2020-01-03,truck5,285
2020-01-03,truck5,275
2020-01-03,truck5,445
2020-01-03,truck5,400
2020-01-03,truck5,315
2020-01-03,truck5,20
2020-01-03,truck5,5
2020-01-03,truck5,650
2020-01-03,truck5,380
2020-01-03,truck5,510
2020-01-03,truck5,690
2020-01-03,truck5,320
2020-01-03,truck5,245
2020-01-03,truck5,190
2020-01-03,truck5,220
2020-01-03,truck5,255
2020-01-03,truck5,330
2020-01-03,truck5,415
2020-01-03,truck5,100
2020-01-03,truck5,350
2020-01-03,truck5,210
2020-01-03,truck5,190
2020-01-03,truck5,345
2020-01-03,truck5,120
2020-01-03,truck5,185
2020-01-03,truck5,395
2020-01-03,truck5,25
2020-01-03,truck5,70
2020-01-03,truck5,90
2020-01-03,truck5,80
2020-01-03,truck5,275
2020-01-03,truck5,305
2020-01-03,truck5,2580
2020-01-03,truck5,2515
2020-01-03,truck5,360
2020-01-03,truck5,455
2020-01-03,truck6,400
2020-01-03,truck6,300
2020-01-03,truck6,265
2020-01-03,truck6,290
2020-01-03,truck6,305
2020-01-03,truck6,390
2020-01-03,truck6,790
2020-01-03,truck6,130
2020-01-03,truck6,355
2020-01-03,truck6,300
2020-01-03,truck6,395
2020-01-03,truck6,140
2020-01-03,truck6,235
2020-01-03,truck6,1270
2020-01-03,truck6,185
2020-01-03,truck6,345
2020-01-03,truck6,145
2020-01-03,truck6,400
2020-01-03,truck6,325
2020-01-03,truck6,140
2020-01-03,truck6,85
2020-01-03,truck6,185
2020-01-03,truck6,55
2020-01-03,truck6,390
2020-01-03,truck6,275
2020-01-03,truck6,250
2020-01-03,truck6,365
2020-01-03,truck6,310
2020-01-03,truck6,140
2020-01-03,truck6,170
2020-01-03,truck6,155
2020-01-03,truck6,275
2020-01-03,truck6,200
2020-01-03,truck6,325
2020-01-03,truck6,235
2020-01-03,truck6,165
2020-01-03,truck6,200
2020-01-03,truck6,465
2020-01-03,truck6,455
2020-01-03,truck6,450
2020-01-03,truck6,420
2020-01-03,truck6,390
2020-01-03,truck6,2560
2020-01-03,truck6,345
2020-01-03,truck6,345
2020-01-03,truck6,190
2020-01-03,truck6,290
2020-01-03,truck6,330
2020-01-03,truck6,275
2020-01-03,truck6,300
2020-01-03,truck7,65
2020-01-03,truck7,215
2020-01-03,truck7,220
2020-01-03,truck7,515
2020-01-03,truck7,280
2020-01-03,truck7,380
2020-01-03,truck7,375
2020-01-03,truck7,335
2020-01-03,truck7,185
2020-01-03,truck7,150
2020-01-03,truck7,165
2020-01-03,truck7,260
2020-01-03,truck7,190
2020-01-03,truck7,200
2020-01-03,truck7,430
2020-01-03,truck7,500
2020-01-03,truck7,315
2020-01-03,truck7,230
2020-01-03,truck7,355
2020-01-03,truck7,355
2020-01-03,truck7,360
2020-01-03,truck7,265
2020-01-03,truck7,195
2020-01-03,truck7,245
2020-01-03,truck7,275
2020-01-03,truck7,305
2020-01-03,truck7,820
2020-01-03,truck7,210
2020-01-03,truck7,355
2020-01-03,truck7,20
2020-01-03,truck7,385
2020-01-03,truck8,255
2020-01-03,truck8,410
2020-01-03,truck8,225
2020-01-03,truck8,340
2020-01-03,truck8,250
2020-01-03,truck8,340
2020-01-03,truck8,285
2020-01-03,truck8,570
2020-01-03,truck8,550
2020-01-03,truck8,570
2020-01-03,truck8,690
2020-01-03,truck8,745
2020-01-03,truck8,410
2020-01-03,truck8,335
2020-01-03,truck8,210
2020-01-03,truck8,155
2020-01-03,truck8,2675
2020-01-03,truck8,2470
2020-01-03,truck8,2355
2020-01-03,truck8,370
2020-01-03,truck8,640
2020-01-03,truck8,2680
2020-01-03,truck8,2600
2020-01-03,truck8,2585
2020-01-03,truck8,270
2020-01-03,truck8,125
2020-01-03,truck8,135
2020-01-03,truck8,0
2020-01-03,truck9,940
2020-01-03,truck9,1010
2020-01-03,truck9,850
2020-01-03,truck9,1255
2020-01-03,truck9,230
2020-01-03,truck9,40
2020-01-03,truck9,150
2020-01-03,truck9,220
2020-01-03,truck9,245
2020-01-03,truck9,180
2020-01-03,truck9,2750
2020-01-03,truck9,2625
2020-01-03,truck9,2555
2020-01-03,truck9,755
2020-01-03,truck9,495
2020-01-03,truck9,2575
2020-01-03,truck9,390
2020-01-03,truck9,210
2020-01-03,truck9,200
2020-01-03,truck9,410
2020-01-03,truck9,250
2020-01-03,truck9,180
2020-01-03,truck9,360
2020-01-03,truck9,245
2020-01-03,truck9,285
2020-01-03,truck9,485
2020-01-03,truck9,85
2020-01-03,truck9,450
2020-01-03,truck9,270
2020-01-03,truck9,90
2020-01-03,truck9,305
2020-01-03,truck9,290
2020-01-03,truck9,270
2020-01-03,truck9,215
2020-01-03,truck9,145
2020-01-03,truck9,295
2020-01-03,truck9,125
2020-01-03,truck9,470
2020-01-03,truck9,180
2020-01-03,truck9,345
2020-01-03,truck10,0
2020-01-03,truck10,370
2020-01-03,truck10,0
2020-01-03,truck10,2360
2020-01-03,truck10,2575
2020-01-03,truck10,2885
2020-01-03,truck10,425
2020-01-03,truck10,155
2020-01-03,truck10,215
2020-01-03,truck10,470
2020-01-03,truck10,190
2020-01-03,truck10,325
2020-01-03,truck10,400
2020-01-03,truck10,350
2020-01-03,truck10,305
2020-01-03,truck10,95
2020-01-03,truck10,160
2020-01-03,truck10,215
2020-01-03,truck10,405
2020-01-03,truck10,385
2020-01-03,truck10,260
2020-01-03,truck10,325
2020-01-03,truck10,345
2020-01-03,truck10,395
2020-01-03,truck11,20
2020-01-03,truck11,865
2020-01-03,truck11,210
2020-01-03,truck11,500
2020-01-03,truck11,375
2020-01-03,truck11,340
2020-01-03,truck11,215
2020-01-03,truck11,365
2020-01-03,truck11,65
2020-01-03,truck11,310
2020-01-03,truck11,415
2020-01-03,truck11,460
2020-01-03,truck11,50
2020-01-03,truck11,320
2020-01-03,truck11,210
2020-01-03,truck11,175
2020-01-03,truck12,95
2020-01-03,truck12,25
2020-01-03,truck12,2805
2020-01-03,truck12,2730
2020-01-03,truck12,2720
2020-01-03,truck12,2575
2020-01-03,truck12,2490
2020-01-03,truck12,295
2020-01-03,truck12,295
2020-01-03,truck12,195
2020-01-03,truck12,340
2020-01-03,truck12,1225
2020-01-03,truck12,490
2020-01-03,truck12,175
2020-01-03,truck13,1090
2020-01-03,truck13,315
2020-01-03,truck13,280
2020-01-03,truck13,330
2020-01-03,truck13,75
2020-01-03,truck14,435
2020-01-03,truck14,180
2020-01-03,truck14,295
2020-01-03,truck14,225
2020-01-03,truck14,280
2020-01-03,truck14,345
2020-01-03,truck15,305
2020-01-03,truck15,275
2020-01-03,truck15,345
2020-01-03,truck15,95
2020-01-03,truck15,445
2020-01-03,truck15,300
2020-01-03,truck15,430
2020-01-03,truck15,375
2020-01-03,truck15,330
2020-01-03,truck15,30
2020-01-03,truck15,475
2020-01-03,truck15,15
2020-01-03,truck16,240
2020-01-03,truck16,1805
2020-01-03,truck16,195
2020-01-03,truck16,1225
2020-01-03,truck17,380
2020-01-03,truck17,280
2020-01-03,truck17,295
2020-01-03,truck17,195
2020-01-03,truck17,80
2020-01-03,truck17,205
2020-01-03,truck17,255
2020-01-03,truck17,260
2020-01-03,truck18,85
