id,lat,long,truck_num,date,weight
123733.215_485442.075-Rest,52.355988,4.92825,truck0,2021-12-30T04:42:53.000Z,315
123733.215_485442.075-Rest,52.355988,4.92825,truck0,2021-12-30T04:44:31.000Z,25
123632.700_485919.935-Rest,52.36028,4.9267297,truck0,2021-12-30T04:49:31.000Z,5
123733.719_485960.730-Rest,52.36065,4.928209,truck0,2021-12-30T04:52:41.000Z,225
123880.413_486004.585-Rest,52.361053,4.9303584,truck0,2021-12-30T04:55:48.000Z,5
123696.634_485962.481-Rest,52.360664,4.9276643,truck0,2021-12-30T05:02:12.000Z,0
123696.634_485962.481-Rest,52.360664,4.9276643,truck0,2021-12-30T05:03:47.000Z,255
123607.232_485853.758-Rest,52.35968,4.926362,truck0,2021-12-30T05:06:43.000Z,155
123849.400_486024.221-Rest,52.36123,4.929901,truck0,2021-12-30T05:11:06.000Z,125
123696.634_485962.481-Rest,52.360664,4.9276643,truck0,2021-12-30T05:13:52.000Z,0
123632.700_485919.935-Rest,52.36028,4.9267297,truck0,2021-12-30T05:16:40.000Z,170
123531.208_485944.370-Rest,52.360493,4.9252377,truck0,2021-12-30T05:21:34.000Z,350
123585.750_486004.010-Rest,52.36103,4.9260325,truck0,2021-12-30T05:24:36.000Z,5
123697.383_486068.628-Rest,52.361618,4.927665,truck0,2021-12-30T05:29:47.000Z,325
123745.598_486086.949-Rest,52.361786,4.9283714,truck0,2021-12-30T05:32:49.000Z,5
123886.445_486139.049-Rest,52.362263,4.930434,truck0,2021-12-30T05:36:15.000Z,200
123876.654_486088.527-Rest,52.36181,4.9302955,truck0,2021-12-30T05:39:46.000Z,360
123777.513_486048.637-Rest,52.361443,4.9288435,truck0,2021-12-30T05:42:44.000Z,395
123715.901_486024.816-Rest,52.361225,4.9279413,truck0,2021-12-30T05:46:15.000Z,340
123229.387_485763.274-Rest,52.35885,4.920824,truck0,2021-12-30T05:51:04.000Z,155
123325.935_485668.562-Rest,52.358,4.9222503,truck0,2021-12-30T05:56:23.000Z,170
123386.405_485690.113-Rest,52.3582,4.9231358,truck0,2021-12-30T05:59:32.000Z,115
123223.300_485343.011-Rest,52.35507,4.9207745,truck0,2021-12-30T06:02:37.000Z,210
123538.570_485752.437-Rest,52.35877,4.9253635,truck0,2021-12-30T06:06:22.000Z,220
123367.029_485349.869-Rest,52.35514,4.9228835,truck0,2021-12-30T06:09:59.000Z,675
123006.957_485387.761-Rest,52.355457,4.917595,truck0,2021-12-30T06:14:59.000Z,180
123075.477_485419.208-Rest,52.355747,4.918597,truck0,2021-12-30T06:17:31.000Z,465
122420.751_485256.463-Rest,52.354244,4.909003,truck0,2021-12-30T06:21:34.000Z,105
122420.751_485256.463-Rest,52.354244,4.909003,truck0,2021-12-30T06:22:23.000Z,85
122451.309_485208.215-Rest,52.353813,4.9094563,truck0,2021-12-30T06:25:32.000Z,265
122501.171_485103.049-Rest,52.35287,4.910198,truck0,2021-12-30T06:29:05.000Z,395
123214.240_485553.256-Rest,52.35696,4.9206214,truck0,2021-12-30T06:34:27.000Z,140
123141.126_485520.406-Rest,52.35666,4.9195514,truck0,2021-12-30T06:37:52.000Z,305
123141.126_485520.406-Rest,52.35666,4.9195514,truck0,2021-12-30T06:39:07.000Z,250
123061.327_485483.472-Rest,52.356323,4.9183836,truck0,2021-12-30T06:42:47.000Z,190
123061.327_485483.472-Rest,52.356323,4.9183836,truck0,2021-12-30T06:43:48.000Z,250
122971.363_485442.486-Rest,52.35595,4.917067,truck0,2021-12-30T06:48:56.000Z,240
122971.363_485442.486-Rest,52.35595,4.917067,truck0,2021-12-30T06:50:44.000Z,840
122895.293_485408.000-Rest,52.355633,4.9159536,truck0,2021-12-30T06:53:48.000Z,135
122895.293_485408.000-Rest,52.355633,4.9159536,truck0,2021-12-30T06:54:58.000Z,130
122780.758_485348.468-Rest,52.35509,4.9142785,truck0,2021-12-30T06:58:45.000Z,190
122780.758_485348.468-Rest,52.35509,4.9142785,truck0,2021-12-30T06:59:51.000Z,200
122720.406_485389.170-Rest,52.355453,4.9133887,truck0,2021-12-30T07:03:50.000Z,50
122720.406_485389.170-Rest,52.355453,4.9133887,truck0,2021-12-30T07:04:50.000Z,25
122785.955_485419.292-Rest,52.35573,4.9143476,truck0,2021-12-30T07:07:50.000Z,300
122785.955_485419.292-Rest,52.35573,4.9143476,truck0,2021-12-30T07:08:51.000Z,240
122906.093_485474.195-Rest,52.35623,4.9161057,truck0,2021-12-30T07:12:48.000Z,395
123031.870_485532.118-Rest,52.35676,4.917947,truck0,2021-12-30T07:17:55.000Z,130
123031.870_485532.118-Rest,52.35676,4.917947,truck0,2021-12-30T07:19:17.000Z,370
123133.374_485577.603-Rest,52.357174,4.919432,truck0,2021-12-30T07:23:09.000Z,365
123216.296_485613.027-Rest,52.357494,4.920646,truck0,2021-12-30T07:26:26.000Z,175
123216.296_485613.027-Rest,52.357494,4.920646,truck0,2021-12-30T07:27:28.000Z,200
123679.974_486323.059-Rest,52.363903,4.9273863,truck0,2021-12-30T07:36:08.000Z,420
123808.691_486370.835-Rest,52.36434,4.9292717,truck0,2021-12-30T07:39:56.000Z,330
123739.295_486147.002-Rest,52.362324,4.9282737,truck0,2021-12-30T07:45:19.000Z,360
123867.046_486192.403-Rest,52.36274,4.930145,truck0,2021-12-30T07:48:31.000Z,300
123856.205_486238.158-Rest,52.36315,4.929981,truck0,2021-12-30T07:52:00.000Z,150
123856.205_486238.158-Rest,52.36315,4.929981,truck0,2021-12-30T07:54:11.000Z,375
123711.576_486188.898-Rest,52.3627,4.9278626,truck0,2021-12-30T07:59:26.000Z,220
123661.685_486181.991-Rest,52.362637,4.9271307,truck0,2021-12-30T08:02:17.000Z,385
123551.450_486144.695-Rest,52.362293,4.925516,truck0,2021-12-30T08:06:01.000Z,435
123463.408_486115.252-Rest,52.362022,4.9242263,truck0,2021-12-30T08:08:46.000Z,490
123679.591_486252.688-Rest,52.36327,4.927387,truck0,2021-12-30T08:13:00.000Z,510
123732.363_486409.531-Rest,52.364685,4.9281473,truck0,2021-12-30T08:19:50.000Z,275
123632.382_486388.313-Rest,52.364487,4.9266815,truck0,2021-12-30T08:22:43.000Z,290
123587.280_486357.960-Rest,52.364212,4.926022,truck0,2021-12-30T08:25:50.000Z,360
123441.596_486309.341-Rest,52.363766,4.9238877,truck0,2021-12-30T08:29:09.000Z,440
122535.705_485828.928-Rest,52.359398,4.910635,truck0,2021-12-30T08:36:42.000Z,185
122535.705_485828.928-Rest,52.359398,4.910635,truck0,2021-12-30T08:37:46.000Z,285
122609.632_485792.362-Rest,52.359074,4.9117236,truck0,2021-12-30T08:41:50.000Z,155
122609.632_485792.362-Rest,52.359074,4.9117236,truck0,2021-12-30T08:43:08.000Z,710
122719.209_485836.181-Rest,52.359474,4.913328,truck0,2021-12-30T08:46:24.000Z,245
122804.596_485887.913-Rest,52.359943,4.9145765,truck0,2021-12-30T08:49:44.000Z,90
122882.124_485905.601-Rest,52.360107,4.915713,truck0,2021-12-30T08:52:47.000Z,230
122864.890_485969.870-Rest,52.360683,4.915454,truck0,2021-12-30T08:56:20.000Z,275
122864.890_485969.870-Rest,52.360683,4.915454,truck0,2021-12-30T08:58:06.000Z,140
122777.490_485950.781-Rest,52.360504,4.9141726,truck0,2021-12-30T09:01:42.000Z,370
122699.849_485927.563-Rest,52.360294,4.913035,truck0,2021-12-30T09:05:05.000Z,215
122699.849_485927.563-Rest,52.360294,4.913035,truck0,2021-12-30T09:06:31.000Z,70
122867.404_485824.579-Rest,52.359375,4.9155045,truck0,2021-12-30T09:10:50.000Z,135
122808.874_485804.387-Rest,52.35919,4.914647,truck0,2021-12-30T09:14:30.000Z,365
122752.058_485787.982-Rest,52.35904,4.913815,truck0,2021-12-30T09:18:10.000Z,70
122752.058_485787.982-Rest,52.35904,4.913815,truck0,2021-12-30T09:19:07.000Z,125
123135.089_485650.555-Rest,52.35783,4.9194508,truck0,2021-12-30T09:21:55.000Z,225
123135.089_485650.555-Rest,52.35783,4.9194508,truck0,2021-12-30T09:22:10.000Z,15
123056.817_485617.456-Rest,52.357525,4.918305,truck0,2021-12-30T09:24:32.000Z,40
123056.817_485617.456-Rest,52.357525,4.918305,truck0,2021-12-30T09:24:45.000Z,5
122582.400_485723.957-Rest,52.358456,4.9113307,truck0,2021-12-30T09:29:23.000Z,110
122582.400_485723.957-Rest,52.358456,4.9113307,truck0,2021-12-30T09:30:42.000Z,195
122540.667_485708.716-Rest,52.358315,4.9107194,truck0,2021-12-30T09:33:06.000Z,180
122503.564_485664.365-Rest,52.357914,4.910179,truck0,2021-12-30T09:37:37.000Z,165
122782.910_485502.739-Rest,52.35648,4.914295,truck0,2021-12-30T09:39:59.000Z,330
122782.910_485502.739-Rest,52.35648,4.914295,truck0,2021-12-30T09:40:19.000Z,5
122553.561_485630.575-Rest,52.357616,4.9109163,truck0,2021-12-30T09:43:05.000Z,185
122553.561_485630.575-Rest,52.357616,4.9109163,truck0,2021-12-30T09:44:37.000Z,705
122616.070_485671.280-Rest,52.357983,4.91183,truck0,2021-12-30T09:48:18.000Z,55
122616.070_485671.280-Rest,52.357983,4.91183,truck0,2021-12-30T09:49:07.000Z,30
122616.070_485671.280-Rest,52.357983,4.91183,truck0,2021-12-30T09:50:18.000Z,135
122673.792_485678.999-Rest,52.35806,4.9126763,truck0,2021-12-30T09:53:25.000Z,165
122673.792_485678.999-Rest,52.35806,4.9126763,truck0,2021-12-30T09:54:33.000Z,115
122625.340_485981.915-Rest,52.360775,4.9119363,truck0,2021-12-30T10:00:02.000Z,255
122688.096_486000.626-Rest,52.360947,4.9128556,truck0,2021-12-30T10:03:07.000Z,110
122688.096_486000.626-Rest,52.360947,4.9128556,truck0,2021-12-30T10:03:55.000Z,135
122970.715_486091.266-Rest,52.36178,4.9169955,truck0,2021-12-30T10:08:39.000Z,895
122987.666_485251.290-Rest,52.354233,4.9173245,truck0,2021-12-30T10:20:47.000Z,265
123018.299_485117.970-Rest,52.353035,4.9177866,truck0,2021-12-30T10:29:23.000Z,325
121459.478_484946.582-Rest,52.351402,4.8949246,truck0,2021-12-30T10:39:08.000Z,415
122170.507_484222.699-Rest,52.34494,4.905431,truck0,2021-12-30T10:47:24.000Z,425
122170.507_484222.699-Rest,52.34494,4.905431,truck0,2021-12-30T10:48:21.000Z,250
122006.639_484166.993-Rest,52.34443,4.903032,truck0,2021-12-30T10:52:01.000Z,195
122015.694_484059.366-Rest,52.34346,4.903175,truck0,2021-12-30T10:55:53.000Z,240
122015.694_484059.366-Rest,52.34346,4.903175,truck0,2021-12-30T10:57:36.000Z,50
122132.003_483925.888-Rest,52.34227,4.904895,truck0,2021-12-30T11:04:37.000Z,160
122132.003_483925.888-Rest,52.34227,4.904895,truck0,2021-12-30T11:05:45.000Z,225
122120.533_483785.461-Rest,52.341007,4.9047403,truck0,2021-12-30T11:08:32.000Z,205
122120.533_483785.461-Rest,52.341007,4.9047403,truck0,2021-12-30T11:09:41.000Z,120
122207.740_483723.495-Rest,52.340454,4.906026,truck0,2021-12-30T11:12:46.000Z,285
122208.437_483803.909-Rest,52.34118,4.9060283,truck0,2021-12-30T11:17:48.000Z,245
122179.514_483933.663-Rest,52.342342,4.905591,truck0,2021-12-30T11:22:06.000Z,585
122179.514_483933.663-Rest,52.342342,4.905591,truck0,2021-12-30T11:23:55.000Z,595
122137.432_483997.143-Rest,52.34291,4.9049673,truck0,2021-12-30T11:26:24.000Z,20
122137.432_483997.143-Rest,52.34291,4.9049673,truck0,2021-12-30T11:27:42.000Z,80
122142.559_484098.471-Rest,52.343822,4.9050326,truck0,2021-12-30T11:30:21.000Z,255
122142.559_484098.471-Rest,52.343822,4.9050326,truck0,2021-12-30T11:31:34.000Z,285
122122.572_484196.926-Rest,52.344704,4.90473,truck0,2021-12-30T11:34:37.000Z,155
122122.572_484196.926-Rest,52.344704,4.90473,truck0,2021-12-30T11:35:47.000Z,275
122358.774_484149.606-Rest,52.34429,4.9082007,truck0,2021-12-30T11:43:03.000Z,365
122358.774_484149.606-Rest,52.34429,4.9082007,truck0,2021-12-30T11:44:47.000Z,360
122398.428_484030.520-Rest,52.343224,4.908794,truck0,2021-12-30T11:51:17.000Z,295
121532.562_484163.068-Rest,52.344364,4.8960752,truck0,2021-12-30T11:58:05.000Z,600
120921.969_484894.435-Rest,52.3509,4.887041,truck0,2021-12-30T12:04:13.000Z,545
121070.769_484926.406-Rest,52.351196,4.8892217,truck0,2021-12-30T12:07:49.000Z,770
121194.413_484941.418-Rest,52.351337,4.891035,truck0,2021-12-30T12:12:37.000Z,765
122163.869_491353.904-Rest,52.409027,4.9046364,truck0,2021-12-30T12:53:00.000Z,225
121457.538_491209.142-Rest,52.407684,4.894271,truck0,2021-12-30T12:59:01.000Z,185
121457.538_491209.142-Rest,52.407684,4.894271,truck0,2021-12-30T12:59:55.000Z,125
121457.538_491209.142-Rest,52.407684,4.894271,truck0,2021-12-30T13:02:24.000Z,70
121402.148_491109.429-Rest,52.406784,4.893467,truck0,2021-12-30T13:05:15.000Z,90
121402.148_491109.429-Rest,52.406784,4.893467,truck0,2021-12-30T13:06:06.000Z,50
121204.733_490905.000-Rest,52.404938,4.8905864,truck0,2021-12-30T13:11:14.000Z,220
121190.790_490887.301-Rest,52.404778,4.8903832,truck0,2021-12-30T13:12:35.000Z,170
121084.000_490899.420-Rest,52.404877,4.888813,truck0,2021-12-30T13:15:58.000Z,395
121084.000_490899.420-Rest,52.404877,4.888813,truck0,2021-12-30T13:17:12.000Z,90
121101.673_490942.101-Rest,52.405262,4.8890686,truck0,2021-12-30T13:21:56.000Z,370
121084.000_490899.420-Rest,52.404877,4.888813,truck0,2021-12-30T13:23:20.000Z,375
121138.508_490989.412-Rest,52.40569,4.889605,truck0,2021-12-30T13:29:07.000Z,595
123615.611_485613.097-Rest,52.35752,4.9265075,truck1,2021-12-30T05:25:00.000Z,145
123591.689_485509.250-Rest,52.356586,4.926166,truck1,2021-12-30T05:32:49.000Z,220
123591.689_485509.250-Rest,52.356586,4.926166,truck1,2021-12-30T05:33:51.000Z,300
123510.222_485478.162-Rest,52.3563,4.924973,truck1,2021-12-30T05:37:34.000Z,355
123388.425_485423.964-Rest,52.35581,4.9231906,truck1,2021-12-30T05:42:56.000Z,325
123388.425_485423.964-Rest,52.35581,4.9231906,truck1,2021-12-30T05:45:02.000Z,290
123433.374_485515.378-Rest,52.356632,4.9238415,truck1,2021-12-30T05:49:13.000Z,280
123555.559_486074.837-Rest,52.361668,4.925583,truck1,2021-12-30T05:53:11.000Z,290
123640.357_486104.695-Rest,52.36194,4.926825,truck1,2021-12-30T05:56:24.000Z,470
122951.236_486289.272-Rest,52.36356,4.916691,truck1,2021-12-30T06:02:21.000Z,225
122951.236_486289.272-Rest,52.36356,4.916691,truck1,2021-12-30T06:03:29.000Z,145
123392.151_485818.826-Rest,52.359356,4.923208,truck1,2021-12-30T06:10:47.000Z,140
123557.968_485708.847-Rest,52.358376,4.9256525,truck1,2021-12-30T06:15:45.000Z,475
123469.399_485669.110-Rest,52.358013,4.924356,truck1,2021-12-30T06:19:57.000Z,380
123163.424_485458.581-Rest,52.356106,4.9198847,truck1,2021-12-30T06:22:33.000Z,215
123388.296_485631.862-Rest,52.357674,4.923169,truck1,2021-12-30T06:24:52.000Z,185
123346.875_485542.159-Rest,52.356865,4.9225698,truck1,2021-12-30T06:28:04.000Z,295
123310.275_485602.141-Rest,52.357403,4.9220266,truck1,2021-12-30T06:29:19.000Z,320
123473.501_485600.174-Rest,52.357395,4.9244227,truck1,2021-12-30T06:30:40.000Z,300
123214.240_485553.256-Rest,52.35696,4.9206214,truck1,2021-12-30T06:33:00.000Z,90
122606.296_485295.755-Rest,52.35461,4.9117227,truck1,2021-12-30T06:37:57.000Z,130
122606.296_485295.755-Rest,52.35461,4.9117227,truck1,2021-12-30T06:38:44.000Z,160
123553.372_485426.472-Rest,52.35584,4.9256115,truck1,2021-12-30T06:44:35.000Z,480
123553.372_485426.472-Rest,52.35584,4.9256115,truck1,2021-12-30T06:46:44.000Z,110
124888.256_487167.529-Rest,52.37156,4.9450493,truck1,2021-12-30T07:01:41.000Z,400
124779.054_487149.634-Rest,52.371395,4.9434476,truck1,2021-12-30T07:04:42.000Z,400
123466.816_486190.250-Rest,52.362698,4.924269,truck1,2021-12-30T07:15:36.000Z,815
123623.874_486232.200-Rest,52.363083,4.926571,truck1,2021-12-30T07:18:50.000Z,65
123623.874_486232.200-Rest,52.363083,4.926571,truck1,2021-12-30T07:21:08.000Z,225
123485.301_486257.882-Rest,52.363308,4.9245343,truck1,2021-12-30T07:27:00.000Z,130
123485.301_486257.882-Rest,52.363308,4.9245343,truck1,2021-12-30T07:27:57.000Z,300
123594.528_486293.916-Rest,52.363636,4.9261346,truck1,2021-12-30T07:30:41.000Z,275
123404.474_485238.177-Rest,52.354137,4.9234433,truck1,2021-12-30T07:39:23.000Z,190
123220.803_485125.633-Rest,52.353115,4.9207582,truck1,2021-12-30T07:52:09.000Z,360
123085.841_485064.260-Rest,52.35256,4.918783,truck1,2021-12-30T07:57:55.000Z,20
123051.270_485002.208-Rest,52.351997,4.9182816,truck1,2021-12-30T08:08:55.000Z,35
122621.198_485596.886-Rest,52.357315,4.9119124,truck1,2021-12-30T08:15:25.000Z,115
122707.156_485623.770-Rest,52.357563,4.9131713,truck1,2021-12-30T08:18:56.000Z,110
122707.156_485623.770-Rest,52.357563,4.9131713,truck1,2021-12-30T08:19:55.000Z,0
122757.349_485608.714-Rest,52.35743,4.91391,truck1,2021-12-30T08:25:02.000Z,105
122757.349_485608.714-Rest,52.35743,4.91391,truck1,2021-12-30T08:25:58.000Z,225
122617.466_485879.667-Rest,52.359856,4.9118304,truck1,2021-12-30T08:33:22.000Z,0
121469.720_485013.149-Rest,52.352,4.895068,truck1,2021-12-30T08:46:04.000Z,1030
121617.922_485046.545-Rest,52.35231,4.89724,truck1,2021-12-30T08:50:21.000Z,665
121617.922_485046.545-Rest,52.35231,4.89724,truck1,2021-12-30T08:51:50.000Z,855
121616.234_485107.715-Rest,52.35286,4.897209,truck1,2021-12-30T08:55:20.000Z,815
121515.286_485097.142-Rest,52.352757,4.8957286,truck1,2021-12-30T08:59:44.000Z,300
121515.286_485097.142-Rest,52.352757,4.8957286,truck1,2021-12-30T09:00:58.000Z,285
121440.963_485078.278-Rest,52.352585,4.89464,truck1,2021-12-30T09:04:26.000Z,950
121421.830_484992.367-Rest,52.35181,4.8943677,truck1,2021-12-30T09:08:32.000Z,615
121421.830_484992.367-Rest,52.35181,4.8943677,truck1,2021-12-30T09:09:54.000Z,560
121232.206_484949.362-Rest,52.351414,4.8915887,truck1,2021-12-30T09:15:48.000Z,760
121232.206_484949.362-Rest,52.351414,4.8915887,truck1,2021-12-30T09:17:10.000Z,765
121805.326_484504.157-Rest,52.347446,4.9000444,truck1,2021-12-30T09:23:50.000Z,310
122897.087_485539.803-Rest,52.35682,4.9159675,truck1,2021-12-30T09:33:27.000Z,205
122897.087_485539.803-Rest,52.35682,4.9159675,truck1,2021-12-30T09:33:46.000Z,30
122611.356_485427.337-Rest,52.355793,4.911784,truck1,2021-12-30T09:49:36.000Z,230
122969.327_484895.785-Rest,52.351036,4.917089,truck1,2021-12-30T10:02:34.000Z,150
122916.034_484851.432-Rest,52.350636,4.9163113,truck1,2021-12-30T10:10:48.000Z,300
122952.089_485121.921-Rest,52.353065,4.916815,truck1,2021-12-30T10:14:08.000Z,205
121562.792_484880.028-Rest,52.35081,4.8964477,truck1,2021-12-30T10:25:52.000Z,200
121664.308_484904.856-Rest,52.35104,4.897935,truck1,2021-12-30T10:29:28.000Z,830
121582.248_484973.414-Rest,52.35165,4.8967237,truck1,2021-12-30T10:33:57.000Z,770
121459.478_484946.582-Rest,52.351402,4.8949246,truck1,2021-12-30T10:37:34.000Z,320
118489.424_485290.547-Rest,52.354305,4.851297,truck1,2021-12-30T10:56:43.000Z,840
118571.630_485426.537-Rest,52.35553,4.852489,truck1,2021-12-30T11:01:49.000Z,510
118465.512_485620.976-Rest,52.357273,4.85091,truck1,2021-12-30T11:10:06.000Z,220
118465.512_485620.976-Rest,52.357273,4.85091,truck1,2021-12-30T11:12:31.000Z,630
118137.366_484928.471-Rest,52.351025,4.846169,truck1,2021-12-30T11:23:18.000Z,660
118125.766_484669.752-Rest,52.3487,4.8460274,truck1,2021-12-30T11:35:33.000Z,830
118132.008_484481.204-Rest,52.347008,4.8461394,truck1,2021-12-30T11:48:38.000Z,420
115546.603_485582.701-Rest,52.356728,4.808069,truck1,2021-12-30T12:05:46.000Z,470
115546.603_485582.701-Rest,52.356728,4.808069,truck1,2021-12-30T12:06:54.000Z,425
115546.603_485582.701-Rest,52.356728,4.808069,truck1,2021-12-30T12:07:56.000Z,435
115468.818_485558.625-Rest,52.356503,4.8069305,truck1,2021-12-30T12:11:09.000Z,410
115468.818_485558.625-Rest,52.356503,4.8069305,truck1,2021-12-30T12:12:04.000Z,135
115468.818_485558.625-Rest,52.356503,4.8069305,truck1,2021-12-30T12:13:02.000Z,470
115087.204_485466.991-Rest,52.35565,4.8013396,truck1,2021-12-30T12:18:03.000Z,50
115087.204_485466.991-Rest,52.35565,4.8013396,truck1,2021-12-30T12:19:04.000Z,100
115087.204_485466.991-Rest,52.35565,4.8013396,truck1,2021-12-30T12:20:14.000Z,455
115739.400_487925.092-Rest,52.377792,4.8106256,truck1,2021-12-30T12:35:59.000Z,245
115739.400_487925.092-Rest,52.377792,4.8106256,truck1,2021-12-30T12:37:02.000Z,340
122607.376_485512.266-Rest,52.356556,4.9117174,truck2,2021-12-30T05:32:56.000Z,185
122781.522_485595.157-Rest,52.35731,4.9142656,truck2,2021-12-30T05:36:53.000Z,285
122781.522_485595.157-Rest,52.35731,4.9142656,truck2,2021-12-30T05:38:20.000Z,130
122781.522_485595.157-Rest,52.35731,4.9142656,truck2,2021-12-30T05:39:28.000Z,190
122961.381_485654.550-Rest,52.357853,4.9169,truck2,2021-12-30T05:43:24.000Z,175
123085.669_485705.543-Rest,52.35832,4.91872,truck2,2021-12-30T05:47:16.000Z,200
122354.199_485579.663-Rest,52.357147,4.9079947,truck2,2021-12-30T05:52:04.000Z,315
122318.013_485470.151-Rest,52.35616,4.9074745,truck2,2021-12-30T05:56:06.000Z,200
122414.952_485513.211-Rest,52.356552,4.908893,truck2,2021-12-30T05:59:37.000Z,300
122472.934_485534.473-Rest,52.356747,4.909742,truck2,2021-12-30T06:02:32.000Z,355
122439.653_485350.755-Rest,52.355095,4.9092712,truck2,2021-12-30T06:06:28.000Z,270
122506.137_485387.547-Rest,52.35544,4.9102497,truck2,2021-12-30T06:09:20.000Z,435
122496.330_485460.095-Rest,52.356068,4.910075,truck2,2021-12-30T06:11:41.000Z,95
122496.330_485460.095-Rest,52.356068,4.910075,truck2,2021-12-30T06:12:37.000Z,115
122340.981_485342.761-Rest,52.355015,4.9078236,truck2,2021-12-30T06:16:37.000Z,475
122400.059_485284.102-Rest,52.354492,4.9086967,truck2,2021-12-30T06:19:15.000Z,290
123257.392_485501.641-Rest,52.3565,4.92126,truck2,2021-12-30T06:25:01.000Z,365
123854.111_486363.019-Rest,52.364273,4.929939,truck2,2021-12-30T06:31:34.000Z,200
123854.111_486363.019-Rest,52.364273,4.929939,truck2,2021-12-30T06:35:37.000Z,85
124467.356_487116.507-Rest,52.37108,4.938874,truck2,2021-12-30T06:49:08.000Z,310
124467.356_487116.507-Rest,52.37108,4.938874,truck2,2021-12-30T06:50:01.000Z,455
124541.147_487154.812-Rest,52.371426,4.939954,truck2,2021-12-30T06:53:15.000Z,375
124541.147_487154.812-Rest,52.371426,4.939954,truck2,2021-12-30T06:54:14.000Z,905
124644.731_487131.046-Rest,52.37122,4.941477,truck2,2021-12-30T06:56:41.000Z,295
124779.054_487149.634-Rest,52.371395,4.9434476,truck2,2021-12-30T06:59:06.000Z,345
123466.816_486190.250-Rest,52.362698,4.924269,truck2,2021-12-30T07:14:12.000Z,145
123622.761_485456.373-Rest,52.35611,4.926627,truck2,2021-12-30T07:22:43.000Z,305
123696.530_485411.481-Rest,52.355713,4.927714,truck2,2021-12-30T07:27:18.000Z,280
123492.818_485222.696-Rest,52.354004,4.9247417,truck2,2021-12-30T07:36:54.000Z,205
124900.636_483753.954-Rest,52.34088,4.9455366,truck2,2021-12-30T07:51:29.000Z,195
124900.636_483753.954-Rest,52.34088,4.9455366,truck2,2021-12-30T07:52:27.000Z,350
125014.991_483800.676-Rest,52.34131,4.9472103,truck2,2021-12-30T07:55:32.000Z,180
125014.991_483800.676-Rest,52.34131,4.9472103,truck2,2021-12-30T07:56:33.000Z,415
125019.514_483874.994-Rest,52.341976,4.94727,truck2,2021-12-30T08:00:56.000Z,285
125019.514_483874.994-Rest,52.341976,4.94727,truck2,2021-12-30T08:01:56.000Z,185
124920.404_483867.907-Rest,52.341908,4.9458165,truck2,2021-12-30T08:06:08.000Z,430
124816.366_483768.140-Rest,52.341007,4.9442987,truck2,2021-12-30T08:08:42.000Z,150
124648.138_487316.196-Rest,52.372883,4.94151,truck2,2021-12-30T08:30:39.000Z,155
124648.138_487316.196-Rest,52.372883,4.94151,truck2,2021-12-30T08:31:30.000Z,280
124598.011_487365.949-Rest,52.37333,4.9407697,truck2,2021-12-30T08:33:50.000Z,225
124458.654_487341.764-Rest,52.373104,4.9387255,truck2,2021-12-30T08:36:31.000Z,90
124765.428_487440.640-Rest,52.37401,4.943221,truck2,2021-12-30T08:40:46.000Z,125
124902.071_487499.512-Rest,52.374546,4.9452224,truck2,2021-12-30T08:43:30.000Z,440
124902.071_487499.512-Rest,52.374546,4.9452224,truck2,2021-12-30T08:44:19.000Z,50
124995.801_487537.485-Rest,52.374893,4.946595,truck2,2021-12-30T08:46:52.000Z,340
125115.830_487557.831-Rest,52.37508,4.948356,truck2,2021-12-30T08:49:12.000Z,285
123286.173_489001.129-Rest,52.38795,4.921352,truck2,2021-12-30T09:03:28.000Z,435
122048.235_488690.309-Rest,52.385082,4.9031987,truck2,2021-12-30T09:11:40.000Z,345
122171.975_489838.876-Rest,52.395412,4.904904,truck2,2021-12-30T09:25:42.000Z,275
122171.975_489838.876-Rest,52.395412,4.904904,truck2,2021-12-30T09:26:49.000Z,160
122225.410_489991.617-Rest,52.39679,4.905674,truck2,2021-12-30T09:30:16.000Z,145
122225.410_489991.617-Rest,52.39679,4.905674,truck2,2021-12-30T09:31:23.000Z,425
122599.169_490824.539-Rest,52.404297,4.9110847,truck2,2021-12-30T09:38:30.000Z,615
122599.169_490824.539-Rest,52.404297,4.9110847,truck2,2021-12-30T09:40:15.000Z,190
123073.860_491205.675-Rest,52.40775,4.9180236,truck2,2021-12-30T09:45:05.000Z,425
123196.298_491114.098-Rest,52.406933,4.9198318,truck2,2021-12-30T09:49:09.000Z,240
123196.298_491114.098-Rest,52.406933,4.9198318,truck2,2021-12-30T09:49:56.000Z,195
121241.362_491795.742-Rest,52.412945,4.891035,truck2,2021-12-30T10:05:53.000Z,715
121341.513_491950.560-Rest,52.41434,4.8924913,truck2,2021-12-30T10:15:40.000Z,1085
122851.462_490803.427-Rest,52.40412,4.914794,truck2,2021-12-30T10:30:38.000Z,860
122851.462_490803.427-Rest,52.40412,4.914794,truck2,2021-12-30T10:31:30.000Z,390
123156.164_490901.902-Rest,52.405025,4.919262,truck2,2021-12-30T10:35:50.000Z,375
123438.258_491304.326-Rest,52.408657,4.9233694,truck2,2021-12-30T10:41:02.000Z,145
123438.258_491304.326-Rest,52.408657,4.9233694,truck2,2021-12-30T10:42:03.000Z,380
123484.951_491362.909-Rest,52.409187,4.9240503,truck2,2021-12-30T10:45:49.000Z,105
123484.951_491362.909-Rest,52.409187,4.9240503,truck2,2021-12-30T10:46:46.000Z,355
123372.890_491852.764-Rest,52.41358,4.922357,truck2,2021-12-30T10:51:13.000Z,350
123272.950_491923.387-Rest,52.41421,4.9208817,truck2,2021-12-30T10:54:25.000Z,300
123177.465_491978.424-Rest,52.4147,4.919473,truck2,2021-12-30T10:57:22.000Z,285
120986.757_492450.296-Rest,52.41881,4.887227,truck2,2021-12-30T11:35:12.000Z,760
121062.040_492627.572-Rest,52.42041,4.8883157,truck2,2021-12-30T11:41:10.000Z,235
121062.040_492627.572-Rest,52.42041,4.8883157,truck2,2021-12-30T11:42:33.000Z,865
121230.060_492452.900-Rest,52.41885,4.890803,truck2,2021-12-30T11:47:13.000Z,160
121230.060_492452.900-Rest,52.41885,4.890803,truck2,2021-12-30T11:48:25.000Z,895
121181.577_492261.472-Rest,52.417126,4.8901095,truck2,2021-12-30T11:53:22.000Z,955
120744.548_492167.312-Rest,52.416252,4.8836956,truck2,2021-12-30T12:32:36.000Z,200
120744.548_492167.312-Rest,52.416252,4.8836956,truck2,2021-12-30T12:34:01.000Z,360
120744.548_492167.312-Rest,52.416252,4.8836956,truck2,2021-12-30T12:35:07.000Z,315
120797.636_492047.984-Rest,52.415184,4.884488,truck2,2021-12-30T12:39:03.000Z,295
120797.636_492047.984-Rest,52.415184,4.884488,truck2,2021-12-30T12:40:05.000Z,345
121248.169_492038.045-Rest,52.415123,4.891111,truck2,2021-12-30T12:44:23.000Z,375
121248.169_492038.045-Rest,52.415123,4.891111,truck2,2021-12-30T12:45:29.000Z,320
118789.189_485152.974-Rest,52.35309,4.8557115,truck3,2021-12-30T05:34:50.000Z,260
118832.658_485318.132-Rest,52.354576,4.856332,truck3,2021-12-30T05:39:09.000Z,335
118832.658_485318.132-Rest,52.354576,4.856332,truck3,2021-12-30T05:40:36.000Z,130
118887.306_484928.437-Rest,52.351074,4.857176,truck3,2021-12-30T05:46:18.000Z,275
118887.306_484928.437-Rest,52.351074,4.857176,truck3,2021-12-30T05:47:55.000Z,270
119021.092_484989.587-Rest,52.351635,4.859133,truck3,2021-12-30T05:53:01.000Z,735
119153.377_485038.628-Rest,52.352085,4.861069,truck3,2021-12-30T05:57:09.000Z,495
119153.377_485038.628-Rest,52.352085,4.861069,truck3,2021-12-30T05:58:49.000Z,295
119290.677_485094.125-Rest,52.352592,4.863078,truck3,2021-12-30T06:03:13.000Z,310
119346.717_485031.499-Rest,52.35203,4.8639073,truck3,2021-12-30T06:07:05.000Z,290
119346.717_485031.499-Rest,52.35203,4.8639073,truck3,2021-12-30T06:08:28.000Z,260
119353.198_485119.146-Rest,52.352818,4.8640294,truck3,2021-12-30T06:11:55.000Z,365
119353.198_485119.146-Rest,52.352818,4.8640294,truck3,2021-12-30T06:13:35.000Z,235
119461.279_485097.597-Rest,52.352634,4.865582,truck3,2021-12-30T06:16:59.000Z,405
119634.948_485178.664-Rest,52.353374,4.868122,truck3,2021-12-30T06:21:21.000Z,475
119634.948_485178.664-Rest,52.353374,4.868122,truck3,2021-12-30T06:23:05.000Z,295
119533.617_485205.265-Rest,52.353607,4.866632,truck3,2021-12-30T06:27:03.000Z,510
119656.627_485363.794-Rest,52.355038,4.868421,truck3,2021-12-30T06:31:28.000Z,85
119656.627_485363.794-Rest,52.355038,4.868421,truck3,2021-12-30T06:32:56.000Z,245
119324.620_484647.322-Rest,52.34858,4.8636236,truck3,2021-12-30T06:40:05.000Z,355
118726.714_484455.489-Rest,52.346813,4.85487,truck3,2021-12-30T06:45:56.000Z,295
119005.345_484317.011-Rest,52.34559,4.8589735,truck3,2021-12-30T06:52:34.000Z,140
119005.345_484317.011-Rest,52.34559,4.8589735,truck3,2021-12-30T06:54:18.000Z,425
118820.140_484475.411-Rest,52.347,4.856239,truck3,2021-12-30T06:56:04.000Z,390
118962.423_484242.405-Rest,52.344913,4.8583517,truck3,2021-12-30T07:00:11.000Z,555
118706.797_484308.211-Rest,52.34549,4.8545933,truck3,2021-12-30T07:10:54.000Z,460
118706.797_484308.211-Rest,52.34549,4.8545933,truck3,2021-12-30T07:12:57.000Z,270
118682.000_484397.219-Rest,52.346287,4.85422,truck3,2021-12-30T07:19:19.000Z,430
118682.000_484397.219-Rest,52.346287,4.85422,truck3,2021-12-30T07:23:36.000Z,425
119791.408_485537.529-Rest,52.35661,4.870381,truck3,2021-12-30T07:34:16.000Z,400
119791.408_485537.529-Rest,52.35661,4.870381,truck3,2021-12-30T07:34:19.000Z,0
119791.408_485537.529-Rest,52.35661,4.870381,truck3,2021-12-30T07:36:43.000Z,295
120743.610_482813.923-Rest,52.33219,4.884635,truck3,2021-12-30T07:54:04.000Z,35
120274.259_483076.656-Rest,52.334522,4.8777223,truck3,2021-12-30T08:01:29.000Z,145
120469.887_483003.012-Rest,52.333874,4.8806,truck3,2021-12-30T08:05:13.000Z,75
120469.887_483003.012-Rest,52.333874,4.8806,truck3,2021-12-30T08:06:27.000Z,25
120469.887_483003.012-Rest,52.333874,4.8806,truck3,2021-12-30T08:07:24.000Z,25
120451.272_483064.262-Rest,52.334423,4.8803205,truck3,2021-12-30T08:10:15.000Z,20
120451.272_483064.262-Rest,52.334423,4.8803205,truck3,2021-12-30T08:11:07.000Z,100
120374.818_482881.619-Rest,52.332775,4.8792176,truck3,2021-12-30T08:15:14.000Z,365
120374.818_482881.619-Rest,52.332775,4.8792176,truck3,2021-12-30T08:17:07.000Z,115
120374.818_482881.619-Rest,52.332775,4.8792176,truck3,2021-12-30T08:18:24.000Z,10
120458.586_482831.533-Rest,52.332333,4.8804517,truck3,2021-12-30T08:23:39.000Z,10
120458.586_482831.533-Rest,52.332333,4.8804517,truck3,2021-12-30T08:24:47.000Z,60
120458.586_482831.533-Rest,52.332333,4.8804517,truck3,2021-12-30T08:26:17.000Z,5
120235.156_482814.733-Rest,52.332165,4.877176,truck3,2021-12-30T08:32:26.000Z,225
120235.156_482814.733-Rest,52.332165,4.877176,truck3,2021-12-30T08:33:27.000Z,340
120087.818_482834.715-Rest,52.332336,4.8750124,truck3,2021-12-30T08:37:40.000Z,190
120087.818_482834.715-Rest,52.332336,4.8750124,truck3,2021-12-30T08:38:44.000Z,360
120087.818_482834.715-Rest,52.332336,4.8750124,truck3,2021-12-30T08:40:34.000Z,275
120085.962_482760.824-Rest,52.331673,4.874993,truck3,2021-12-30T08:44:03.000Z,300
120085.962_482760.824-Rest,52.331673,4.874993,truck3,2021-12-30T08:45:03.000Z,215
120085.962_482760.824-Rest,52.331673,4.874993,truck3,2021-12-30T08:46:17.000Z,380
119987.993_482836.898-Rest,52.332348,4.8735476,truck3,2021-12-30T08:51:26.000Z,175
119987.993_482836.898-Rest,52.332348,4.8735476,truck3,2021-12-30T08:52:28.000Z,245
119987.993_482836.898-Rest,52.332348,4.8735476,truck3,2021-12-30T08:53:40.000Z,195
119985.938_482760.853-Rest,52.331665,4.873525,truck3,2021-12-30T08:57:03.000Z,245
119985.938_482760.853-Rest,52.331665,4.873525,truck3,2021-12-30T08:58:50.000Z,235
119985.938_482760.853-Rest,52.331665,4.873525,truck3,2021-12-30T09:00:56.000Z,195
119192.802_482665.186-Rest,52.330753,4.8619,truck3,2021-12-30T09:06:10.000Z,40
119049.123_482672.734-Rest,52.330814,4.8597913,truck3,2021-12-30T09:10:02.000Z,50
119049.123_482672.734-Rest,52.330814,4.8597913,truck3,2021-12-30T09:11:02.000Z,30
118971.156_482675.493-Rest,52.330833,4.8586473,truck3,2021-12-30T09:13:56.000Z,10
118971.156_482675.493-Rest,52.330833,4.8586473,truck3,2021-12-30T09:15:02.000Z,40
118973.768_482810.309-Rest,52.332047,4.858671,truck3,2021-12-30T09:18:33.000Z,5
118973.768_482810.309-Rest,52.332047,4.858671,truck3,2021-12-30T09:19:56.000Z,0
119048.159_482818.299-Rest,52.332123,4.8597617,truck3,2021-12-30T09:23:08.000Z,40
119048.159_482818.299-Rest,52.332123,4.8597617,truck3,2021-12-30T09:24:07.000Z,25
119689.057_482851.054-Rest,52.33246,4.8691607,truck3,2021-12-30T09:31:20.000Z,75
119689.057_482851.054-Rest,52.33246,4.8691607,truck3,2021-12-30T09:32:28.000Z,125
120138.917_482884.999-Rest,52.33279,4.8757567,truck3,2021-12-30T09:37:37.000Z,210
120138.917_482884.999-Rest,52.33279,4.8757567,truck3,2021-12-30T09:38:54.000Z,165
118872.897_482821.561-Rest,52.332138,4.85719,truck3,2021-12-30T09:48:50.000Z,75
118872.897_482821.561-Rest,52.332138,4.85719,truck3,2021-12-30T09:51:14.000Z,230
118848.479_482791.163-Rest,52.331863,4.8568354,truck3,2021-12-30T09:54:46.000Z,175
118848.479_482791.163-Rest,52.331863,4.8568354,truck3,2021-12-30T09:56:09.000Z,135
118883.764_482585.820-Rest,52.33002,4.857375,truck3,2021-12-30T09:59:24.000Z,115
118883.764_482585.820-Rest,52.33002,4.857375,truck3,2021-12-30T10:00:27.000Z,50
118884.072_482459.713-Rest,52.328888,4.8573933,truck3,2021-12-30T10:04:06.000Z,215
118884.072_482459.713-Rest,52.328888,4.8573933,truck3,2021-12-30T10:05:17.000Z,45
118884.072_482459.713-Rest,52.328888,4.8573933,truck3,2021-12-30T10:06:37.000Z,100
118883.623_482224.491-Rest,52.326775,4.857412,truck3,2021-12-30T10:10:04.000Z,120
118883.623_482224.491-Rest,52.326775,4.857412,truck3,2021-12-30T10:11:04.000Z,140
118883.838_482067.797-Rest,52.325367,4.857432,truck3,2021-12-30T10:13:59.000Z,215
118883.838_482067.797-Rest,52.325367,4.857432,truck3,2021-12-30T10:15:21.000Z,280
118882.828_481928.981-Rest,52.32412,4.857432,truck3,2021-12-30T10:18:43.000Z,110
118882.828_481928.981-Rest,52.32412,4.857432,truck3,2021-12-30T10:19:49.000Z,65
118881.463_481787.180-Rest,52.322845,4.857427,truck3,2021-12-30T10:23:56.000Z,280
118881.463_481787.180-Rest,52.322845,4.857427,truck3,2021-12-30T10:25:18.000Z,280
118894.374_482440.467-Rest,52.328716,4.8575463,truck3,2021-12-30T10:30:45.000Z,60
118894.374_482440.467-Rest,52.328716,4.8575463,truck3,2021-12-30T10:31:49.000Z,195
118896.187_482564.354-Rest,52.32983,4.8575597,truck3,2021-12-30T10:34:41.000Z,80
118896.187_482564.354-Rest,52.32983,4.8575597,truck3,2021-12-30T10:35:54.000Z,175
118902.837_482728.849-Rest,52.33131,4.8576393,truck3,2021-12-30T10:39:13.000Z,75
118902.837_482728.849-Rest,52.33131,4.8576393,truck3,2021-12-30T10:40:34.000Z,200
118907.906_482930.925-Rest,52.333126,4.8576922,truck3,2021-12-30T10:44:01.000Z,100
118907.906_482930.925-Rest,52.333126,4.8576922,truck3,2021-12-30T10:45:23.000Z,225
124883.339_481327.054-Rest,52.31907,4.9455,truck3,2021-12-30T11:25:20.000Z,135
124786.977_481504.661-Rest,52.32066,4.9440703,truck3,2021-12-30T11:29:54.000Z,145
124786.977_481504.661-Rest,52.32066,4.9440703,truck3,2021-12-30T11:31:33.000Z,250
124780.765_481398.317-Rest,52.319706,4.943989,truck3,2021-12-30T11:50:35.000Z,130
124693.739_481350.393-Rest,52.31927,4.942717,truck3,2021-12-30T11:54:28.000Z,55
124870.293_481448.255-Rest,52.32016,4.9452977,truck3,2021-12-30T11:59:07.000Z,120
122972.370_486381.462-Rest,52.364388,4.916992,truck4,2021-12-30T05:37:10.000Z,245
122972.370_486381.462-Rest,52.364388,4.916992,truck4,2021-12-30T05:38:25.000Z,160
122504.629_486790.262-Rest,52.368034,4.910086,truck4,2021-12-30T05:42:34.000Z,490
122569.976_486884.567-Rest,52.368885,4.9110365,truck4,2021-12-30T05:47:26.000Z,595
122430.102_486664.795-Rest,52.3669,4.9090037,truck4,2021-12-30T05:50:40.000Z,515
122699.922_486527.920-Rest,52.36569,4.9129786,truck4,2021-12-30T05:54:31.000Z,110
122717.496_486426.193-Rest,52.364777,4.913246,truck4,2021-12-30T05:59:15.000Z,105
123648.465_486510.013-Rest,52.36558,4.926906,truck4,2021-12-30T06:07:32.000Z,245
123588.940_486424.895-Rest,52.364815,4.92604,truck4,2021-12-30T06:11:53.000Z,195
123588.940_486424.895-Rest,52.364815,4.92604,truck4,2021-12-30T06:12:11.000Z,10
123618.611_486435.698-Rest,52.364914,4.926475,truck4,2021-12-30T06:17:31.000Z,230
123737.492_486470.582-Rest,52.365234,4.928217,truck4,2021-12-30T06:20:59.000Z,260
123803.905_486428.396-Rest,52.364857,4.929196,truck4,2021-12-30T06:28:01.000Z,245
123596.353_485656.309-Rest,52.357906,4.926221,truck4,2021-12-30T06:34:16.000Z,440
120477.769_486019.498-Rest,52.360985,4.8804064,truck4,2021-12-30T06:55:35.000Z,310
120594.737_486068.650-Rest,52.36143,4.882118,truck4,2021-12-30T06:59:23.000Z,110
120594.737_486068.650-Rest,52.36143,4.882118,truck4,2021-12-30T07:00:30.000Z,90
120332.270_485802.321-Rest,52.359024,4.8782926,truck4,2021-12-30T07:06:26.000Z,250
120446.433_485850.884-Rest,52.359467,4.8799634,truck4,2021-12-30T07:10:29.000Z,165
120446.433_485850.884-Rest,52.359467,4.8799634,truck4,2021-12-30T07:11:42.000Z,75
120560.292_485877.614-Rest,52.359715,4.8816323,truck4,2021-12-30T07:15:11.000Z,160
120560.292_485877.614-Rest,52.359715,4.8816323,truck4,2021-12-30T07:16:22.000Z,125
120646.662_485936.001-Rest,52.360245,4.882894,truck4,2021-12-30T07:19:50.000Z,210
120359.218_485538.717-Rest,52.356655,4.8787155,truck4,2021-12-30T07:26:52.000Z,245
121841.307_485396.575-Rest,52.35547,4.900484,truck4,2021-12-30T07:38:44.000Z,1010
121710.674_485332.175-Rest,52.35488,4.8985734,truck4,2021-12-30T07:42:56.000Z,230
121738.243_485272.953-Rest,52.35435,4.898984,truck4,2021-12-30T07:46:31.000Z,515
121288.900_485035.655-Rest,52.352192,4.892412,truck4,2021-12-30T07:55:40.000Z,615
121288.900_485035.655-Rest,52.352192,4.892412,truck4,2021-12-30T07:57:00.000Z,685
119226.056_484126.364-Rest,52.34389,4.8622327,truck4,2021-12-30T08:11:14.000Z,145
119423.930_484220.427-Rest,52.34475,4.865126,truck4,2021-12-30T08:16:03.000Z,325
119542.737_484164.293-Rest,52.34425,4.8668756,truck4,2021-12-30T08:20:30.000Z,895
119411.360_484355.580-Rest,52.345963,4.864928,truck4,2021-12-30T08:25:13.000Z,245
119411.360_484355.580-Rest,52.345963,4.864928,truck4,2021-12-30T08:26:35.000Z,270
119365.792_484312.148-Rest,52.34557,4.8642635,truck4,2021-12-30T08:29:57.000Z,145
119365.792_484312.148-Rest,52.34557,4.8642635,truck4,2021-12-30T08:31:18.000Z,240
119304.477_484322.012-Rest,52.345654,4.863363,truck4,2021-12-30T08:34:51.000Z,415
119304.477_484322.012-Rest,52.345654,4.863363,truck4,2021-12-30T08:36:20.000Z,420
119377.285_484463.757-Rest,52.34693,4.864416,truck4,2021-12-30T08:41:30.000Z,625
119377.285_484463.757-Rest,52.34693,4.864416,truck4,2021-12-30T08:46:58.000Z,735
118259.991_484666.549-Rest,52.348682,4.8479977,truck4,2021-12-30T08:54:55.000Z,860
118294.889_484655.096-Rest,52.34858,4.8485107,truck4,2021-12-30T08:59:10.000Z,880
118346.760_484734.743-Rest,52.349308,4.8492355,truck4,2021-12-30T09:05:09.000Z,840
118288.054_484967.674-Rest,52.351387,4.8483763,truck4,2021-12-30T09:10:40.000Z,700
118244.089_484816.110-Rest,52.350025,4.847748,truck4,2021-12-30T09:20:30.000Z,1020
118123.169_484776.176-Rest,52.349655,4.8459773,truck4,2021-12-30T09:29:09.000Z,940
118682.000_484397.219-Rest,52.346287,4.85422,truck4,2021-12-30T09:33:50.000Z,140
118682.000_484397.219-Rest,52.346287,4.85422,truck4,2021-12-30T09:35:19.000Z,265
118787.476_484420.545-Rest,52.346504,4.8557653,truck4,2021-12-30T09:38:18.000Z,120
118753.562_484362.545-Rest,52.34598,4.8552737,truck4,2021-12-30T09:39:45.000Z,150
118787.476_484420.545-Rest,52.346504,4.8557653,truck4,2021-12-30T09:44:06.000Z,220
118811.815_484374.131-Rest,52.34609,4.8561273,truck4,2021-12-30T09:45:38.000Z,225
118787.476_484420.545-Rest,52.346504,4.8557653,truck4,2021-12-30T09:49:15.000Z,235
118787.476_484420.545-Rest,52.346504,4.8557653,truck4,2021-12-30T09:51:29.000Z,1055
118876.357_484398.414-Rest,52.34631,4.857072,truck4,2021-12-30T09:54:12.000Z,200
118876.357_484398.414-Rest,52.34631,4.857072,truck4,2021-12-30T09:55:51.000Z,215
119323.746_484490.834-Rest,52.34717,4.8636274,truck4,2021-12-30T10:02:23.000Z,700
119321.416_484528.621-Rest,52.34751,4.8635893,truck4,2021-12-30T10:06:04.000Z,600
119248.954_484549.602-Rest,52.347694,4.8625236,truck4,2021-12-30T10:09:21.000Z,405
119248.954_484549.602-Rest,52.347694,4.8625236,truck4,2021-12-30T10:12:07.000Z,220
121946.111_484011.224-Rest,52.343025,4.9021587,truck4,2021-12-30T10:32:24.000Z,205
121918.402_484060.000-Rest,52.34346,4.901747,truck4,2021-12-30T10:36:10.000Z,165
121916.240_484085.133-Rest,52.34369,4.901713,truck4,2021-12-30T10:39:13.000Z,300
122005.566_484244.623-Rest,52.345127,4.9030085,truck4,2021-12-30T10:42:39.000Z,265
124659.734_481324.898-Rest,52.31904,4.94222,truck4,2021-12-30T11:09:21.000Z,205
124710.178_481232.665-Rest,52.31821,4.9429684,truck4,2021-12-30T11:12:45.000Z,100
124792.878_481083.667-Rest,52.31688,4.944195,truck4,2021-12-30T11:16:10.000Z,70
124260.459_484535.147-Rest,52.347866,4.936072,truck4,2021-12-30T11:51:26.000Z,120
124184.286_484473.842-Rest,52.347313,4.9349594,truck4,2021-12-30T11:54:59.000Z,170
124155.060_484353.949-Rest,52.346233,4.934541,truck4,2021-12-30T12:00:58.000Z,450
124139.108_484260.269-Rest,52.34539,4.934316,truck4,2021-12-30T12:04:51.000Z,165
124475.841_484552.327-Rest,52.348034,4.939231,truck4,2021-12-30T12:11:38.000Z,125
120893.231_482973.819-Rest,52.333637,4.886814,truck5,2021-12-30T05:40:23.000Z,140
120893.231_482973.819-Rest,52.333637,4.886814,truck5,2021-12-30T05:42:42.000Z,110
119944.708_483119.956-Rest,52.334892,4.872896,truck5,2021-12-30T05:52:09.000Z,75
119944.708_483119.956-Rest,52.334892,4.872896,truck5,2021-12-30T05:53:41.000Z,55
120555.624_483005.221-Rest,52.333897,4.881858,truck5,2021-12-30T05:58:34.000Z,40
120555.624_483005.221-Rest,52.333897,4.881858,truck5,2021-12-30T06:00:16.000Z,15
120576.346_483043.951-Rest,52.334248,4.882158,truck5,2021-12-30T06:04:28.000Z,30
120576.346_483043.951-Rest,52.334248,4.882158,truck5,2021-12-30T06:06:23.000Z,0
120597.270_483082.890-Rest,52.3346,4.8824606,truck5,2021-12-30T06:09:49.000Z,40
120506.127_483089.535-Rest,52.334652,4.881123,truck5,2021-12-30T06:15:26.000Z,55
120506.127_483089.535-Rest,52.334652,4.881123,truck5,2021-12-30T06:17:56.000Z,10
120506.127_483089.535-Rest,52.334652,4.881123,truck5,2021-12-30T06:18:51.000Z,0
120235.156_482814.733-Rest,52.332165,4.877176,truck5,2021-12-30T06:23:37.000Z,675
120349.078_482617.510-Rest,52.330402,4.878867,truck5,2021-12-30T06:25:18.000Z,140
120085.962_482760.824-Rest,52.331673,4.874993,truck5,2021-12-30T06:27:55.000Z,85
120136.897_482554.962-Rest,52.329826,4.875761,truck5,2021-12-30T06:29:17.000Z,145
120136.897_482554.962-Rest,52.329826,4.875761,truck5,2021-12-30T06:30:57.000Z,250
120124.116_482619.713-Rest,52.330406,4.875567,truck5,2021-12-30T06:34:21.000Z,230
119784.703_483024.633-Rest,52.334023,4.8705454,truck5,2021-12-30T06:39:10.000Z,270
119784.703_483024.633-Rest,52.334023,4.8705454,truck5,2021-12-30T06:40:26.000Z,235
119784.703_483024.633-Rest,52.334023,4.8705454,truck5,2021-12-30T06:41:33.000Z,385
119788.260_482838.215-Rest,52.332348,4.8706174,truck5,2021-12-30T06:44:31.000Z,65
119884.838_483018.680-Rest,52.333977,4.8720155,truck5,2021-12-30T06:45:57.000Z,285
119884.838_483018.680-Rest,52.333977,4.8720155,truck5,2021-12-30T06:47:21.000Z,375
119884.838_483018.680-Rest,52.333977,4.8720155,truck5,2021-12-30T06:48:30.000Z,270
119858.791_482660.698-Rest,52.330757,4.8716707,truck5,2021-12-30T06:53:55.000Z,110
119959.563_482660.157-Rest,52.33076,4.873149,truck5,2021-12-30T06:55:13.000Z,150
119923.973_482613.214-Rest,52.330334,4.8726315,truck5,2021-12-30T06:58:42.000Z,175
119923.973_482613.214-Rest,52.330334,4.8726315,truck5,2021-12-30T07:00:04.000Z,100
119923.973_482613.214-Rest,52.330334,4.8726315,truck5,2021-12-30T07:01:25.000Z,165
120349.078_482617.510-Rest,52.330402,4.878867,truck5,2021-12-30T07:04:16.000Z,105
120196.550_482972.036-Rest,52.333576,4.876593,truck5,2021-12-30T07:10:08.000Z,270
120196.550_482972.036-Rest,52.333576,4.876593,truck5,2021-12-30T07:12:16.000Z,205
120196.550_482972.036-Rest,52.333576,4.876593,truck5,2021-12-30T07:13:14.000Z,200
120307.697_482972.014-Rest,52.333584,4.878224,truck5,2021-12-30T07:15:53.000Z,225
120307.697_482972.014-Rest,52.333584,4.878224,truck5,2021-12-30T07:16:52.000Z,175
120307.697_482972.014-Rest,52.333584,4.878224,truck5,2021-12-30T07:18:01.000Z,360
120454.961_482733.192-Rest,52.331448,4.880409,truck5,2021-12-30T07:22:45.000Z,100
120458.586_482831.533-Rest,52.332333,4.8804517,truck5,2021-12-30T07:26:41.000Z,50
120628.297_482658.634-Rest,52.330788,4.8829594,truck5,2021-12-30T07:31:39.000Z,65
120829.666_482657.773-Rest,52.33079,4.8859134,truck5,2021-12-30T07:34:44.000Z,10
120987.705_482777.385-Rest,52.33188,4.88822,truck5,2021-12-30T07:42:23.000Z,25
121026.269_482883.020-Rest,52.33283,4.888775,truck5,2021-12-30T07:45:28.000Z,60
120844.731_482761.248-Rest,52.331722,4.886124,truck5,2021-12-30T07:49:51.000Z,35
119445.812_482669.446-Rest,52.33081,4.865611,truck5,2021-12-30T07:58:24.000Z,300
119519.703_482669.667-Rest,52.33082,4.8666954,truck5,2021-12-30T08:02:00.000Z,130
119519.703_482669.667-Rest,52.33082,4.8666954,truck5,2021-12-30T08:03:53.000Z,185
119597.026_482668.892-Rest,52.330814,4.86783,truck5,2021-12-30T08:07:22.000Z,75
119597.026_482668.892-Rest,52.330814,4.86783,truck5,2021-12-30T08:08:33.000Z,50
119597.026_482668.892-Rest,52.330814,4.86783,truck5,2021-12-30T08:14:21.000Z,165
119597.026_482668.892-Rest,52.330814,4.86783,truck5,2021-12-30T08:16:10.000Z,205
121909.352_483806.050-Rest,52.34118,4.9016395,truck5,2021-12-30T08:31:54.000Z,60
121928.032_483921.708-Rest,52.34222,4.901902,truck5,2021-12-30T08:34:48.000Z,230
121940.703_483947.072-Rest,52.34245,4.902086,truck5,2021-12-30T08:37:53.000Z,135
121940.703_483947.072-Rest,52.34245,4.902086,truck5,2021-12-30T08:38:36.000Z,125
122009.315_483941.235-Rest,52.3424,4.903093,truck5,2021-12-30T08:41:51.000Z,5
122009.315_483941.235-Rest,52.3424,4.903093,truck5,2021-12-30T08:43:09.000Z,200
122001.930_483871.243-Rest,52.34177,4.9029913,truck5,2021-12-30T08:45:39.000Z,95
122001.930_483871.243-Rest,52.34177,4.9029913,truck5,2021-12-30T08:46:45.000Z,255
121995.528_483785.850-Rest,52.341003,4.902906,truck5,2021-12-30T08:49:45.000Z,155
121995.528_483785.850-Rest,52.341003,4.902906,truck5,2021-12-30T08:50:59.000Z,230
122051.766_483777.491-Rest,52.34093,4.903732,truck5,2021-12-30T08:54:03.000Z,365
122051.766_483777.491-Rest,52.34093,4.903732,truck5,2021-12-30T08:55:10.000Z,125
122065.754_483936.371-Rest,52.342358,4.9039216,truck5,2021-12-30T08:58:17.000Z,245
122065.754_483936.371-Rest,52.342358,4.9039216,truck5,2021-12-30T09:00:31.000Z,105
122216.053_483984.687-Rest,52.342804,4.906122,truck5,2021-12-30T09:03:43.000Z,255
122216.053_483984.687-Rest,52.342804,4.906122,truck5,2021-12-30T09:04:57.000Z,175
122216.053_483984.687-Rest,52.342804,4.906122,truck5,2021-12-30T09:06:57.000Z,155
122216.053_483984.687-Rest,52.342804,4.906122,truck5,2021-12-30T09:08:32.000Z,595
121799.250_484322.295-Rest,52.34581,4.899973,truck5,2021-12-30T09:14:10.000Z,405
121799.250_484322.295-Rest,52.34581,4.899973,truck5,2021-12-30T09:16:06.000Z,335
121805.326_484504.157-Rest,52.347446,4.9000444,truck5,2021-12-30T09:21:27.000Z,450
121375.059_484927.242-Rest,52.351223,4.8936877,truck5,2021-12-30T09:26:14.000Z,555
122637.212_484096.782-Rest,52.343834,4.9122915,truck5,2021-12-30T09:36:22.000Z,490
122637.212_484096.782-Rest,52.343834,4.9122915,truck5,2021-12-30T09:40:10.000Z,470
124877.516_483596.573-Rest,52.339466,4.9452114,truck5,2021-12-30T09:54:52.000Z,90
123340.545_483768.238-Rest,52.340923,4.9226437,truck5,2021-12-30T10:07:18.000Z,75
123234.735_483849.076-Rest,52.341644,4.9210835,truck5,2021-12-30T10:12:52.000Z,315
123244.422_483741.401-Rest,52.340675,4.9212356,truck5,2021-12-30T10:20:36.000Z,560
123611.826_483491.596-Rest,52.33845,4.92665,truck5,2021-12-30T10:27:16.000Z,120
124882.438_481025.312-Rest,52.316357,4.9455132,truck5,2021-12-30T10:49:37.000Z,325
124781.476_481317.080-Rest,52.318974,4.9440064,truck5,2021-12-30T10:55:41.000Z,430
124702.855_481453.316-Rest,52.320194,4.9428415,truck5,2021-12-30T10:59:49.000Z,90
124702.855_481453.316-Rest,52.320194,4.9428415,truck5,2021-12-30T11:03:46.000Z,265
121532.562_484163.068-Rest,52.344364,4.8960752,truck5,2021-12-30T11:55:49.000Z,330
122281.984_485550.880-Rest,52.356884,4.9069376,truck6,2021-12-30T05:40:49.000Z,230
121770.380_485528.472-Rest,52.35665,4.8994303,truck6,2021-12-30T05:44:43.000Z,175
121640.741_485459.576-Rest,52.35602,4.8975344,truck6,2021-12-30T05:49:17.000Z,1160
121640.741_485459.576-Rest,52.35602,4.8975344,truck6,2021-12-30T05:51:05.000Z,805
121508.234_485403.215-Rest,52.355507,4.8955946,truck6,2021-12-30T05:56:04.000Z,865
121370.431_485354.645-Rest,52.355064,4.893577,truck6,2021-12-30T06:01:45.000Z,805
121370.431_485354.645-Rest,52.355064,4.893577,truck6,2021-12-30T06:03:13.000Z,970
121210.821_485309.618-Rest,52.35465,4.8912387,truck6,2021-12-30T06:08:13.000Z,690
121210.821_485309.618-Rest,52.35465,4.8912387,truck6,2021-12-30T06:09:47.000Z,445
121370.656_485220.029-Rest,52.353855,4.893594,truck6,2021-12-30T06:16:05.000Z,975
121212.789_485185.192-Rest,52.35353,4.89128,truck6,2021-12-30T06:20:30.000Z,465
121212.789_485185.192-Rest,52.35353,4.89128,truck6,2021-12-30T06:21:59.000Z,760
120837.985_485160.714-Rest,52.353287,4.8857813,truck6,2021-12-30T06:32:18.000Z,185
120837.985_485160.714-Rest,52.353287,4.8857813,truck6,2021-12-30T06:33:33.000Z,210
120811.588_485433.345-Rest,52.355736,4.8853664,truck6,2021-12-30T06:38:30.000Z,460
120811.588_485433.345-Rest,52.355736,4.8853664,truck6,2021-12-30T06:38:34.000Z,5
120811.588_485433.345-Rest,52.355736,4.8853664,truck6,2021-12-30T06:38:39.000Z,0
120811.588_485433.345-Rest,52.355736,4.8853664,truck6,2021-12-30T06:40:15.000Z,365
120821.747_485656.157-Rest,52.35774,4.885493,truck6,2021-12-30T06:45:16.000Z,95
120821.747_485656.157-Rest,52.35774,4.885493,truck6,2021-12-30T06:46:37.000Z,55
120085.162_483002.339-Rest,52.333843,4.874956,truck6,2021-12-30T07:04:32.000Z,285
119824.033_482612.444-Rest,52.330322,4.8711658,truck6,2021-12-30T07:10:55.000Z,245
119824.033_482612.444-Rest,52.330322,4.8711658,truck6,2021-12-30T07:12:43.000Z,30
119824.033_482612.444-Rest,52.330322,4.8711658,truck6,2021-12-30T07:14:04.000Z,200
119726.375_482612.888-Rest,52.33032,4.869733,truck6,2021-12-30T07:18:07.000Z,110
119726.375_482612.888-Rest,52.33032,4.869733,truck6,2021-12-30T07:19:43.000Z,115
119726.375_482612.888-Rest,52.33032,4.869733,truck6,2021-12-30T07:21:31.000Z,190
119721.108_482705.504-Rest,52.33115,4.869646,truck6,2021-12-30T07:25:09.000Z,125
119721.108_482705.504-Rest,52.33115,4.869646,truck6,2021-12-30T07:27:06.000Z,60
119523.906_482804.740-Rest,52.33203,4.8667426,truck6,2021-12-30T07:31:41.000Z,195
119523.906_482804.740-Rest,52.33203,4.8667426,truck6,2021-12-30T07:33:13.000Z,120
119523.906_482804.740-Rest,52.33203,4.8667426,truck6,2021-12-30T07:34:42.000Z,275
119523.906_482804.740-Rest,52.33203,4.8667426,truck6,2021-12-30T07:36:11.000Z,20
119295.081_482757.413-Rest,52.331593,4.863391,truck6,2021-12-30T07:40:44.000Z,145
119295.081_482757.413-Rest,52.331593,4.863391,truck6,2021-12-30T07:42:28.000Z,15
119289.643_482664.326-Rest,52.330753,4.863321,truck6,2021-12-30T07:46:04.000Z,85
119289.643_482664.326-Rest,52.330753,4.863321,truck6,2021-12-30T07:47:23.000Z,90
119372.083_482669.499-Rest,52.330807,4.8645296,truck6,2021-12-30T07:50:22.000Z,85
119372.083_482669.499-Rest,52.330807,4.8645296,truck6,2021-12-30T07:52:29.000Z,135
119445.812_482669.446-Rest,52.33081,4.865611,truck6,2021-12-30T07:56:12.000Z,85
119302.590_482049.249-Rest,52.325226,4.863576,truck6,2021-12-30T08:00:18.000Z,215
119386.920_482046.343-Rest,52.325207,4.8648133,truck6,2021-12-30T08:04:13.000Z,310
119386.920_482046.343-Rest,52.325207,4.8648133,truck6,2021-12-30T08:05:17.000Z,295
119381.763_482249.427-Rest,52.32703,4.864716,truck6,2021-12-30T08:09:02.000Z,310
119381.763_482249.427-Rest,52.32703,4.864716,truck6,2021-12-30T08:10:21.000Z,195
119446.944_482245.897-Rest,52.327003,4.8656726,truck6,2021-12-30T08:14:59.000Z,335
119446.944_482245.897-Rest,52.327003,4.8656726,truck6,2021-12-30T08:16:02.000Z,305
118192.285_484460.770-Rest,52.34683,4.8470263,truck6,2021-12-30T08:34:44.000Z,360
118298.081_484499.575-Rest,52.347183,4.8485746,truck6,2021-12-30T08:39:07.000Z,945
118298.081_484499.575-Rest,52.347183,4.8485746,truck6,2021-12-30T08:39:12.000Z,5
118238.606_484334.853-Rest,52.3457,4.8477197,truck6,2021-12-30T08:43:32.000Z,330
118214.832_484591.519-Rest,52.348003,4.847343,truck6,2021-12-30T08:48:44.000Z,655
118214.832_484591.519-Rest,52.348003,4.847343,truck6,2021-12-30T08:50:19.000Z,725
119192.802_482665.186-Rest,52.330753,4.8619,truck6,2021-12-30T09:04:45.000Z,15
119887.503_482836.724-Rest,52.33234,4.872073,truck6,2021-12-30T09:09:13.000Z,295
119886.122_482766.828-Rest,52.331715,4.8720603,truck6,2021-12-30T09:12:50.000Z,160
119886.122_482766.828-Rest,52.331715,4.8720603,truck6,2021-12-30T09:14:12.000Z,825
119788.260_482838.215-Rest,52.332348,4.8706174,truck6,2021-12-30T09:19:14.000Z,45
119788.260_482838.215-Rest,52.332348,4.8706174,truck6,2021-12-30T09:20:10.000Z,165
119788.260_482838.215-Rest,52.332348,4.8706174,truck6,2021-12-30T09:21:34.000Z,210
119785.849_482767.534-Rest,52.331715,4.8705893,truck6,2021-12-30T09:24:38.000Z,245
119785.849_482767.534-Rest,52.331715,4.8705893,truck6,2021-12-30T09:25:57.000Z,90
119785.849_482767.534-Rest,52.331715,4.8705893,truck6,2021-12-30T09:26:57.000Z,240
118872.288_482969.537-Rest,52.33347,4.8571653,truck6,2021-12-30T09:33:45.000Z,190
118806.165_482965.350-Rest,52.333427,4.856196,truck6,2021-12-30T09:37:15.000Z,95
118806.165_482965.350-Rest,52.333427,4.856196,truck6,2021-12-30T09:38:52.000Z,25
118872.567_482879.761-Rest,52.332664,4.857179,truck6,2021-12-30T09:43:23.000Z,60
118872.567_482879.761-Rest,52.332664,4.857179,truck6,2021-12-30T09:44:36.000Z,220
121262.901_484854.723-Rest,52.350563,4.892049,truck6,2021-12-30T10:07:16.000Z,345
121346.559_484848.228-Rest,52.35051,4.893277,truck6,2021-12-30T10:11:59.000Z,570
121413.221_484841.667-Rest,52.350456,4.894256,truck6,2021-12-30T10:14:57.000Z,445
121588.570_484692.267-Rest,52.349125,4.8968444,truck6,2021-12-30T10:19:56.000Z,465
122668.706_483287.664-Rest,52.336567,4.9128313,truck6,2021-12-30T10:30:59.000Z,65
122668.706_483287.664-Rest,52.336567,4.9128313,truck6,2021-12-30T10:32:56.000Z,270
124507.541_484665.452-Rest,52.349052,4.939686,truck6,2021-12-30T10:55:22.000Z,340
124507.541_484665.452-Rest,52.349052,4.939686,truck6,2021-12-30T10:57:02.000Z,40
115308.784_485443.570-Rest,52.355457,4.804595,truck6,2021-12-30T11:53:04.000Z,130
115308.784_485443.570-Rest,52.355457,4.804595,truck6,2021-12-30T11:53:57.000Z,565
115308.784_485443.570-Rest,52.355457,4.804595,truck6,2021-12-30T11:55:00.000Z,190
115514.541_485695.518-Rest,52.35774,4.8075852,truck6,2021-12-30T11:59:48.000Z,450
115514.541_485695.518-Rest,52.35774,4.8075852,truck6,2021-12-30T12:02:13.000Z,425
115739.400_487925.092-Rest,52.377792,4.8106256,truck6,2021-12-30T12:34:57.000Z,340
118878.701_484287.623-Rest,52.345318,4.857118,truck7,2021-12-30T05:41:00.000Z,230
118878.701_484287.623-Rest,52.345318,4.857118,truck7,2021-12-30T05:44:22.000Z,260
118770.801_484264.477-Rest,52.3451,4.8555374,truck7,2021-12-30T05:49:45.000Z,205
118770.801_484264.477-Rest,52.3451,4.8555374,truck7,2021-12-30T05:53:46.000Z,370
118672.732_484243.898-Rest,52.34491,4.8541,truck7,2021-12-30T05:58:19.000Z,145
118672.732_484243.898-Rest,52.34491,4.8541,truck7,2021-12-30T06:01:06.000Z,195
118561.011_484219.783-Rest,52.344685,4.8524637,truck7,2021-12-30T06:06:50.000Z,250
118561.011_484219.783-Rest,52.344685,4.8524637,truck7,2021-12-30T06:09:35.000Z,255
118518.949_484288.204-Rest,52.3453,4.851839,truck7,2021-12-30T06:18:10.000Z,100
118518.949_484288.204-Rest,52.3453,4.851839,truck7,2021-12-30T06:21:10.000Z,75
118544.792_484360.204-Rest,52.345947,4.8522105,truck7,2021-12-30T06:26:42.000Z,305
118544.792_484360.204-Rest,52.345947,4.8522105,truck7,2021-12-30T06:28:48.000Z,80
118626.937_484428.801-Rest,52.34657,4.8534083,truck7,2021-12-30T06:33:24.000Z,370
118626.937_484428.801-Rest,52.34657,4.8534083,truck7,2021-12-30T06:36:18.000Z,180
118726.714_484455.489-Rest,52.346813,4.85487,truck7,2021-12-30T06:41:25.000Z,175
119168.605_484545.593-Rest,52.347652,4.861345,truck7,2021-12-30T06:46:53.000Z,255
119168.605_484545.593-Rest,52.347652,4.861345,truck7,2021-12-30T06:48:36.000Z,145
118820.140_484475.411-Rest,52.347,4.856239,truck7,2021-12-30T06:52:57.000Z,290
119858.791_482660.698-Rest,52.330757,4.8716707,truck7,2021-12-30T07:06:58.000Z,190
120455.450_482647.566-Rest,52.330677,4.880425,truck7,2021-12-30T07:19:54.000Z,60
124781.912_483699.473-Rest,52.340385,4.9437995,truck7,2021-12-30T07:47:47.000Z,145
124781.912_483699.473-Rest,52.340385,4.9437995,truck7,2021-12-30T07:48:38.000Z,105
125015.644_487230.302-Rest,52.372143,4.9469123,truck7,2021-12-30T08:12:57.000Z,45
125015.644_487230.302-Rest,52.372143,4.9469123,truck7,2021-12-30T08:14:06.000Z,280
125015.644_487230.302-Rest,52.372143,4.9469123,truck7,2021-12-30T08:15:05.000Z,485
125015.644_487230.302-Rest,52.372143,4.9469123,truck7,2021-12-30T08:16:00.000Z,255
125182.962_487153.358-Rest,52.37145,4.949378,truck7,2021-12-30T08:20:47.000Z,215
124459.248_487305.689-Rest,52.37278,4.9387374,truck7,2021-12-30T08:25:43.000Z,355
124617.446_487333.306-Rest,52.373035,4.9410577,truck7,2021-12-30T08:28:03.000Z,110
123968.172_490325.473-Rest,52.39989,4.9312477,truck7,2021-12-30T08:50:36.000Z,680
122048.235_488690.309-Rest,52.385082,4.9031987,truck7,2021-12-30T09:07:15.000Z,335
122048.235_488690.309-Rest,52.385082,4.9031987,truck7,2021-12-30T09:09:01.000Z,350
122048.235_488690.309-Rest,52.385082,4.9031987,truck7,2021-12-30T09:10:34.000Z,360
123002.185_485586.255-Rest,52.357243,4.9175057,truck7,2021-12-30T09:30:36.000Z,280
124898.715_487382.508-Rest,52.373493,4.9451838,truck7,2021-12-30T09:48:10.000Z,245
124740.873_487354.503-Rest,52.373234,4.942868,truck7,2021-12-30T09:52:12.000Z,510
124663.511_487399.405-Rest,52.373634,4.941728,truck7,2021-12-30T09:55:08.000Z,195
124663.511_487399.405-Rest,52.373634,4.941728,truck7,2021-12-30T09:56:03.000Z,220
124382.366_487288.376-Rest,52.37262,4.93761,truck7,2021-12-30T10:00:00.000Z,350
124382.366_487288.376-Rest,52.37262,4.93761,truck7,2021-12-30T10:01:11.000Z,870
124420.534_487208.973-Rest,52.371906,4.9381776,truck7,2021-12-30T10:04:23.000Z,255
124420.534_487208.973-Rest,52.371906,4.9381776,truck7,2021-12-30T10:05:19.000Z,180
124420.534_487208.973-Rest,52.371906,4.9381776,truck7,2021-12-30T10:06:13.000Z,260
124420.534_487208.973-Rest,52.371906,4.9381776,truck7,2021-12-30T10:07:02.000Z,75
124370.930_487127.673-Rest,52.371174,4.9374566,truck7,2021-12-30T10:10:47.000Z,65
124370.930_487127.673-Rest,52.371174,4.9374566,truck7,2021-12-30T10:11:34.000Z,130
124284.005_487126.961-Rest,52.371162,4.9361806,truck7,2021-12-30T10:14:08.000Z,110
124284.005_487126.961-Rest,52.371162,4.9361806,truck7,2021-12-30T10:14:49.000Z,125
124284.005_487126.961-Rest,52.371162,4.9361806,truck7,2021-12-30T10:15:32.000Z,225
124266.655_487095.234-Rest,52.370876,4.935929,truck7,2021-12-30T10:23:29.000Z,160
124266.655_487095.234-Rest,52.370876,4.935929,truck7,2021-12-30T10:24:23.000Z,245
124266.655_487095.234-Rest,52.370876,4.935929,truck7,2021-12-30T10:26:19.000Z,455
124284.005_487126.961-Rest,52.371162,4.9361806,truck7,2021-12-30T10:27:54.000Z,30
122614.523_490426.953-Rest,52.400726,4.911349,truck7,2021-12-30T10:53:59.000Z,2240
119303.640_482374.519-Rest,52.32815,4.863557,truck8,2021-12-30T05:43:13.000Z,185
119303.640_482374.519-Rest,52.32815,4.863557,truck8,2021-12-30T05:44:24.000Z,75
119303.640_482374.519-Rest,52.32815,4.863557,truck8,2021-12-30T05:45:57.000Z,110
119453.274_482372.904-Rest,52.328144,4.865752,truck8,2021-12-30T05:50:32.000Z,220
119453.274_482372.904-Rest,52.328144,4.865752,truck8,2021-12-30T05:51:43.000Z,130
119453.274_482372.904-Rest,52.328144,4.865752,truck8,2021-12-30T05:52:54.000Z,120
119602.730_482372.470-Rest,52.32815,4.8679442,truck8,2021-12-30T05:57:10.000Z,235
119602.730_482372.470-Rest,52.32815,4.8679442,truck8,2021-12-30T05:58:26.000Z,225
119602.730_482372.470-Rest,52.32815,4.8679442,truck8,2021-12-30T05:59:42.000Z,215
119585.753_482303.077-Rest,52.327526,4.8677025,truck8,2021-12-30T06:03:57.000Z,215
119529.136_482177.720-Rest,52.326397,4.866885,truck8,2021-12-30T06:08:27.000Z,330
119529.136_482177.720-Rest,52.326397,4.866885,truck8,2021-12-30T06:09:46.000Z,0
119485.524_481991.580-Rest,52.32472,4.8662653,truck8,2021-12-30T06:13:13.000Z,60
119578.830_482003.072-Rest,52.32483,4.867633,truck8,2021-12-30T06:16:29.000Z,185
119578.830_482003.072-Rest,52.32483,4.867633,truck8,2021-12-30T06:18:12.000Z,810
119605.110_481930.799-Rest,52.32418,4.868026,truck8,2021-12-30T06:21:19.000Z,155
119605.110_481930.799-Rest,52.32418,4.868026,truck8,2021-12-30T06:25:30.000Z,155
119518.523_481949.642-Rest,52.324345,4.8667536,truck8,2021-12-30T06:28:53.000Z,130
119518.523_481949.642-Rest,52.324345,4.8667536,truck8,2021-12-30T06:29:56.000Z,125
119445.651_481925.323-Rest,52.324123,4.8656874,truck8,2021-12-30T06:33:03.000Z,110
119445.651_481925.323-Rest,52.324123,4.8656874,truck8,2021-12-30T06:34:25.000Z,70
119382.562_481974.779-Rest,52.324562,4.8647566,truck8,2021-12-30T06:37:36.000Z,200
119382.562_481974.779-Rest,52.324562,4.8647566,truck8,2021-12-30T06:38:47.000Z,180
119334.041_481870.888-Rest,52.323627,4.864056,truck8,2021-12-30T06:43:40.000Z,210
119334.041_481870.888-Rest,52.323627,4.864056,truck8,2021-12-30T06:44:45.000Z,120
119298.878_481960.226-Rest,52.324425,4.863531,truck8,2021-12-30T06:48:29.000Z,20
119298.878_481960.226-Rest,52.324425,4.863531,truck8,2021-12-30T06:49:47.000Z,70
119300.035_482200.464-Rest,52.326584,4.8635225,truck8,2021-12-30T06:52:39.000Z,175
119300.035_482200.464-Rest,52.326584,4.8635225,truck8,2021-12-30T06:53:38.000Z,150
119291.628_482316.963-Rest,52.327633,4.8633866,truck8,2021-12-30T06:56:26.000Z,80
119291.628_482316.963-Rest,52.327633,4.8633866,truck8,2021-12-30T06:57:45.000Z,125
119858.791_482660.698-Rest,52.330757,4.8716707,truck8,2021-12-30T07:05:27.000Z,195
121529.694_485342.180-Rest,52.35496,4.895916,truck8,2021-12-30T07:24:51.000Z,160
121529.694_485342.180-Rest,52.35496,4.895916,truck8,2021-12-30T07:26:00.000Z,195
121683.021_485391.078-Rest,52.35541,4.8981614,truck8,2021-12-30T07:29:51.000Z,955
121810.636_485455.109-Rest,52.355995,4.900028,truck8,2021-12-30T07:35:00.000Z,725
119053.472_484270.860-Rest,52.345177,4.8596845,truck8,2021-12-30T07:58:25.000Z,165
119053.472_484270.860-Rest,52.345177,4.8596845,truck8,2021-12-30T07:59:51.000Z,280
119102.017_484094.655-Rest,52.343597,4.860416,truck8,2021-12-30T08:03:38.000Z,285
119102.017_484094.655-Rest,52.343597,4.860416,truck8,2021-12-30T08:05:21.000Z,350
119226.056_484126.364-Rest,52.34389,4.8622327,truck8,2021-12-30T08:09:44.000Z,275
120081.328_483879.120-Rest,52.34172,4.874809,truck8,2021-12-30T08:18:31.000Z,55
120081.328_483879.120-Rest,52.34172,4.874809,truck8,2021-12-30T08:20:38.000Z,115
121052.293_484711.238-Rest,52.349262,4.8889723,truck8,2021-12-30T08:30:20.000Z,870
121052.293_484711.238-Rest,52.349262,4.8889723,truck8,2021-12-30T08:32:57.000Z,995
121124.786_484621.958-Rest,52.348465,4.890045,truck8,2021-12-30T08:41:12.000Z,545
121198.593_484671.039-Rest,52.34891,4.8911233,truck8,2021-12-30T08:47:45.000Z,790
121237.880_484750.254-Rest,52.349625,4.891692,truck8,2021-12-30T08:53:43.000Z,845
121635.194_483905.638-Rest,52.342056,4.897607,truck8,2021-12-30T09:03:45.000Z,780
121635.194_483905.638-Rest,52.342056,4.897607,truck8,2021-12-30T09:04:54.000Z,90
121635.194_483905.638-Rest,52.342056,4.897607,truck8,2021-12-30T09:07:24.000Z,170
122668.535_485756.248-Rest,52.35875,4.912592,truck8,2021-12-30T09:22:39.000Z,150
122668.535_485756.248-Rest,52.35875,4.912592,truck8,2021-12-30T09:23:46.000Z,45
122668.535_485756.248-Rest,52.35875,4.912592,truck8,2021-12-30T09:24:50.000Z,115
122668.535_485756.248-Rest,52.35875,4.912592,truck8,2021-12-30T09:25:50.000Z,230
123002.185_485586.255-Rest,52.357243,4.9175057,truck8,2021-12-30T09:29:30.000Z,315
124983.014_487398.047-Rest,52.37364,4.94642,truck8,2021-12-30T09:46:04.000Z,365
122569.561_490197.957-Rest,52.398663,4.9107103,truck8,2021-12-30T10:22:06.000Z,2060
122801.658_489851.393-Rest,52.395565,4.9141536,truck8,2021-12-30T10:33:02.000Z,1790
122835.923_489719.438-Rest,52.39438,4.9146695,truck8,2021-12-30T10:44:45.000Z,2540
115386.079_485323.086-Rest,52.35438,4.8057437,truck8,2021-12-30T11:41:43.000Z,205
115283.470_485253.913-Rest,52.353752,4.804246,truck8,2021-12-30T11:45:06.000Z,205
115283.470_485253.913-Rest,52.353752,4.804246,truck8,2021-12-30T11:47:04.000Z,205
122287.783_485785.546-Rest,52.358994,4.907,truck9,2021-12-30T05:46:56.000Z,60
122354.199_485579.663-Rest,52.357147,4.9079947,truck9,2021-12-30T05:51:15.000Z,365
123153.724_485389.682-Rest,52.355484,4.919749,truck9,2021-12-30T05:56:29.000Z,280
123492.979_485733.038-Rest,52.35859,4.9246964,truck9,2021-12-30T06:03:07.000Z,160
122916.578_485343.066-Rest,52.355053,4.916272,truck9,2021-12-30T06:12:40.000Z,415
123388.296_485631.862-Rest,52.357674,4.923169,truck9,2021-12-30T06:23:44.000Z,365
125134.450_488820.846-Rest,52.386433,4.9485173,truck9,2021-12-30T06:51:09.000Z,1180
124057.489_490514.522-Rest,52.401596,4.9325423,truck9,2021-12-30T07:05:09.000Z,310
124057.489_490514.522-Rest,52.401596,4.9325423,truck9,2021-12-30T07:06:01.000Z,330
123885.081_490182.863-Rest,52.398605,4.93004,truck9,2021-12-30T07:21:29.000Z,125
123885.081_490182.863-Rest,52.398605,4.93004,truck9,2021-12-30T07:22:22.000Z,180
123628.652_489744.388-Rest,52.39465,4.9263134,truck9,2021-12-30T07:29:34.000Z,500
123957.630_489609.878-Rest,52.39346,4.931159,truck9,2021-12-30T07:32:49.000Z,295
123589.915_489444.845-Rest,52.391956,4.925772,truck9,2021-12-30T07:37:17.000Z,110
123589.915_489444.845-Rest,52.391956,4.925772,truck9,2021-12-30T07:38:25.000Z,85
123640.612_489464.228-Rest,52.39213,4.926515,truck9,2021-12-30T07:42:06.000Z,100
123692.954_489439.050-Rest,52.39191,4.9272866,truck9,2021-12-30T07:44:34.000Z,105
123692.954_489439.050-Rest,52.39191,4.9272866,truck9,2021-12-30T07:45:40.000Z,65
124570.423_487794.353-Rest,52.37718,4.9403257,truck9,2021-12-30T08:00:16.000Z,475
124963.570_487226.961-Rest,52.3721,4.94615,truck9,2021-12-30T08:08:36.000Z,270
124963.570_487226.961-Rest,52.3721,4.94615,truck9,2021-12-30T08:09:38.000Z,285
122793.840_489222.990-Rest,52.389915,4.914099,truck9,2021-12-30T08:30:56.000Z,40
122758.323_489192.941-Rest,52.389645,4.9135804,truck9,2021-12-30T08:33:30.000Z,100
122758.323_489192.941-Rest,52.389645,4.9135804,truck9,2021-12-30T08:34:33.000Z,135
122305.493_488983.590-Rest,52.387733,4.9069486,truck9,2021-12-30T08:39:31.000Z,255
122204.829_488772.788-Rest,52.385834,4.905491,truck9,2021-12-30T08:43:06.000Z,205
121954.963_488751.659-Rest,52.385628,4.9018226,truck9,2021-12-30T08:53:37.000Z,340
121954.963_488751.659-Rest,52.385628,4.9018226,truck9,2021-12-30T08:54:28.000Z,210
121891.032_488962.194-Rest,52.387516,4.900863,truck9,2021-12-30T08:58:07.000Z,345
122004.480_488997.653-Rest,52.387844,4.902526,truck9,2021-12-30T09:00:45.000Z,220
122004.480_488997.653-Rest,52.387844,4.902526,truck9,2021-12-30T09:02:07.000Z,145
121094.768_491512.931-Rest,52.410393,4.8889093,truck9,2021-12-30T09:19:33.000Z,2215
121222.140_491346.241-Rest,52.4089,4.890798,truck9,2021-12-30T09:26:39.000Z,2345
121252.044_491381.591-Rest,52.40922,4.891234,truck9,2021-12-30T09:32:44.000Z,2465
121210.923_491818.916-Rest,52.41315,4.8905854,truck9,2021-12-30T10:00:11.000Z,945
123141.572_491090.864-Rest,52.406723,4.9190297,truck9,2021-12-30T10:25:30.000Z,355
120548.116_482967.117-Rest,52.333557,4.8817515,truck10,2021-12-30T05:52:34.000Z,35
120548.116_482967.117-Rest,52.333557,4.8817515,truck10,2021-12-30T05:54:04.000Z,20
120085.162_483002.339-Rest,52.333843,4.874956,truck10,2021-12-30T05:59:41.000Z,75
119884.838_483018.680-Rest,52.333977,4.8720155,truck10,2021-12-30T06:04:58.000Z,195
120307.697_482972.014-Rest,52.333584,4.878224,truck10,2021-12-30T06:10:54.000Z,110
120374.818_482881.619-Rest,52.332775,4.8792176,truck10,2021-12-30T06:15:55.000Z,50
120274.259_483076.656-Rest,52.334522,4.8777223,truck10,2021-12-30T06:29:18.000Z,175
120274.259_483076.656-Rest,52.334522,4.8777223,truck10,2021-12-30T06:30:43.000Z,105
120274.259_483076.656-Rest,52.334522,4.8777223,truck10,2021-12-30T06:31:48.000Z,285
120274.259_483076.656-Rest,52.334522,4.8777223,truck10,2021-12-30T06:33:00.000Z,40
119987.993_482836.898-Rest,52.332348,4.8735476,truck10,2021-12-30T06:35:32.000Z,130
120059.957_482659.797-Rest,52.33076,4.874622,truck10,2021-12-30T06:39:39.000Z,15
120059.957_482659.797-Rest,52.33076,4.874622,truck10,2021-12-30T06:41:11.000Z,260
120059.957_482659.797-Rest,52.33076,4.874622,truck10,2021-12-30T06:46:59.000Z,40
120059.957_482659.797-Rest,52.33076,4.874622,truck10,2021-12-30T06:48:22.000Z,160
120059.957_482659.797-Rest,52.33076,4.874622,truck10,2021-12-30T06:50:10.000Z,285
119959.563_482660.157-Rest,52.33076,4.873149,truck10,2021-12-30T06:53:55.000Z,145
120059.957_482659.797-Rest,52.33076,4.874622,truck10,2021-12-30T06:58:46.000Z,95
120085.162_483002.339-Rest,52.333843,4.874956,truck10,2021-12-30T07:01:01.000Z,270
120085.162_483002.339-Rest,52.333843,4.874956,truck10,2021-12-30T07:02:04.000Z,320
121383.023_485301.789-Rest,52.35459,4.893767,truck10,2021-12-30T07:18:02.000Z,1120
121383.023_485301.789-Rest,52.35459,4.893767,truck10,2021-12-30T07:19:49.000Z,900
124761.765_483686.610-Rest,52.34027,4.943505,truck10,2021-12-30T07:43:29.000Z,110
124761.765_483686.610-Rest,52.34027,4.943505,truck10,2021-12-30T07:44:41.000Z,480
122794.403_488689.700-Rest,52.385124,4.9141583,truck10,2021-12-30T08:21:04.000Z,210
122794.403_488689.700-Rest,52.385124,4.9141583,truck10,2021-12-30T08:22:08.000Z,355
122644.469_489331.615-Rest,52.390884,4.9118943,truck10,2021-12-30T08:26:59.000Z,160
123539.846_485825.665-Rest,52.359425,4.9253755,truck10,2021-12-30T09:05:07.000Z,5
123539.846_485825.665-Rest,52.359425,4.9253755,truck10,2021-12-30T09:07:03.000Z,855
123454.574_485789.843-Rest,52.3591,4.924127,truck10,2021-12-30T09:09:20.000Z,880
123352.392_485742.922-Rest,52.35867,4.9226317,truck10,2021-12-30T09:15:07.000Z,170
123242.793_485698.636-Rest,52.358265,4.921027,truck10,2021-12-30T09:18:27.000Z,220
124894.220_487418.623-Rest,52.373817,4.9451146,truck10,2021-12-30T09:36:28.000Z,420
124909.704_487332.973-Rest,52.37305,4.945349,truck10,2021-12-30T09:39:51.000Z,375
124983.014_487398.047-Rest,52.37364,4.94642,truck10,2021-12-30T09:43:32.000Z,400
122668.706_483287.664-Rest,52.336567,4.9128313,truck10,2021-12-30T10:29:42.000Z,160
118369.631_484878.326-Rest,52.35059,4.8495836,truck11,2021-12-30T05:53:35.000Z,585
118369.631_484878.326-Rest,52.35059,4.8495836,truck11,2021-12-30T05:55:10.000Z,865
118443.429_484992.043-Rest,52.35162,4.850654,truck11,2021-12-30T06:01:08.000Z,925
118443.429_484992.043-Rest,52.35162,4.850654,truck11,2021-12-30T06:02:33.000Z,340
118637.534_484915.540-Rest,52.350945,4.8535113,truck11,2021-12-30T06:09:59.000Z,505
120501.112_485272.473-Rest,52.35427,4.8808255,truck11,2021-12-30T06:24:18.000Z,290
119886.122_482766.828-Rest,52.331715,4.8720603,truck11,2021-12-30T06:39:52.000Z,115
119726.375_482612.888-Rest,52.33032,4.869733,truck11,2021-12-30T06:49:50.000Z,85
119984.722_483017.537-Rest,52.333973,4.873481,truck11,2021-12-30T06:53:56.000Z,330
119984.722_483017.537-Rest,52.333973,4.873481,truck11,2021-12-30T06:54:54.000Z,215
119984.722_483017.537-Rest,52.333973,4.873481,truck11,2021-12-30T06:55:53.000Z,235
121221.436_485258.461-Rest,52.35419,4.8914,truck11,2021-12-30T07:12:52.000Z,1135
124695.827_483535.751-Rest,52.33891,4.942551,truck11,2021-12-30T07:38:53.000Z,255
124695.827_483535.751-Rest,52.33891,4.942551,truck11,2021-12-30T07:39:52.000Z,155
122644.469_489331.615-Rest,52.390884,4.9118943,truck11,2021-12-30T08:26:04.000Z,120
125001.606_482001.476-Rest,52.325138,4.947174,truck11,2021-12-30T09:13:09.000Z,20
124789.174_481630.282-Rest,52.32179,4.9440913,truck11,2021-12-30T09:19:08.000Z,185
124789.174_481630.282-Rest,52.32179,4.9440913,truck11,2021-12-30T09:20:37.000Z,110
124698.035_481580.074-Rest,52.321335,4.942759,truck11,2021-12-30T09:24:18.000Z,95
124610.194_481531.108-Rest,52.32089,4.9414754,truck11,2021-12-30T09:28:39.000Z,150
124869.666_481562.955-Rest,52.32119,4.945278,truck11,2021-12-30T09:33:57.000Z,190
124996.440_483702.541-Rest,52.340427,4.9469466,truck11,2021-12-30T09:48:18.000Z,180
124996.440_483702.541-Rest,52.340427,4.9469466,truck11,2021-12-30T09:49:46.000Z,390
124877.516_483596.573-Rest,52.339466,4.9452114,truck11,2021-12-30T09:53:55.000Z,340
122622.465_489186.747-Rest,52.38958,4.9115853,truck11,2021-12-30T10:33:30.000Z,1170
113879.330_484844.508-Rest,52.349968,4.7836866,truck12,2021-12-30T06:16:55.000Z,415
113879.330_484844.508-Rest,52.349968,4.7836866,truck12,2021-12-30T06:18:00.000Z,360
113879.330_484844.508-Rest,52.349968,4.7836866,truck12,2021-12-30T06:18:58.000Z,305
113807.715_484893.040-Rest,52.3504,4.78263,truck12,2021-12-30T06:22:30.000Z,170
113807.715_484893.040-Rest,52.3504,4.78263,truck12,2021-12-30T06:23:29.000Z,460
113694.662_484969.570-Rest,52.351078,4.7809615,truck12,2021-12-30T06:27:05.000Z,435
113694.662_484969.570-Rest,52.351078,4.7809615,truck12,2021-12-30T06:28:15.000Z,435
113694.662_484969.570-Rest,52.351078,4.7809615,truck12,2021-12-30T06:28:58.000Z,125
113920.692_485004.373-Rest,52.35141,4.7842746,truck12,2021-12-30T06:35:31.000Z,330
113920.692_485004.373-Rest,52.35141,4.7842746,truck12,2021-12-30T06:36:35.000Z,445
113920.692_485004.373-Rest,52.35141,4.7842746,truck12,2021-12-30T06:37:34.000Z,160
113822.559_485069.237-Rest,52.351986,4.782826,truck12,2021-12-30T06:40:40.000Z,335
113822.559_485069.237-Rest,52.351986,4.782826,truck12,2021-12-30T06:41:44.000Z,205
113822.559_485069.237-Rest,52.351986,4.782826,truck12,2021-12-30T06:42:48.000Z,455
113929.774_485256.275-Rest,52.353672,4.784377,truck12,2021-12-30T06:47:28.000Z,120
113489.607_485159.552-Rest,52.35277,4.7779284,truck12,2021-12-30T06:55:05.000Z,135
113489.607_485159.552-Rest,52.35277,4.7779284,truck12,2021-12-30T06:55:54.000Z,255
113437.136_485193.385-Rest,52.353073,4.777154,truck12,2021-12-30T06:58:30.000Z,235
113437.136_485193.385-Rest,52.353073,4.777154,truck12,2021-12-30T06:59:29.000Z,195
113373.895_485236.718-Rest,52.353455,4.776221,truck12,2021-12-30T07:02:15.000Z,25
113373.895_485236.718-Rest,52.353455,4.776221,truck12,2021-12-30T07:03:13.000Z,335
113304.419_485380.335-Rest,52.35474,4.775183,truck12,2021-12-30T07:06:43.000Z,285
113304.419_485380.335-Rest,52.35474,4.775183,truck12,2021-12-30T07:07:35.000Z,185
113382.040_485496.552-Rest,52.355793,4.776308,truck12,2021-12-30T07:10:41.000Z,115
113556.243_485505.457-Rest,52.355885,4.778864,truck12,2021-12-30T07:14:13.000Z,320
113556.243_485505.457-Rest,52.355885,4.778864,truck12,2021-12-30T07:15:09.000Z,130
113676.377_485324.071-Rest,52.354263,4.780649,truck12,2021-12-30T07:19:02.000Z,100
115404.896_485037.093-Rest,52.35181,4.8060536,truck12,2021-12-30T07:31:39.000Z,65
115404.896_485037.093-Rest,52.35181,4.8060536,truck12,2021-12-30T07:32:29.000Z,115
115401.512_485014.221-Rest,52.35161,4.8060064,truck12,2021-12-30T07:35:25.000Z,170
115401.512_485014.221-Rest,52.35161,4.8060064,truck12,2021-12-30T07:36:15.000Z,140
115247.221_484960.900-Rest,52.351116,4.803748,truck12,2021-12-30T07:40:55.000Z,220
115247.221_484960.900-Rest,52.351116,4.803748,truck12,2021-12-30T07:41:44.000Z,145
115213.722_485075.571-Rest,52.352146,4.803243,truck12,2021-12-30T07:44:46.000Z,210
115213.722_485075.571-Rest,52.352146,4.803243,truck12,2021-12-30T07:45:42.000Z,170
115290.399_485098.626-Rest,52.352356,4.8043656,truck12,2021-12-30T07:52:09.000Z,100
115290.399_485098.626-Rest,52.352356,4.8043656,truck12,2021-12-30T07:57:21.000Z,350
114807.587_485481.219-Rest,52.35576,4.797234,truck12,2021-12-30T08:01:29.000Z,430
114807.587_485481.219-Rest,52.35576,4.797234,truck12,2021-12-30T08:02:40.000Z,550
114892.313_485325.990-Rest,52.35437,4.7984962,truck12,2021-12-30T08:06:15.000Z,290
114847.286_485365.369-Rest,52.35472,4.7978306,truck12,2021-12-30T08:09:29.000Z,315
114847.286_485365.369-Rest,52.35472,4.7978306,truck12,2021-12-30T08:10:24.000Z,325
114794.253_485351.233-Rest,52.35459,4.797054,truck12,2021-12-30T08:13:38.000Z,240
114794.253_485351.233-Rest,52.35459,4.797054,truck12,2021-12-30T08:14:30.000Z,325
114746.172_485335.674-Rest,52.354446,4.79635,truck12,2021-12-30T08:17:47.000Z,300
114746.172_485335.674-Rest,52.354446,4.79635,truck12,2021-12-30T08:18:52.000Z,270
114699.112_485289.525-Rest,52.35403,4.795665,truck12,2021-12-30T08:22:08.000Z,615
114699.112_485289.525-Rest,52.35403,4.795665,truck12,2021-12-30T08:23:12.000Z,645
114774.387_485776.431-Rest,52.35841,4.7967114,truck12,2021-12-30T08:28:47.000Z,510
114774.387_485776.431-Rest,52.35841,4.7967114,truck12,2021-12-30T08:29:50.000Z,515
114741.694_485879.339-Rest,52.359333,4.7962193,truck12,2021-12-30T08:32:36.000Z,350
114741.694_485879.339-Rest,52.359333,4.7962193,truck12,2021-12-30T08:33:32.000Z,450
113516.283_485630.432-Rest,52.357006,4.7782617,truck12,2021-12-30T08:44:19.000Z,135
113516.283_485630.432-Rest,52.357006,4.7782617,truck12,2021-12-30T08:45:18.000Z,400
113584.115_485556.591-Rest,52.356346,4.779267,truck12,2021-12-30T08:48:04.000Z,235
113584.115_485556.591-Rest,52.356346,4.779267,truck12,2021-12-30T08:48:50.000Z,105
113989.492_485390.891-Rest,52.35489,4.785237,truck12,2021-12-30T08:53:59.000Z,190
113989.492_485390.891-Rest,52.35489,4.785237,truck12,2021-12-30T08:54:56.000Z,420
113989.492_485390.891-Rest,52.35489,4.785237,truck12,2021-12-30T08:56:31.000Z,235
113919.168_485330.387-Rest,52.35434,4.784212,truck12,2021-12-30T08:59:52.000Z,240
115101.258_485723.764-Rest,52.35796,4.8015156,truck12,2021-12-30T09:09:47.000Z,255
115101.258_485723.764-Rest,52.35796,4.8015156,truck12,2021-12-30T09:10:50.000Z,355
115169.022_485696.702-Rest,52.357723,4.8025136,truck12,2021-12-30T09:15:46.000Z,340
115169.022_485696.702-Rest,52.357723,4.8025136,truck12,2021-12-30T09:16:40.000Z,445
115169.022_485696.702-Rest,52.357723,4.8025136,truck12,2021-12-30T09:17:57.000Z,410
115287.978_485672.116-Rest,52.35751,4.8042626,truck12,2021-12-30T09:27:02.000Z,385
115287.978_485672.116-Rest,52.35751,4.8042626,truck12,2021-12-30T09:28:38.000Z,360
115287.978_485672.116-Rest,52.35751,4.8042626,truck12,2021-12-30T09:29:35.000Z,325
115287.978_485672.116-Rest,52.35751,4.8042626,truck12,2021-12-30T09:30:40.000Z,380
115226.313_485650.495-Rest,52.35731,4.80336,truck12,2021-12-30T09:33:24.000Z,120
115226.313_485650.495-Rest,52.35731,4.80336,truck12,2021-12-30T09:34:44.000Z,285
115083.774_485612.078-Rest,52.356956,4.8012724,truck12,2021-12-30T09:39:20.000Z,215
115083.774_485612.078-Rest,52.356956,4.8012724,truck12,2021-12-30T09:40:19.000Z,145
115114.872_485603.404-Rest,52.35688,4.8017297,truck12,2021-12-30T09:45:12.000Z,275
115114.872_485603.404-Rest,52.35688,4.8017297,truck12,2021-12-30T09:46:25.000Z,330
115077.644_485828.850-Rest,52.358906,4.8011565,truck12,2021-12-30T09:51:17.000Z,355
115077.644_485828.850-Rest,52.358906,4.8011565,truck12,2021-12-30T09:54:04.000Z,235
115320.858_485933.117-Rest,52.35986,4.804714,truck12,2021-12-30T09:58:09.000Z,300
115320.858_485933.117-Rest,52.35986,4.804714,truck12,2021-12-30T10:00:49.000Z,240
118418.538_485054.645-Rest,52.35218,4.850282,truck12,2021-12-30T10:33:29.000Z,465
118400.631_485198.082-Rest,52.353466,4.8500037,truck12,2021-12-30T10:39:04.000Z,1115
118400.631_485198.082-Rest,52.353466,4.8500037,truck12,2021-12-30T10:40:30.000Z,905
118438.559_485198.122-Rest,52.35347,4.85056,truck12,2021-12-30T10:45:29.000Z,1145
118494.903_485122.453-Rest,52.352795,4.8513956,truck12,2021-12-30T10:51:00.000Z,530
118494.903_485122.453-Rest,52.352795,4.8513956,truck12,2021-12-30T10:52:31.000Z,795
120006.799_485399.027-Rest,52.355377,4.873557,truck13,2021-12-30T06:18:15.000Z,390
115597.348_485446.570-Rest,52.355507,4.8088303,truck13,2021-12-30T06:46:48.000Z,175
115597.348_485446.570-Rest,52.355507,4.8088303,truck13,2021-12-30T06:47:45.000Z,420
115597.348_485446.570-Rest,52.355507,4.8088303,truck13,2021-12-30T06:48:48.000Z,195
115592.993_485405.407-Rest,52.355137,4.808771,truck13,2021-12-30T06:51:27.000Z,225
115592.993_485405.407-Rest,52.355137,4.808771,truck13,2021-12-30T06:52:33.000Z,365
115623.603_485307.624-Rest,52.35426,4.8092318,truck13,2021-12-30T06:56:39.000Z,160
115623.603_485307.624-Rest,52.35426,4.8092318,truck13,2021-12-30T06:57:33.000Z,255
115612.797_485348.010-Rest,52.35462,4.809068,truck13,2021-12-30T07:00:01.000Z,270
115612.797_485348.010-Rest,52.35462,4.809068,truck13,2021-12-30T07:01:01.000Z,255
115612.797_485348.010-Rest,52.35462,4.809068,truck13,2021-12-30T07:02:04.000Z,295
115647.161_485210.147-Rest,52.353386,4.809589,truck13,2021-12-30T07:05:36.000Z,150
115647.161_485210.147-Rest,52.353386,4.809589,truck13,2021-12-30T07:06:57.000Z,200
115663.543_485163.002-Rest,52.352962,4.809835,truck13,2021-12-30T07:09:58.000Z,295
115681.415_485107.453-Rest,52.352463,4.810104,truck13,2021-12-30T07:12:31.000Z,195
115634.811_485023.749-Rest,52.351707,4.8094296,truck13,2021-12-30T07:15:19.000Z,225
115634.811_485023.749-Rest,52.351707,4.8094296,truck13,2021-12-30T07:16:49.000Z,450
115553.411_485084.050-Rest,52.352245,4.8082275,truck13,2021-12-30T07:19:58.000Z,285
115553.411_485084.050-Rest,52.352245,4.8082275,truck13,2021-12-30T07:20:58.000Z,385
115510.339_485215.525-Rest,52.353424,4.80758,truck13,2021-12-30T07:24:30.000Z,240
115482.916_485062.377-Rest,52.352047,4.8071957,truck13,2021-12-30T07:28:06.000Z,55
115482.916_485062.377-Rest,52.352047,4.8071957,truck13,2021-12-30T07:29:03.000Z,285
119302.590_482049.249-Rest,52.325226,4.863576,truck13,2021-12-30T07:58:56.000Z,630
121909.352_483806.050-Rest,52.34118,4.9016395,truck13,2021-12-30T08:30:48.000Z,130
119887.503_482836.724-Rest,52.33234,4.872073,truck13,2021-12-30T09:06:57.000Z,385
119887.503_482836.724-Rest,52.33234,4.872073,truck13,2021-12-30T09:08:06.000Z,160
118544.792_484360.204-Rest,52.345947,4.8522105,truck13,2021-12-30T09:29:19.000Z,210
118544.792_484360.204-Rest,52.345947,4.8522105,truck13,2021-12-30T09:30:57.000Z,165
123365.693_483748.966-Rest,52.34075,4.923014,truck13,2021-12-30T10:00:26.000Z,110
125050.572_481179.700-Rest,52.317757,4.9479656,truck13,2021-12-30T10:42:59.000Z,215
116079.436_485458.391-Rest,52.355648,4.8159046,truck14,2021-12-30T06:23:37.000Z,395
116079.436_485458.391-Rest,52.355648,4.8159046,truck14,2021-12-30T06:24:39.000Z,160
115999.771_485605.900-Rest,52.356968,4.8147182,truck14,2021-12-30T06:29:00.000Z,205
116156.354_485601.083-Rest,52.356934,4.817017,truck14,2021-12-30T06:32:00.000Z,190
115980.445_485528.498-Rest,52.35627,4.8144436,truck14,2021-12-30T06:35:28.000Z,355
115980.445_485528.498-Rest,52.35627,4.8144436,truck14,2021-12-30T06:36:17.000Z,160
115913.212_485460.477-Rest,52.355656,4.8134646,truck14,2021-12-30T06:40:31.000Z,20
115913.212_485460.477-Rest,52.355656,4.8134646,truck14,2021-12-30T06:41:55.000Z,130
124347.512_487725.912-Rest,52.37655,4.9370584,truck14,2021-12-30T07:40:37.000Z,165
124347.512_487725.912-Rest,52.37655,4.9370584,truck14,2021-12-30T07:41:25.000Z,70
124347.512_487725.912-Rest,52.37655,4.9370584,truck14,2021-12-30T07:42:20.000Z,210
124423.765_487699.260-Rest,52.376312,4.9381804,truck14,2021-12-30T07:46:37.000Z,185
124423.765_487699.260-Rest,52.376312,4.9381804,truck14,2021-12-30T07:47:32.000Z,300
124991.787_487771.700-Rest,52.376995,4.9465156,truck14,2021-12-30T07:54:48.000Z,275
124991.787_487771.700-Rest,52.376995,4.9465156,truck14,2021-12-30T07:55:39.000Z,170
123099.754_485197.903-Rest,52.35376,4.918975,truck14,2021-12-30T08:35:55.000Z,245
124927.945_481950.327-Rest,52.324673,4.9460983,truck14,2021-12-30T09:10:00.000Z,245
125100.690_483788.633-Rest,52.341206,4.9484687,truck14,2021-12-30T09:29:25.000Z,240
125100.690_483788.633-Rest,52.341206,4.9484687,truck14,2021-12-30T09:30:22.000Z,220
125087.330_483688.360-Rest,52.3403,4.948282,truck14,2021-12-30T09:33:11.000Z,355
125087.330_483688.360-Rest,52.3403,4.948282,truck14,2021-12-30T09:34:14.000Z,180
124805.091_483613.062-Rest,52.33961,4.944147,truck14,2021-12-30T09:38:44.000Z,385
124805.091_483613.062-Rest,52.33961,4.944147,truck14,2021-12-30T09:39:46.000Z,360
124949.006_483635.621-Rest,52.33982,4.9462566,truck14,2021-12-30T09:43:31.000Z,315
125129.837_488944.985-Rest,52.38755,4.9484386,truck15,2021-12-30T06:25:25.000Z,215
125129.837_488944.985-Rest,52.38755,4.9484386,truck15,2021-12-30T06:26:30.000Z,245
124765.205_490216.449-Rest,52.398956,4.942968,truck15,2021-12-30T06:46:58.000Z,300
124765.205_490216.449-Rest,52.398956,4.942968,truck15,2021-12-30T06:48:25.000Z,105
124734.300_490169.213-Rest,52.39853,4.942518,truck15,2021-12-30T06:51:07.000Z,140
124734.300_490169.213-Rest,52.39853,4.942518,truck15,2021-12-30T06:52:22.000Z,250
124343.478_490568.386-Rest,52.402096,4.9367394,truck15,2021-12-30T06:57:35.000Z,380
124343.478_490568.386-Rest,52.402096,4.9367394,truck15,2021-12-30T06:59:12.000Z,425
125285.664_490157.097-Rest,52.39845,4.95062,truck15,2021-12-30T07:08:57.000Z,745
122238.076_492641.967-Rest,52.42061,4.9056015,truck15,2021-12-30T07:55:11.000Z,2270
121985.950_492862.761-Rest,52.422577,4.9018736,truck15,2021-12-30T08:03:19.000Z,2630
121883.402_492916.457-Rest,52.423054,4.9003606,truck15,2021-12-30T08:08:31.000Z,2540
121843.480_492799.492-Rest,52.422,4.8997855,truck15,2021-12-30T08:16:40.000Z,2800
124989.909_487480.330-Rest,52.37438,4.946514,truck15,2021-12-30T09:25:48.000Z,530
124989.909_487480.330-Rest,52.37438,4.946514,truck15,2021-12-30T09:26:44.000Z,500
125098.225_487499.133-Rest,52.374554,4.948103,truck15,2021-12-30T09:29:36.000Z,500
125147.482_487462.828-Rest,52.37423,4.948829,truck15,2021-12-30T09:32:48.000Z,380
121050.508_492922.169-Rest,52.423054,4.888116,truck16,2021-12-30T06:51:19.000Z,2590
120923.524_492872.808-Rest,52.422604,4.8862543,truck16,2021-12-30T06:58:16.000Z,2800
120894.414_492936.399-Rest,52.423172,4.88582,truck16,2021-12-30T07:06:41.000Z,2475
120932.520_493027.666-Rest,52.423996,4.886371,truck16,2021-12-30T07:14:03.000Z,2270
122961.592_491290.156-Rest,52.408504,4.916366,truck16,2021-12-30T07:56:55.000Z,385
115300.739_486502.093-Rest,52.36497,4.804352,truck16,2021-12-30T08:54:12.000Z,455
115300.739_486502.093-Rest,52.36497,4.804352,truck16,2021-12-30T08:55:26.000Z,385
115300.739_486502.093-Rest,52.36497,4.804352,truck16,2021-12-30T08:57:49.000Z,440
115300.739_486502.093-Rest,52.36497,4.804352,truck16,2021-12-30T08:58:52.000Z,450
115406.338_486444.578-Rest,52.36446,4.805909,truck16,2021-12-30T09:03:14.000Z,435
124868.353_484128.481-Rest,52.344246,4.9450293,truck17,2021-12-30T07:05:09.000Z,90
124868.353_484128.481-Rest,52.344246,4.9450293,truck17,2021-12-30T07:06:10.000Z,160
124871.339_484003.346-Rest,52.34312,4.945084,truck17,2021-12-30T07:09:35.000Z,360
124850.192_483996.702-Rest,52.34306,4.9447746,truck17,2021-12-30T07:12:09.000Z,165
124850.192_483996.702-Rest,52.34306,4.9447746,truck17,2021-12-30T07:13:06.000Z,155
124781.720_483951.892-Rest,52.342655,4.9437737,truck17,2021-12-30T07:15:51.000Z,85
124781.720_483951.892-Rest,52.342655,4.9437737,truck17,2021-12-30T07:17:18.000Z,280
124757.812_483841.432-Rest,52.34166,4.943433,truck17,2021-12-30T07:19:52.000Z,325
124662.988_483794.348-Rest,52.341232,4.9420457,truck17,2021-12-30T07:23:13.000Z,340
124662.988_483794.348-Rest,52.341232,4.9420457,truck17,2021-12-30T07:24:13.000Z,340
124496.674_483637.431-Rest,52.339813,4.9396195,truck17,2021-12-30T07:28:33.000Z,210
124563.627_483744.202-Rest,52.340775,4.9405923,truck17,2021-12-30T07:31:15.000Z,45
124563.627_483744.202-Rest,52.340775,4.9405923,truck17,2021-12-30T07:32:12.000Z,235
124592.293_483611.347-Rest,52.339584,4.941025,truck17,2021-12-30T07:34:57.000Z,470
115459.968_486670.310-Rest,52.366493,4.8066697,truck17,2021-12-30T08:45:37.000Z,440
115459.968_486670.310-Rest,52.366493,4.8066697,truck17,2021-12-30T08:47:50.000Z,25
115459.968_486670.310-Rest,52.366493,4.8066697,truck17,2021-12-30T08:49:26.000Z,340
118872.288_482969.537-Rest,52.33347,4.8571653,truck17,2021-12-30T09:32:25.000Z,100
