id,dateObserved,lat,long,weight
124161.688_486140.873-Rest,2021-10-15T05:42:04.000Z,52.36243210394593,4.934652612813517,535.0
124161.688_486140.873-Rest,2021-10-15T05:43:20.000Z,52.36231210394542,4.934582612809378,380.0
124196.958_485916.060-Rest,2021-10-15T05:47:37.000Z,52.36046210393257,4.93530261283248,315.0
124692.532_486089.930-Rest,2021-10-15T05:54:32.000Z,52.36197210392004,4.942102613170597,430.0
124692.532_486089.930-Rest,2021-10-15T05:55:42.000Z,52.36197210392005,4.942092613170116,365.0
124572.744_485896.898-Rest,2021-10-15T05:59:02.000Z,52.36042210391593,4.940572613086672,365.0
124572.744_485896.898-Rest,2021-10-15T06:00:11.000Z,52.36040210391582,4.940562613086061,295.0
124600.315_485783.953-Rest,2021-10-15T06:05:11.000Z,52.35900210390672,4.940932613094917,225.0
124571.781_485728.873-Rest,2021-10-15T06:06:31.000Z,52.358732103905645,4.940792613086422,115.0
124469.445_485980.919-Rest,2021-10-15T06:10:42.000Z,52.36091210392298,4.939212613024132,275.0
124469.445_485980.919-Rest,2021-10-15T06:11:58.000Z,52.36100210392312,4.939332613030506,245.0
124491.535_486175.416-Rest,2021-10-15T06:16:14.000Z,52.3625721039324,4.939262613037178,385.0
124491.535_486175.416-Rest,2021-10-15T06:17:25.000Z,52.362682103932855,4.939322613040783,450.0
124393.097_486173.838-Rest,2021-10-15T06:20:16.000Z,52.36267210393766,4.937772612965797,215.0
124203.587_486305.948-Rest,2021-10-15T06:23:34.000Z,52.36371210395246,4.934952612836081,375.0
124203.587_486305.948-Rest,2021-10-15T06:24:44.000Z,52.36371210395246,4.934952612836081,310.0
124268.444_486232.299-Rest,2021-10-15T06:29:55.000Z,52.36319210394611,4.936012612884033,295.0
124802.954_486072.272-Rest,2021-10-15T06:34:48.000Z,52.36167210391376,4.943532613237778,250.0
124858.646_486012.287-Rest,2021-10-15T06:37:36.000Z,52.361092103907616,4.9444226132770215,165.0
124600.122_486562.371-Rest,2021-10-15T06:38:05.000Z,52.36613210394859,4.940802613134566,155.0
124858.646_486012.287-Rest,2021-10-15T06:38:47.000Z,52.361092103907616,4.9444226132770215,150.0
122553.561_485630.575-Rest,2021-10-15T06:40:37.000Z,52.35766210398927,4.911052611647453,70.0
122553.561_485630.575-Rest,2021-10-15T06:41:40.000Z,52.35766210398927,4.911052611647453,75.0
124553.217_486572.845-Rest,2021-10-15T06:43:29.000Z,52.366132103950704,4.9401326131021195,115.0
122672.058_485677.597-Rest,2021-10-15T06:45:42.000Z,52.35813210398686,4.912782611733351,85.0
122672.058_485677.597-Rest,2021-10-15T06:46:38.000Z,52.35813210398686,4.912782611733351,100.0
124228.845_486567.849-Rest,2021-10-15T06:47:05.000Z,52.36616210396554,4.93541261287381,250.0
124600.345_486913.312-Rest,2021-10-15T06:47:30.000Z,52.36938210396759,4.941032613166677,340.0
120240.416_488709.067-Rest,2021-10-15T06:47:43.000Z,52.38507210425442,4.8767326101396025,215.0
124228.845_486567.849-Rest,2021-10-15T06:48:44.000Z,52.36616210396558,4.935402612873325,155.0
120240.416_488709.067-Rest,2021-10-15T06:48:53.000Z,52.38507210425442,4.8767326101396025,270.0
124301.269_486510.678-Rest,2021-10-15T06:49:10.000Z,52.36562210395911,4.93645261292072,270.0
122673.608_485758.274-Rest,2021-10-15T06:49:39.000Z,52.35882210399014,4.912992611747459,130.0
124301.269_486510.678-Rest,2021-10-15T06:50:11.000Z,52.365612103959066,4.936452612920654,255.0
122673.608_485758.274-Rest,2021-10-15T06:50:36.000Z,52.35882210399014,4.912992611747459,195.0
120250.282_488648.271-Rest,2021-10-15T06:51:58.000Z,52.384672104251045,4.876972610149196,420.0
118197.052_484460.753-Rest,2021-10-15T06:52:20.000Z,52.34679210410052,4.847142608539242,415.0
122673.608_485758.274-Rest,2021-10-15T06:52:51.000Z,52.35919210399323,4.91264261173277,220.0
124042.675_486418.224-Rest,2021-10-15T06:54:09.000Z,52.36481210396615,4.932602612729385,205.0
124195.028_486559.170-Rest,2021-10-15T06:54:18.000Z,52.36618210396737,4.934862612847318,175.0
120318.284_488604.249-Rest,2021-10-15T06:55:00.000Z,52.38416210424502,4.877942610193577,590.0
122609.655_485792.256-Rest,2021-10-15T06:56:46.000Z,52.35914210399527,4.91184261169399,95.0
122609.655_485792.256-Rest,2021-10-15T06:57:43.000Z,52.35914210399527,4.91184261169399,75.0
124087.635_486365.736-Rest,2021-10-15T06:57:54.000Z,52.36433210396071,4.933462612767954,405.0
118238.606_484334.853-Rest,2021-10-15T06:58:10.000Z,52.34561210409318,4.8477426085625055,950.0
122688.060_486000.843-Rest,2021-10-15T07:01:08.000Z,52.36099210400248,4.9129926117600755,135.0
124112.026_486487.104-Rest,2021-10-15T07:01:22.000Z,52.36538210396575,4.933842612792927,295.0
119926.343_484296.585-Rest,2021-10-15T07:01:27.000Z,52.345422104030284,4.872502609738226,325.0
122688.060_486000.843-Rest,2021-10-15T07:01:58.000Z,52.36099210400248,4.9129926117600755,165.0
124735.666_486784.579-Rest,2021-10-15T07:02:13.000Z,52.36814210395475,4.942702613239637,425.0
120226.107_488555.785-Rest,2021-10-15T07:02:36.000Z,52.38373210424604,4.8764426101187555,0.0
124123.255_486292.927-Rest,2021-10-15T07:04:16.000Z,52.36375210395571,4.933972612788966,475.0
118418.538_485054.645-Rest,2021-10-15T07:04:33.000Z,52.352262104120776,4.85046260872139,290.0
124123.255_486292.927-Rest,2021-10-15T07:05:21.000Z,52.36376210395577,4.933972612789029,630.0
120287.232_488397.445-Rest,2021-10-15T07:05:47.000Z,52.38243210423479,4.877372610157169,150.0
124123.255_486292.927-Rest,2021-10-15T07:06:35.000Z,52.363762103955715,4.933982612789512,575.0
119786.958_484347.054-Rest,2021-10-15T07:06:52.000Z,52.346052104039096,4.870312609637093,450.0
124876.598_486130.255-Rest,2021-10-15T07:08:24.000Z,52.3622621039127,4.944952613310283,480.0
122496.330_485460.095-Rest,2021-10-15T07:08:33.000Z,52.356142103983025,4.91029261160218,115.0
118882.828_481928.981-Rest,2021-10-15T07:08:44.000Z,52.32409210397383,4.8574826089258245,240.0
121911.105_484318.097-Rest,2021-10-15T07:08:55.000Z,52.34589210395366,4.901732611134294,185.0
120215.901_488336.784-Rest,2021-10-15T07:09:00.000Z,52.381692104232854,4.876202610096804,220.0
123770.324_486530.197-Rest,2021-10-15T07:09:17.000Z,52.36575210398331,4.928812612551976,180.0
124876.598_486130.255-Rest,2021-10-15T07:09:27.000Z,52.3622621039127,4.944952613310283,295.0
118882.828_481928.981-Rest,2021-10-15T07:09:52.000Z,52.32409210397388,4.857472608925354,180.0
122496.330_485460.095-Rest,2021-10-15T07:09:59.000Z,52.35614210398302,4.910302611602661,55.0
123770.324_486530.197-Rest,2021-10-15T07:10:47.000Z,52.36575210398331,4.928812612551976,400.0
125050.178_486582.331-Rest,2021-10-15T07:10:55.000Z,52.36639210392871,4.947582613464745,390.0
122496.330_485460.095-Rest,2021-10-15T07:11:03.000Z,52.35614210398302,4.910302611602661,50.0
118882.828_481928.981-Rest,2021-10-15T07:11:04.000Z,52.32409210397388,4.857472608925354,245.0
118239.478_485058.453-Rest,2021-10-15T07:11:10.000Z,52.35225210412759,4.847612608585717,615.0
124921.935_481047.037-Rest,2021-10-15T07:11:25.000Z,52.316642103695266,4.946192613072267,225.0
119960.306_484408.739-Rest,2021-10-15T07:11:52.000Z,52.3464721040341,4.873062609770061,285.0
120115.816_488316.769-Rest,2021-10-15T07:12:17.000Z,52.38184210423737,4.874852610032269,345.0
124722.880_486258.264-Rest,2021-10-15T07:12:19.000Z,52.36341210392604,4.9428426132157135,270.0
125050.178_486582.331-Rest,2021-10-15T07:12:24.000Z,52.36639210392871,4.947582613464745,355.0
121911.105_484318.097-Rest,2021-10-15T07:12:40.000Z,52.34598210395434,4.901642611130497,180.0
119960.306_484408.739-Rest,2021-10-15T07:13:08.000Z,52.3464721040341,4.873062609770061,270.0
124722.880_486258.264-Rest,2021-10-15T07:13:23.000Z,52.36341210392604,4.9428426132157135,220.0
124571.477_486108.058-Rest,2021-10-15T07:13:30.000Z,52.36186210392414,4.9405926130969045,260.0
122121.184_484501.747-Rest,2021-10-15T07:14:14.000Z,52.3475021039533,4.904712611285689,345.0
119079.728_481864.018-Rest,2021-10-15T07:14:26.000Z,52.32358210396446,4.860452609063279,165.0
124722.880_486258.264-Rest,2021-10-15T07:14:33.000Z,52.36341210392604,4.9428426132157135,270.0
120167.233_488369.508-Rest,2021-10-15T07:14:39.000Z,52.38214210423727,4.875662610072959,280.0
122780.399_485593.720-Rest,2021-10-15T07:15:11.000Z,52.35734210397778,4.914392611806172,110.0
119079.728_481864.018-Rest,2021-10-15T07:15:36.000Z,52.32358210396448,4.860442609062808,200.0
125049.604_481077.486-Rest,2021-10-15T07:15:44.000Z,52.31692210369022,4.948082613163541,215.0
123910.146_486528.069-Rest,2021-10-15T07:17:17.000Z,52.365772103977676,4.9307026126434925,405.0
124256.723_486030.279-Rest,2021-10-15T07:17:40.000Z,52.36135210393617,4.93578261286128,395.0
122780.399_485593.720-Rest,2021-10-15T07:18:25.000Z,52.35733210397765,4.914412611807076,235.0
124769.529_486006.106-Rest,2021-10-15T07:18:28.000Z,52.36109210391096,4.943362613225792,50.0
125121.670_481116.833-Rest,2021-10-15T07:18:39.000Z,52.31730210368811,4.949162613217164,320.0
124256.723_486030.279-Rest,2021-10-15T07:18:51.000Z,52.36135210393615,4.9357926128617615,315.0
123910.146_486528.069-Rest,2021-10-15T07:18:51.000Z,52.365772103977676,4.9307026126434925,320.0
120220.058_484314.509-Rest,2021-10-15T07:19:30.000Z,52.345802104021075,4.876772609943393,540.0
124769.529_486006.106-Rest,2021-10-15T07:19:42.000Z,52.36109210391092,4.943372613226275,130.0
118951.795_482313.174-Rest,2021-10-15T07:20:21.000Z,52.32757210398535,4.85844260898708,310.0
122185.942_484544.894-Rest,2021-10-15T07:21:09.000Z,52.34762210395119,4.9056826113327485,340.0
124938.785_486361.372-Rest,2021-10-15T07:21:10.000Z,52.36446210392279,4.945822613366788,235.0
118951.795_482313.174-Rest,2021-10-15T07:21:50.000Z,52.32757210398535,4.85844260898708,140.0
124938.785_486361.372-Rest,2021-10-15T07:22:20.000Z,52.36446210392279,4.945822613366788,530.0
116832.300_485114.000-Rest,2021-10-15T07:22:35.000Z,52.35258210417769,4.826922607603942,75.0
124774.724_485947.051-Rest,2021-10-15T07:22:45.000Z,52.360732103908525,4.9434826132292535,465.0
124193.079_486087.785-Rest,2021-10-15T07:22:46.000Z,52.361882103942165,4.934822612818263,350.0
122185.942_484544.894-Rest,2021-10-15T07:22:46.000Z,52.34771210395178,4.905632611330863,285.0
116832.300_485114.000-Rest,2021-10-15T07:23:37.000Z,52.35258210417769,4.826922607603942,170.0
124193.079_486087.785-Rest,2021-10-15T07:23:55.000Z,52.361882103942165,4.934822612818263,285.0
124774.724_485947.051-Rest,2021-10-15T07:23:55.000Z,52.36072210390847,4.943492613229667,260.0
122185.942_484544.894-Rest,2021-10-15T07:24:09.000Z,52.34776210395198,4.905662611332579,170.0
120378.050_488574.132-Rest,2021-10-15T07:24:34.000Z,52.38404210424223,4.878682610228807,220.0
122272.874_484639.223-Rest,2021-10-15T07:24:54.000Z,52.34872210395281,4.907082611405936,260.0
124774.724_485947.051-Rest,2021-10-15T07:25:01.000Z,52.36071210390838,4.943492613229604,425.0
124703.030_481453.586-Rest,2021-10-15T07:25:05.000Z,52.32032210371938,4.942802612935532,110.0
120296.927_484381.767-Rest,2021-10-15T07:25:13.000Z,52.34610210401991,4.8777926099934845,270.0
119438.178_482309.350-Rest,2021-10-15T07:25:52.000Z,52.327562103967324,4.865582609323799,285.0
116709.086_485101.374-Rest,2021-10-15T07:26:19.000Z,52.352542104181566,4.825122607518374,60.0
123128.935_484732.880-Rest,2021-10-15T07:26:31.000Z,52.349532103920886,4.919482612004544,95.0
119438.178_482309.350-Rest,2021-10-15T07:27:04.000Z,52.327562103967324,4.865582609323799,100.0
116709.086_485101.374-Rest,2021-10-15T07:27:15.000Z,52.352542104181566,4.825122607518374,65.0
120468.446_488665.189-Rest,2021-10-15T07:27:35.000Z,52.38477210424373,4.880022610297473,185.0
123128.935_484732.880-Rest,2021-10-15T07:27:37.000Z,52.34952210392084,4.919482612004484,70.0
125659.707_489570.525-Rest,2021-10-15T07:27:38.000Z,52.39324210407914,4.956142614063082,2570.0
122207.534_484479.724-Rest,2021-10-15T07:27:48.000Z,52.34727210394871,4.905922611342249,165.0
124885.614_485939.749-Rest,2021-10-15T07:27:50.000Z,52.36063210390266,4.945152613309299,290.0
122272.874_484639.223-Rest,2021-10-15T07:28:10.000Z,52.34883210395347,4.907052611405122,135.0
124417.831_485742.680-Rest,2021-10-15T07:28:18.000Z,52.358782103913406,4.938402612971418,340.0
124610.194_481531.108-Rest,2021-10-15T07:28:25.000Z,52.32093210372633,4.941332612869777,335.0
123128.935_484732.880-Rest,2021-10-15T07:28:44.000Z,52.34952210392084,4.919482612004484,5.0
122992.177_488481.533-Rest,2021-10-15T07:28:50.000Z,52.38344210413095,4.917202612095927,2610.0
124885.614_485939.749-Rest,2021-10-15T07:28:51.000Z,52.36063210390266,4.945152613309299,130.0
122207.534_484479.724-Rest,2021-10-15T07:29:17.000Z,52.34727210394871,4.905922611342249,220.0
118187.204_484830.457-Rest,2021-10-15T07:29:17.000Z,52.35033210411912,4.846942608545362,835.0
124417.831_485742.680-Rest,2021-10-15T07:29:19.000Z,52.358782103913406,4.938402612971418,485.0
123128.935_484732.880-Rest,2021-10-15T07:29:50.000Z,52.34952210392084,4.919482612004484,90.0
123141.906_484719.331-Rest,2021-10-15T07:30:41.000Z,52.34951210392078,4.919482612004424,95.0
123768.049_486439.511-Rest,2021-10-15T07:30:57.000Z,52.364952103978524,4.928822612547518,320.0
122272.874_484639.223-Rest,2021-10-15T07:30:58.000Z,52.34882210395361,4.906972611401237,345.0
116780.147_485347.726-Rest,2021-10-15T07:31:10.000Z,52.35466210419022,4.826322607583819,480.0
124524.391_485788.696-Rest,2021-10-15T07:31:59.000Z,52.35919210391151,4.939752613039185,225.0
116780.147_485347.726-Rest,2021-10-15T07:32:16.000Z,52.35466210419022,4.826322607583819,205.0
124524.391_485788.696-Rest,2021-10-15T07:33:05.000Z,52.35919210391151,4.939752613039185,80.0
123097.103_484685.843-Rest,2021-10-15T07:33:44.000Z,52.349092103919446,4.919202611988511,85.0
123097.103_484685.843-Rest,2021-10-15T07:33:59.000Z,52.349092103919446,4.919202611988511,5.0
123097.103_484685.843-Rest,2021-10-15T07:34:01.000Z,52.349092103919446,4.919202611988511,0.0
119984.722_483017.537-Rest,2021-10-15T07:34:08.000Z,52.33396210397439,4.87338260972353,275.0
124549.098_481681.498-Rest,2021-10-15T07:34:26.000Z,52.32217210373367,4.940492612837872,370.0
120451.171_488565.116-Rest,2021-10-15T07:35:03.000Z,52.383922104238756,4.879692610277113,265.0
119984.722_483017.537-Rest,2021-10-15T07:35:05.000Z,52.33396210397439,4.87338260972353,315.0
122985.871_488579.521-Rest,2021-10-15T07:35:22.000Z,52.384232104137276,4.916882612085044,3040.0
123097.103_484685.843-Rest,2021-10-15T07:35:25.000Z,52.34909210391941,4.919212611988988,340.0
125495.835_489485.271-Rest,2021-10-15T07:35:28.000Z,52.39241210408067,4.953822613943457,100.0
116725.157_485450.643-Rest,2021-10-15T07:35:43.000Z,52.35569210419787,4.825422607545201,165.0
119984.722_483017.537-Rest,2021-10-15T07:36:04.000Z,52.33396210397439,4.87338260972353,150.0
123737.432_486469.546-Rest,2021-10-15T07:36:21.000Z,52.36514210398121,4.9283026125235585,440.0
123097.103_484685.843-Rest,2021-10-15T07:36:30.000Z,52.349082103919386,4.919212611988931,120.0
116725.157_485450.643-Rest,2021-10-15T07:36:39.000Z,52.35574210419816,4.825422607545401,195.0
120320.560_484540.688-Rest,2021-10-15T07:36:44.000Z,52.347672104026415,4.878312610026182,255.0
123133.062_490994.310-Rest,2021-10-15T07:37:18.000Z,52.40579210428953,4.91890261231301,175.0
116725.157_485450.643-Rest,2021-10-15T07:37:34.000Z,52.355742104198164,4.825412607544925,100.0
123133.062_490994.310-Rest,2021-10-15T07:38:22.000Z,52.40579210428958,4.91889261231252,60.0
124644.731_487131.046-Rest,2021-10-15T07:38:28.000Z,52.37132210397782,4.941582613205911,420.0
122287.509_484549.254-Rest,2021-10-15T07:38:28.000Z,52.347922103948896,4.907012611398056,210.0
125578.378_489439.628-Rest,2021-10-15T07:38:30.000Z,52.39188210407411,4.954672613981585,1080.0
124757.692_481768.453-Rest,2021-10-15T07:38:34.000Z,52.322952103726685,4.9436526129927865,435.0
124535.962_485968.544-Rest,2021-10-15T07:38:48.000Z,52.36084210392026,4.9399526130594245,340.0
124535.962_485968.544-Rest,2021-10-15T07:39:59.000Z,52.360832103920224,4.939952613059364,175.0
122366.683_484438.078-Rest,2021-10-15T07:40:12.000Z,52.34694210394042,4.90823261145084,50.0
123803.905_486428.396-Rest,2021-10-15T07:40:23.000Z,52.364782103976175,4.929252612567251,210.0
124535.962_485968.544-Rest,2021-10-15T07:41:06.000Z,52.360832103920224,4.939952613059364,230.0
122287.509_484549.254-Rest,2021-10-15T07:41:23.000Z,52.347922103948896,4.907012611398056,115.0
122366.683_484438.078-Rest,2021-10-15T07:41:29.000Z,52.34694210394042,4.90823261145084,430.0
124644.731_487131.046-Rest,2021-10-15T07:41:31.000Z,52.371292103977545,4.941612613207172,365.0
116640.756_485425.101-Rest,2021-10-15T07:41:57.000Z,52.3553421041986,4.824232607487282,155.0
120323.908_484616.541-Rest,2021-10-15T07:42:04.000Z,52.34835210402995,4.87830261002914,705.0
119321.679_484527.365-Rest,2021-10-15T07:42:08.000Z,52.34747210406366,4.86349260931939,85.0
123082.166_491037.516-Rest,2021-10-15T07:42:19.000Z,52.406322104295946,4.9181426122788245,180.0
120217.227_484155.844-Rest,2021-10-15T07:42:20.000Z,52.3442521040136,4.876702609932293,265.0
120228.760_488302.126-Rest,2021-10-15T07:42:47.000Z,52.38145210423108,4.876262610098491,255.0
116640.756_485425.101-Rest,2021-10-15T07:42:56.000Z,52.3553421041986,4.824232607487282,225.0
124904.811_481856.066-Rest,2021-10-15T07:43:04.000Z,52.323882103723996,4.9456326130928,485.0
120217.227_484155.844-Rest,2021-10-15T07:43:24.000Z,52.3442521040136,4.876702609932293,115.0
120217.227_484155.844-Rest,2021-10-15T07:44:34.000Z,52.34426210401364,4.876702609932342,310.0
124246.086_490144.796-Rest,2021-10-15T07:45:10.000Z,52.39834210418253,4.935442613079764,270.0
123859.975_486377.387-Rest,2021-10-15T07:45:22.000Z,52.364342103971275,4.930022612601739,345.0
116535.514_485283.921-Rest,2021-10-15T07:46:04.000Z,52.35409210419567,4.822532607401627,465.0
124837.510_481979.882-Rest,2021-10-15T07:46:14.000Z,52.32500210373165,4.944612613051619,515.0
127840.518_486303.184-Rest,2021-10-15T07:46:23.000Z,52.36407210377732,4.988332615426811,295.0
122979.054_490904.074-Rest,2021-10-15T07:46:23.000Z,52.4050521042907,4.916552612193025,290.0
124597.455_487051.459-Rest,2021-10-15T07:46:49.000Z,52.37054210397574,4.940702613158155,260.0
120478.927_484543.006-Rest,2021-10-15T07:47:09.000Z,52.34769210402029,4.880682610139279,335.0
124707.825_485630.421-Rest,2021-10-15T07:47:26.000Z,52.35775210389442,4.942612613167915,215.0
121865.592_484439.559-Rest,2021-10-15T07:47:48.000Z,52.34687210396098,4.90087261109864,385.0
124837.510_481979.882-Rest,2021-10-15T07:48:04.000Z,52.32499210373166,4.944602613051082,510.0
127840.518_486303.184-Rest,2021-10-15T07:48:15.000Z,52.36414210377809,4.988222615421992,265.0
124707.825_485630.421-Rest,2021-10-15T07:48:22.000Z,52.35775210389442,4.942612613167915,80.0
121179.264_485024.374-Rest,2021-10-15T07:48:23.000Z,52.35213210401648,4.890652610638569,360.0
120478.927_484543.006-Rest,2021-10-15T07:48:26.000Z,52.34769210402029,4.880682610139279,355.0
116491.855_485359.327-Rest,2021-10-15T07:49:10.000Z,52.35476210420029,4.822082607382905,175.0
122899.243_490884.997-Rest,2021-10-15T07:49:30.000Z,52.40480210429196,4.9154426121369825,235.0
121179.264_485024.374-Rest,2021-10-15T07:49:43.000Z,52.35213210401648,4.890652610638569,265.0
122326.001_484495.341-Rest,2021-10-15T07:50:42.000Z,52.347462103944494,4.907732611429884,195.0
120964.422_484469.100-Rest,2021-10-15T07:50:46.000Z,52.34717210399876,4.887722610472388,150.0
118830.727_484608.874-Rest,2021-10-15T07:50:53.000Z,52.34790210408437,4.856072608968481,0.0
121190.761_490885.050-Rest,2021-10-15T07:51:02.000Z,52.40481210436286,4.890332610905451,115.0
124801.090_485586.038-Rest,2021-10-15T07:51:18.000Z,52.35727210388779,4.943862613225106,125.0
124932.271_482031.499-Rest,2021-10-15T07:51:53.000Z,52.32539210372775,4.946322613135403,175.0
120536.682_488576.927-Rest,2021-10-15T07:51:58.000Z,52.3841721042372,4.880932610338473,260.0
120964.422_484469.100-Rest,2021-10-15T07:52:04.000Z,52.34717210399876,4.887722610472388,5.0
124801.090_485586.038-Rest,2021-10-15T07:52:15.000Z,52.35727210388779,4.943862613225106,250.0
121754.999_484449.354-Rest,2021-10-15T07:52:22.000Z,52.34694210396592,4.899232611020672,305.0
121190.761_490885.050-Rest,2021-10-15T07:52:23.000Z,52.40481210436286,4.890332610905451,435.0
123661.685_486181.991-Rest,2021-10-15T07:52:28.000Z,52.36259210396978,4.927132612451366,1015.0
116384.444_485392.967-Rest,2021-10-15T07:52:29.000Z,52.35507210420555,4.82048260730818,140.0
124601.901_487387.736-Rest,2021-10-15T07:52:44.000Z,52.373512103993335,4.9410226131928745,300.0
124011.517_490335.944-Rest,2021-10-15T07:52:50.000Z,52.39997210420599,4.93181261291176,275.0
121037.432_484995.178-Rest,2021-10-15T07:53:22.000Z,52.35187210402043,4.88869261054345,1000.0
122933.221_490800.124-Rest,2021-10-15T07:54:03.000Z,52.40408210428495,4.915912612155783,165.0
127746.763_486374.087-Rest,2021-10-15T07:54:28.000Z,52.364522103784886,4.986952615363096,365.0
125001.935_481902.335-Rest,2021-10-15T07:54:47.000Z,52.32424210371987,4.947372613177785,230.0
116443.623_485207.987-Rest,2021-10-15T07:55:19.000Z,52.35341210419464,4.82138260734439,140.0
123552.541_486145.240-Rest,2021-10-15T07:55:52.000Z,52.36224210397257,4.925532612372009,175.0
125034.284_485497.173-Rest,2021-10-15T07:56:11.000Z,52.3565121038721,4.9474726133942895,270.0
120560.523_488927.606-Rest,2021-10-15T07:56:20.000Z,52.38716210425685,4.881312610372369,335.0
122889.745_490700.376-Rest,2021-10-15T07:57:44.000Z,52.40315210427918,4.915452612127649,145.0
118878.701_484287.623-Rest,2021-10-15T07:57:46.000Z,52.34538210406964,4.856912608996808,465.0
120296.163_484678.292-Rest,2021-10-15T07:57:51.000Z,52.34892210403398,4.877882610011987,375.0
121145.429_490850.525-Rest,2021-10-15T07:57:57.000Z,52.404522104362144,4.889762610875981,590.0
120924.982_484960.223-Rest,2021-10-15T07:58:13.000Z,52.3516421040241,4.8869026104566595,1135.0
116559.857_485165.100-Rest,2021-10-15T07:58:29.000Z,52.35307210418909,4.823032607421326,205.0
125034.284_485497.173-Rest,2021-10-15T07:58:31.000Z,52.35652210387216,4.9474726133943525,395.0
120531.273_488988.957-Rest,2021-10-15T07:58:39.000Z,52.38770210426221,4.880702610345564,185.0
122889.745_490700.376-Rest,2021-10-15T07:58:56.000Z,52.40315210427905,4.9154926121296105,190.0
124884.576_481775.744-Rest,2021-10-15T07:59:01.000Z,52.32305210372144,4.945422613077436,230.0
120993.942_484244.028-Rest,2021-10-15T07:59:07.000Z,52.34510210398712,4.888202610484413,220.0
116559.857_485165.100-Rest,2021-10-15T07:59:24.000Z,52.35307210418909,4.823032607421326,340.0
120296.163_484678.292-Rest,2021-10-15T07:59:24.000Z,52.34892210403398,4.877882610011987,295.0
123463.408_486115.252-Rest,2021-10-15T07:59:35.000Z,52.36195210397476,4.9242526123084875,100.0
125034.284_485497.173-Rest,2021-10-15T07:59:43.000Z,52.35652210387216,4.9474726133943525,400.0
123460.799_487674.310-Rest,2021-10-15T07:59:52.000Z,52.37603210406191,4.923922612378042,405.0
120993.942_484244.028-Rest,2021-10-15T08:00:10.000Z,52.34510210398712,4.888202610484413,235.0
123460.799_487674.310-Rest,2021-10-15T08:00:47.000Z,52.37603210406191,4.923922612378042,465.0
120921.969_484894.435-Rest,2021-10-15T08:01:51.000Z,52.35099210402032,4.88702261045899,510.0
120408.635_489078.469-Rest,2021-10-15T08:02:07.000Z,52.38866210427341,4.879012610268491,255.0
125080.811_481884.177-Rest,2021-10-15T08:02:19.000Z,52.32412210371591,4.948462613228774,360.0
123170.384_487021.757-Rest,2021-10-15T08:02:39.000Z,52.37016210403642,4.920032612154048,150.0
123033.005_490731.301-Rest,2021-10-15T08:02:56.000Z,52.40351210427588,4.917522612231459,685.0
116494.281_485546.749-Rest,2021-10-15T08:03:54.000Z,52.356432104209766,4.8219126073814085,190.0
123170.384_487021.757-Rest,2021-10-15T08:04:04.000Z,52.37016210403642,4.920032612154048,215.0
121422.356_484554.629-Rest,2021-10-15T08:04:09.000Z,52.34791210398423,4.894422610796184,200.0
121084.000_490899.420-Rest,2021-10-15T08:04:24.000Z,52.40488210436762,4.88878261082995,650.0
121049.766_484238.003-Rest,2021-10-15T08:04:58.000Z,52.34494210398403,4.889032610523137,300.0
125176.791_485349.904-Rest,2021-10-15T08:05:06.000Z,52.35522210385834,4.949552613486092,340.0
121070.769_484926.406-Rest,2021-10-15T08:05:22.000Z,52.35126210401573,4.8892426105665265,815.0
123485.301_486257.882-Rest,2021-10-15T08:05:26.000Z,52.3633821039821,4.924572612332612,5.0
120000.444_484471.334-Rest,2021-10-15T08:05:30.000Z,52.347082104035906,4.87356260979689,855.0
123200.739_487736.750-Rest,2021-10-15T08:05:34.000Z,52.376592104077034,4.920062612194033,50.0
121049.766_484238.003-Rest,2021-10-15T08:05:55.000Z,52.34494210398403,4.889032610523137,320.0
121084.000_490899.420-Rest,2021-10-15T08:05:57.000Z,52.40488210436764,4.888772610829459,165.0
121422.356_484554.629-Rest,2021-10-15T08:06:02.000Z,52.34791210398423,4.894422610796184,250.0
120396.298_488982.828-Rest,2021-10-15T08:06:19.000Z,52.387732104267336,4.87884261025547,205.0
125176.791_485349.904-Rest,2021-10-15T08:06:29.000Z,52.35522210385834,4.949552613486092,315.0
124817.834_481889.599-Rest,2021-10-15T08:06:41.000Z,52.32412210372907,4.944332613032626,260.0
123485.301_486257.882-Rest,2021-10-15T08:06:42.000Z,52.363382103982076,4.9245826123330945,370.0
123200.739_487736.750-Rest,2021-10-15T08:06:43.000Z,52.376592104077034,4.920062612194033,405.0
123271.519_490663.717-Rest,2021-10-15T08:07:07.000Z,52.402852104260845,4.9208926123930326,255.0
116570.061_485541.157-Rest,2021-10-15T08:07:20.000Z,52.3564521042071,4.823172607441337,45.0
123381.908_487279.989-Rest,2021-10-15T08:07:39.000Z,52.37246210404229,4.9228726123054445,0.0
124817.834_481889.599-Rest,2021-10-15T08:08:06.000Z,52.32411210372904,4.944332613032562,495.0
116570.061_485541.157-Rest,2021-10-15T08:08:27.000Z,52.35645210420709,4.82318260744181,330.0
121194.413_484941.418-Rest,2021-10-15T08:09:17.000Z,52.351482104012334,4.890922610648025,885.0
125228.524_485294.048-Rest,2021-10-15T08:09:21.000Z,52.354672103853034,4.950272613517156,340.0
120309.496_489044.591-Rest,2021-10-15T08:09:39.000Z,52.388302104274615,4.877582610197258,320.0
123187.155_490561.667-Rest,2021-10-15T08:10:23.000Z,52.40194210425736,4.919712612329562,170.0
125228.524_485294.048-Rest,2021-10-15T08:10:24.000Z,52.35467210385304,4.9502826135176425,225.0
119636.979_484480.165-Rest,2021-10-15T08:11:18.000Z,52.3471521040503,4.868112609537725,345.0
121387.612_484361.599-Rest,2021-10-15T08:11:23.000Z,52.34622210397732,4.893832610758912,250.0
123594.528_486293.916-Rest,2021-10-15T08:11:30.000Z,52.363712103979225,4.926172612411873,295.0
118878.701_484287.623-Rest,2021-10-15T08:11:35.000Z,52.34535210406933,4.856982608999996,0.0
120949.450_484181.800-Rest,2021-10-15T08:11:39.000Z,52.344492103986234,4.887422610444035,225.0
124752.685_482013.443-Rest,2021-10-15T08:11:47.000Z,52.32526210373583,4.943612613005796,135.0
116684.884_485583.635-Rest,2021-10-15T08:12:04.000Z,52.356792104205205,4.824832607521561,120.0
120949.450_484181.800-Rest,2021-10-15T08:12:44.000Z,52.344492103986234,4.887422610444035,5.0
121387.612_484361.599-Rest,2021-10-15T08:12:45.000Z,52.34622210397732,4.893832610758912,195.0
119636.979_484480.165-Rest,2021-10-15T08:13:06.000Z,52.3471521040503,4.868112609537725,670.0
123594.528_486293.916-Rest,2021-10-15T08:13:06.000Z,52.363712103979225,4.926172612411873,340.0
120236.859_489098.300-Rest,2021-10-15T08:13:07.000Z,52.38868210428043,4.876402610141941,190.0
116684.884_485583.635-Rest,2021-10-15T08:13:08.000Z,52.356792104205205,4.824832607521561,365.0
124972.803_485587.915-Rest,2021-10-15T08:14:10.000Z,52.35747210388085,4.946392613348484,20.0
124846.820_482065.428-Rest,2021-10-15T08:15:04.000Z,52.325752103733286,4.945042613076916,340.0
124972.803_485587.915-Rest,2021-10-15T08:15:37.000Z,52.35747210388085,4.946392613348484,480.0
122471.528_490888.350-Rest,2021-10-15T08:15:49.000Z,52.40481210430995,4.909262611833512,165.0
121461.046_488644.654-Rest,2021-10-15T08:15:58.000Z,52.38444210420218,4.89457261100148,405.0
121075.699_485058.046-Rest,2021-10-15T08:16:15.000Z,52.352532104022686,4.889162610569415,550.0
123861.297_486955.517-Rest,2021-10-15T08:16:39.000Z,52.36973210400395,4.929962612632273,320.0
122471.528_490888.350-Rest,2021-10-15T08:17:01.000Z,52.40481210430982,4.909302611835476,135.0
116765.395_485585.882-Rest,2021-10-15T08:17:09.000Z,52.35687210420298,4.826032607578915,230.0
123679.974_486323.059-Rest,2021-10-15T08:17:11.000Z,52.3639821039771,4.927402612472934,260.0
118561.011_484219.783-Rest,2021-10-15T08:17:18.000Z,52.34469210407782,4.852192608769566,395.0
123861.297_486955.517-Rest,2021-10-15T08:17:54.000Z,52.36972210400388,4.929962612632211,80.0
121075.699_485058.046-Rest,2021-10-15T08:18:19.000Z,52.352532104022686,4.889162610569415,550.0
116765.395_485585.882-Rest,2021-10-15T08:18:24.000Z,52.35686210420298,4.826012607577923,195.0
121333.312_491259.615-Rest,2021-10-15T08:18:45.000Z,52.40793210438146,4.892492611028258,425.0
124946.269_482120.006-Rest,2021-10-15T08:18:59.000Z,52.32624210373053,4.946522613150453,300.0
119756.255_484688.703-Rest,2021-10-15T08:19:02.000Z,52.349002104055195,4.869872609630531,500.0
118561.011_484219.783-Rest,2021-10-15T08:19:46.000Z,52.34469210407782,4.852192608769566,385.0
124476.534_485451.550-Rest,2021-10-15T08:19:53.000Z,52.35617210389696,4.939012612984166,65.0
120045.956_484119.784-Rest,2021-10-15T08:20:02.000Z,52.343882104018476,4.874142609808644,355.0
121193.751_484370.714-Rest,2021-10-15T08:20:06.000Z,52.3462721039852,4.891052610626519,280.0
119756.255_484688.703-Rest,2021-10-15T08:20:34.000Z,52.34900210405516,4.86988260963101,950.0
120045.956_484119.784-Rest,2021-10-15T08:20:57.000Z,52.343882104018476,4.874142609808644,260.0
122647.958_491126.643-Rest,2021-10-15T08:21:02.000Z,52.40700210432006,4.911712611966685,285.0
116811.948_485634.225-Rest,2021-10-15T08:21:04.000Z,52.357292104204056,4.8265726076062725,220.0
121193.751_484370.714-Rest,2021-10-15T08:21:54.000Z,52.3462721039852,4.891052610626519,425.0
116811.948_485634.225-Rest,2021-10-15T08:21:58.000Z,52.357292104204056,4.8265726076062725,145.0
124011.702_487209.101-Rest,2021-10-15T08:23:08.000Z,52.37197210401144,4.932062612748041,180.0
121254.020_488710.261-Rest,2021-10-15T08:23:28.000Z,52.38515210421503,4.891672610864546,155.0
125229.291_481831.011-Rest,2021-10-15T08:23:52.000Z,52.32361210370769,4.950392613317089,440.0
124011.702_487209.101-Rest,2021-10-15T08:24:28.000Z,52.37197210401145,4.9320726127485255,185.0
118518.949_484288.204-Rest,2021-10-15T08:24:39.000Z,52.34522210408125,4.851872608756765,265.0
119850.476_484032.018-Rest,2021-10-15T08:24:40.000Z,52.34308210402194,4.871312609670132,215.0
124147.196_485434.314-Rest,2021-10-15T08:24:50.000Z,52.35597210391016,4.934402612760805,415.0
122696.686_491180.454-Rest,2021-10-15T08:24:51.000Z,52.40745210432121,4.9125326120096515,250.0
121127.483_484868.593-Rest,2021-10-15T08:24:51.000Z,52.350752104011235,4.889912610595857,110.0
121445.730_491484.468-Rest,2021-10-15T08:25:43.000Z,52.41010210439446,4.8940626111171985,380.0
124147.196_485434.314-Rest,2021-10-15T08:26:31.000Z,52.35597210391016,4.934402612760805,385.0
118518.949_484288.204-Rest,2021-10-15T08:26:40.000Z,52.34522210408125,4.851872608756765,235.0
121445.730_491484.468-Rest,2021-10-15T08:26:44.000Z,52.41011210439454,4.894062611117255,250.0
126376.824_478627.989-Rest,2021-10-15T08:26:59.000Z,52.29497210355991,4.967672613938039,375.0
123839.443_487316.083-Rest,2021-10-15T08:27:33.000Z,52.373192104026714,4.929582612635324,75.0
119773.198_484027.739-Rest,2021-10-15T08:28:08.000Z,52.343042104024626,4.870182609616226,315.0
116909.148_485328.738-Rest,2021-10-15T08:28:15.000Z,52.354502104185045,4.828222607673419,500.0
123839.443_487316.083-Rest,2021-10-15T08:28:29.000Z,52.37318210402664,4.929582612635259,65.0
119773.198_484027.739-Rest,2021-10-15T08:28:55.000Z,52.343042104024626,4.870182609616226,130.0
121183.559_484372.336-Rest,2021-10-15T08:29:10.000Z,52.34617210398517,4.8908726106174,245.0
126390.318_478679.484-Rest,2021-10-15T08:29:48.000Z,52.29534210356005,4.967892613950942,320.0
113700.368_485018.453-Rest,2021-10-15T08:29:50.000Z,52.35152210426928,4.781132605434538,360.0
116909.148_485328.738-Rest,2021-10-15T08:30:08.000Z,52.35452210418526,4.8281826076716,335.0
113700.368_485018.453-Rest,2021-10-15T08:31:03.000Z,52.35152210426928,4.781132605434538,140.0
122741.406_491208.608-Rest,2021-10-15T08:31:43.000Z,52.40769210432121,4.913192612043527,170.0
124344.352_485527.306-Rest,2021-10-15T08:31:51.000Z,52.35685210390583,4.937362612908978,235.0
121541.936_491459.365-Rest,2021-10-15T08:31:52.000Z,52.40986210438842,4.895562611189526,130.0
116909.148_485328.738-Rest,2021-10-15T08:31:54.000Z,52.354502104185116,4.828192607671995,620.0
123632.382_486388.313-Rest,2021-10-15T08:31:59.000Z,52.36449210398217,4.926732612443695,530.0
124574.199_486366.456-Rest,2021-10-15T08:32:37.000Z,52.364242103938714,4.940362613101096,495.0
122741.406_491208.608-Rest,2021-10-15T08:32:52.000Z,52.40767210432104,4.9131926120434075,115.0
121541.936_491459.365-Rest,2021-10-15T08:32:52.000Z,52.40986210438842,4.895562611189526,125.0
123913.603_487148.154-Rest,2021-10-15T08:32:57.000Z,52.37138210401207,4.930652612675971,75.0
120171.371_485406.914-Rest,2021-10-15T08:33:02.000Z,52.35555210407412,4.8759726099541,835.0
123913.603_487148.154-Rest,2021-10-15T08:33:47.000Z,52.37137210401199,4.930652612675909,145.0
124574.199_486366.456-Rest,2021-10-15T08:34:05.000Z,52.364242103938714,4.940362613101096,535.0
126213.915_478732.863-Rest,2021-10-15T08:34:29.000Z,52.29590210357031,4.965272613831944,380.0
118626.937_484428.801-Rest,2021-10-15T08:34:48.000Z,52.34651210408402,4.853362608833347,290.0
119816.495_483864.156-Rest,2021-10-15T08:35:01.000Z,52.341592104015554,4.870992609647634,440.0
120938.627_485242.859-Rest,2021-10-15T08:35:03.000Z,52.35407210403652,4.887102610478961,585.0
123587.280_486357.960-Rest,2021-10-15T08:35:38.000Z,52.36428210398316,4.925972612405698,275.0
121616.646_491430.813-Rest,2021-10-15T08:35:56.000Z,52.40970210438404,4.896682611243639,205.0
119816.495_483864.156-Rest,2021-10-15T08:36:08.000Z,52.341592104015554,4.870992609647634,300.0
123855.835_487084.994-Rest,2021-10-15T08:36:19.000Z,52.37071210401022,4.929892612634965,370.0
124445.629_484988.759-Rest,2021-10-15T08:36:26.000Z,52.351892103874846,4.938682612940959,340.0
122720.298_491044.204-Rest,2021-10-15T08:36:40.000Z,52.406232104310526,4.912912612021134,305.0
118626.937_484428.801-Rest,2021-10-15T08:36:48.000Z,52.34661210408472,4.8532826088300025,115.0
119816.495_483864.156-Rest,2021-10-15T08:37:21.000Z,52.341592104015554,4.870992609647634,275.0
122720.298_491044.204-Rest,2021-10-15T08:37:55.000Z,52.40620210431034,4.912892612019973,260.0
117105.997_485313.391-Rest,2021-10-15T08:37:56.000Z,52.35436210417782,4.831062607807777,365.0
124664.793_486340.890-Rest,2021-10-15T08:38:28.000Z,52.36412210393299,4.941962613177735,390.0
113407.612_485405.185-Rest,2021-10-15T08:38:36.000Z,52.35498210429624,4.776792605240823,130.0
121683.775_491412.153-Rest,2021-10-15T08:38:45.000Z,52.409522104379796,4.897692611292237,185.0
121496.537_484218.970-Rest,2021-10-15T08:39:01.000Z,52.34495210396615,4.89558261083557,195.0
117105.997_485313.391-Rest,2021-10-15T08:39:21.000Z,52.354342104177654,4.8310826078086455,495.0
120921.640_485111.548-Rest,2021-10-15T08:39:23.000Z,52.352932104030856,4.88693261046485,585.0
126161.226_478824.720-Rest,2021-10-15T08:39:29.000Z,52.29674210357528,4.964412613797409,255.0
123441.596_486309.341-Rest,2021-10-15T08:39:59.000Z,52.363902103987314,4.923852612301006,450.0
122805.607_490981.492-Rest,2021-10-15T08:40:41.000Z,52.40567210430262,4.914132612077779,230.0
121766.274_491387.694-Rest,2021-10-15T08:41:19.000Z,52.40933210437489,4.8989026113506045,280.0
124013.083_487145.410-Rest,2021-10-15T08:42:02.000Z,52.37126210400657,4.932202612750386,170.0
122805.607_490981.492-Rest,2021-10-15T08:42:05.000Z,52.40565210430254,4.914092612075694,135.0
124575.526_485030.977-Rest,2021-10-15T08:42:43.000Z,52.352312103870965,4.9406426130379275,380.0
121579.022_484240.291-Rest,2021-10-15T08:42:50.000Z,52.34512210396357,4.896822610895659,230.0
124013.083_487145.410-Rest,2021-10-15T08:43:07.000Z,52.37126210400657,4.932202612750386,425.0
117106.747_485210.393-Rest,2021-10-15T08:43:16.000Z,52.353442104172835,4.831072607804474,275.0
124919.186_486403.011-Rest,2021-10-15T08:43:31.000Z,52.36466210392417,4.945772613365677,335.0
121853.571_490782.783-Rest,2021-10-15T08:43:36.000Z,52.40385210432834,4.900142611380677,2750.0
121840.473_491342.438-Rest,2021-10-15T08:44:00.000Z,52.40891210436896,4.899832611393921,130.0
126085.793_478916.311-Rest,2021-10-15T08:44:00.000Z,52.29740210358061,4.963332613751277,280.0
121579.022_484240.291-Rest,2021-10-15T08:44:15.000Z,52.34512210396357,4.896822610895659,165.0
117106.747_485210.393-Rest,2021-10-15T08:44:24.000Z,52.353442104172835,4.831072607804474,155.0
123466.020_486382.334-Rest,2021-10-15T08:44:56.000Z,52.36456210398987,4.924292612326256,485.0
117106.747_485210.393-Rest,2021-10-15T08:45:42.000Z,52.35343210417275,4.8310826078049045,320.0
122820.575_491125.094-Rest,2021-10-15T08:46:46.000Z,52.40703210431252,4.914382612098141,260.0
124527.166_485131.997-Rest,2021-10-15T08:46:47.000Z,52.35335210387894,4.939872613007544,225.0
121171.103_485170.170-Rest,2021-10-15T08:46:51.000Z,52.35351210402352,4.890782610652129,290.0
121813.172_490814.873-Rest,2021-10-15T08:47:33.000Z,52.404072104331476,4.89963261135692,2760.0
120829.666_482657.773-Rest,2021-10-15T08:47:54.000Z,52.33079210392716,4.88603261030656,340.0
121715.385_484277.946-Rest,2021-10-15T08:48:01.000Z,52.34542210395935,4.89886261099466,195.0
121171.103_485170.170-Rest,2021-10-15T08:48:16.000Z,52.35343210402288,4.890862610655534,285.0
121732.102_491474.021-Rest,2021-10-15T08:48:45.000Z,52.41015210438326,4.898252611323267,145.0
126043.643_479036.419-Rest,2021-10-15T08:48:47.000Z,52.29856210358613,4.9625626137231045,310.0
121715.385_484277.946-Rest,2021-10-15T08:49:18.000Z,52.34542210395935,4.89886261099466,165.0
124737.613_486573.358-Rest,2021-10-15T08:49:23.000Z,52.36618210394275,4.942752613229333,20.0
122880.651_491079.866-Rest,2021-10-15T08:49:35.000Z,52.4066121043066,4.915282612139902,235.0
117094.486_485115.163-Rest,2021-10-15T08:49:42.000Z,52.35261210416916,4.830742607785395,295.0
120736.351_491979.288-Rest,2021-10-15T08:49:45.000Z,52.41466210446021,4.883452610620788,540.0
120829.666_482657.773-Rest,2021-10-15T08:50:10.000Z,52.33079210392716,4.88603261030656,40.0
124442.711_486390.400-Rest,2021-10-15T08:50:47.000Z,52.36449210394551,4.938672613020937,310.0
117094.486_485115.163-Rest,2021-10-15T08:51:00.000Z,52.35261210416916,4.830742607785395,310.0
125958.057_478989.377-Rest,2021-10-15T08:51:24.000Z,52.298212103588966,4.961442613668113,370.0
124694.563_485229.332-Rest,2021-10-15T08:51:49.000Z,52.35407210387486,4.9424026131339875,375.0
124442.711_486390.400-Rest,2021-10-15T08:51:56.000Z,52.36449210394546,4.938682613021419,375.0
121763.583_491568.431-Rest,2021-10-15T08:52:05.000Z,52.41099210438897,4.8986326113466445,170.0
121679.900_490920.509-Rest,2021-10-15T08:52:39.000Z,52.40513210434586,4.897432611255015,2500.0
126699.430_481678.295-Rest,2021-10-15T08:52:46.000Z,52.32227210363033,4.972122614340688,225.0
120921.365_482657.161-Rest,2021-10-15T08:52:56.000Z,52.3307921039236,4.887352610369077,285.0
118907.253_484885.457-Rest,2021-10-15T08:52:56.000Z,52.35078210409532,4.8576526090569345,35.0
123739.295_486147.002-Rest,2021-10-15T08:53:14.000Z,52.36241210396477,4.928452612513983,295.0
119805.049_489567.603-Rest,2021-10-15T08:54:02.000Z,52.392912104325625,4.870622609882633,85.0
121788.526_484232.313-Rest,2021-10-15T08:54:17.000Z,52.34507210395508,4.899772611036177,155.0
123337.013_491199.581-Rest,2021-10-15T08:55:02.000Z,52.407632104295146,4.921902612471821,160.0
119805.049_489567.603-Rest,2021-10-15T08:55:05.000Z,52.392912104325625,4.870622609882633,170.0
121788.421_491658.901-Rest,2021-10-15T08:55:24.000Z,52.411862104394956,4.8990126113702095,85.0
118907.253_484885.457-Rest,2021-10-15T08:55:54.000Z,52.350752104094795,4.857792609063463,445.0
126582.227_481672.925-Rest,2021-10-15T08:55:57.000Z,52.32229210363676,4.970252614251905,190.0
123337.013_491199.581-Rest,2021-10-15T08:56:03.000Z,52.407632104295146,4.921902612471821,50.0
121788.526_484232.313-Rest,2021-10-15T08:56:08.000Z,52.34507210395508,4.899772611036177,245.0
126303.803_478974.302-Rest,2021-10-15T08:56:27.000Z,52.29808210357167,4.966502613904821,305.0
124786.579_485138.340-Rest,2021-10-15T08:56:28.000Z,52.353262103866456,4.943682613190376,350.0
121568.507_491006.726-Rest,2021-10-15T08:56:41.000Z,52.40591210435645,4.895792611178951,2760.0
126303.803_478974.302-Rest,2021-10-15T08:57:30.000Z,52.29808210357167,4.966502613904821,395.0
119976.708_489531.494-Rest,2021-10-15T08:57:47.000Z,52.39239210431657,4.872672609979601,140.0
121153.223_485617.787-Rest,2021-10-15T08:58:33.000Z,52.35733210404484,4.890592610663361,780.0
123849.400_486024.221-Rest,2021-10-15T08:59:50.000Z,52.36120210395319,4.92996261257939,380.0
123269.985_491293.888-Rest,2021-10-15T09:00:50.000Z,52.40855210430565,4.9208226124242405,350.0
119039.663_484929.750-Rest,2021-10-15T09:00:56.000Z,52.35127210409258,4.8597826091606535,3170.0
126318.952_479094.924-Rest,2021-10-15T09:00:58.000Z,52.299152103573626,4.966752613924019,295.0
126475.634_481788.242-Rest,2021-10-15T09:01:05.000Z,52.32335210364609,4.96871261418614,490.0
126475.634_481788.242-Rest,2021-10-15T09:02:14.000Z,52.32334210364612,4.96869261418512,280.0
122100.759_491202.370-Rest,2021-10-15T09:02:18.000Z,52.4076321043476,4.903812611582149,750.0
121880.120_491691.553-Rest,2021-10-15T09:02:36.000Z,52.41201210439254,4.900312611434985,270.0
119936.412_489479.620-Rest,2021-10-15T09:02:40.000Z,52.39208210431535,4.8722826099591074,155.0
123631.655_485936.272-Rest,2021-10-15T09:04:23.000Z,52.36039210395848,4.926682612416185,170.0
126423.325_481859.655-Rest,2021-10-15T09:04:49.000Z,52.32407210365089,4.96812261416313,0.0
124284.005_487126.961-Rest,2021-10-15T09:05:02.000Z,52.37113210399386,4.93607261293728,185.0
126423.325_481859.655-Rest,2021-10-15T09:05:14.000Z,52.32406210365086,4.968122614163061,5.0
120064.770_489419.053-Rest,2021-10-15T09:05:21.000Z,52.391572104306825,4.874152610047356,215.0
123406.246_491187.229-Rest,2021-10-15T09:05:46.000Z,52.40758210429198,4.922832612517315,225.0
124284.005_487126.961-Rest,2021-10-15T09:06:22.000Z,52.37113210399389,4.9360626129367935,340.0
126423.325_481859.655-Rest,2021-10-15T09:06:24.000Z,52.32407210365089,4.96812261416313,165.0
121852.839_491588.549-Rest,2021-10-15T09:06:57.000Z,52.411192104387,4.899922611411182,180.0
126356.059_478862.826-Rest,2021-10-15T09:07:15.000Z,52.29699210356581,4.967412613939948,360.0
124284.005_487126.961-Rest,2021-10-15T09:07:24.000Z,52.37113210399389,4.9360626129367935,160.0
120155.036_489462.963-Rest,2021-10-15T09:07:50.000Z,52.392102104307774,4.87525261010346,95.0
121852.839_491588.549-Rest,2021-10-15T09:07:52.000Z,52.411192104387,4.899922611411182,260.0
126356.059_478862.826-Rest,2021-10-15T09:08:37.000Z,52.29699210356577,4.967422613940418,160.0
122072.137_491416.320-Rest,2021-10-15T09:08:38.000Z,52.40966210436555,4.903182611562775,1325.0
121645.949_484174.557-Rest,2021-10-15T09:08:55.000Z,52.344542103958275,4.897692610934008,280.0
121645.949_484174.557-Rest,2021-10-15T09:10:22.000Z,52.344542103958275,4.897692610934008,130.0
120148.296_489512.539-Rest,2021-10-15T09:10:30.000Z,52.39234210431021,4.874982610091558,250.0
126614.872_481904.201-Rest,2021-10-15T09:10:39.000Z,52.32426210364227,4.970882614295826,535.0
127904.486_485654.557-Rest,2021-10-15T09:10:46.000Z,52.35812210373873,4.989562615441517,15.0
120148.296_489512.539-Rest,2021-10-15T09:11:15.000Z,52.39234210431021,4.874982610091558,175.0
126614.872_481904.201-Rest,2021-10-15T09:12:24.000Z,52.3242721036423,4.970872614295421,450.0
126469.221_478797.994-Rest,2021-10-15T09:12:44.000Z,52.29640210355869,4.969072614013734,455.0
120031.081_489510.799-Rest,2021-10-15T09:13:41.000Z,52.39234210431413,4.873472610018205,255.0
126469.221_478797.994-Rest,2021-10-15T09:13:45.000Z,52.29640210355869,4.969072614013734,405.0
126607.078_481805.128-Rest,2021-10-15T09:15:09.000Z,52.323422103639636,4.970692614280832,0.0
121930.001_491428.064-Rest,2021-10-15T09:15:18.000Z,52.409622104370655,4.9012426114672,660.0
126607.078_481805.128-Rest,2021-10-15T09:15:22.000Z,52.323422103639636,4.970692614280832,5.0
123478.274_491274.770-Rest,2021-10-15T09:16:08.000Z,52.408422104294814,4.924112612585531,200.0
120020.554_489405.318-Rest,2021-10-15T09:16:26.000Z,52.39123210430714,4.873092609994177,280.0
126607.078_481805.128-Rest,2021-10-15T09:16:39.000Z,52.32341210363956,4.970702614281235,490.0
123109.501_488430.210-Rest,2021-10-15T09:16:49.000Z,52.38276210412138,4.918882612173641,230.0
123307.546_487177.768-Rest,2021-10-15T09:19:04.000Z,52.371482104038876,4.921962612255429,445.0
120102.183_489234.272-Rest,2021-10-15T09:19:08.000Z,52.389862104293705,4.874502610055722,155.0
129250.364_484651.542-Rest,2021-10-15T09:19:16.000Z,52.349312103618615,5.009362616331622,240.0
126843.927_478923.822-Rest,2021-10-15T09:19:42.000Z,52.297532103542856,4.974542614278593,195.0
126580.198_481750.066-Rest,2021-10-15T09:19:44.000Z,52.32284210363877,4.97028261425722,570.0
123429.105_491501.104-Rest,2021-10-15T09:20:27.000Z,52.41048210431404,4.923192612552848,110.0
121108.609_484327.873-Rest,2021-10-15T09:20:29.000Z,52.34586210398615,4.889952610571866,290.0
121753.315_491771.073-Rest,2021-10-15T09:20:55.000Z,52.412702104403124,4.898522611350826,165.0
126580.198_481750.066-Rest,2021-10-15T09:21:04.000Z,52.322842103638706,4.9703026142581725,555.0
120051.911_489338.401-Rest,2021-10-15T09:21:28.000Z,52.39076210430252,4.873572610015118,185.0
121108.609_484327.873-Rest,2021-10-15T09:21:43.000Z,52.34586210398615,4.889952610571866,295.0
123127.535_488332.901-Rest,2021-10-15T09:21:45.000Z,52.381892104114655,4.919182612183031,295.0
123429.105_491501.104-Rest,2021-10-15T09:21:51.000Z,52.41052210431441,4.923182612552601,80.0
121753.315_491771.073-Rest,2021-10-15T09:21:53.000Z,52.412702104403124,4.898522611350826,140.0
126836.049_478950.217-Rest,2021-10-15T09:22:54.000Z,52.297752103544376,4.974262614267013,295.0
123230.756_487117.494-Rest,2021-10-15T09:23:05.000Z,52.371002104040336,4.920472612180381,260.0
121108.609_484327.873-Rest,2021-10-15T09:23:05.000Z,52.34586210398615,4.889952610571866,345.0
120059.032_489358.635-Rest,2021-10-15T09:23:46.000Z,52.39099210430301,4.874032610038605,250.0
123230.756_487117.494-Rest,2021-10-15T09:24:02.000Z,52.371002104040336,4.920472612180381,280.0
129305.081_484865.686-Rest,2021-10-15T09:24:24.000Z,52.35118210362584,5.010032616379109,415.0
126494.978_481566.368-Rest,2021-10-15T09:25:50.000Z,52.3212421036369,4.969032614186502,120.0
123556.331_491378.093-Rest,2021-10-15T09:26:21.000Z,52.40939210429969,4.925062612638342,155.0
120130.992_489393.164-Rest,2021-10-15T09:26:29.000Z,52.39138210430311,4.8750526100901,460.0
126924.990_478628.581-Rest,2021-10-15T09:27:46.000Z,52.29487210353215,4.975712614314466,160.0
126924.990_478628.581-Rest,2021-10-15T09:28:49.000Z,52.29487210353215,4.975712614314466,115.0
126381.363_481701.415-Rest,2021-10-15T09:29:24.000Z,52.3225321036469,4.967532614124265,300.0
121699.457_491666.738-Rest,2021-10-15T09:29:33.000Z,52.41189210439882,4.897702611305969,95.0
123583.306_491461.740-Rest,2021-10-15T09:29:48.000Z,52.41016210430498,4.925352612657406,395.0
123149.949_487270.318-Rest,2021-10-15T09:31:13.000Z,52.37267210405448,4.919222612129835,485.0
120212.947_489241.950-Rest,2021-10-15T09:33:04.000Z,52.38983210428883,4.876292610142445,165.0
123149.949_487270.318-Rest,2021-10-15T09:33:06.000Z,52.37266210405439,4.919222612129773,10.0
122513.139_484126.260-Rest,2021-10-15T09:33:52.000Z,52.344062103919356,4.910582611546706,270.0
120212.947_489241.950-Rest,2021-10-15T09:33:56.000Z,52.3897321042882,4.87627261014097,85.0
123149.949_487270.318-Rest,2021-10-15T09:35:03.000Z,52.37266210405439,4.919222612129773,65.0
122513.139_484126.260-Rest,2021-10-15T09:35:42.000Z,52.344062103919356,4.910582611546706,150.0
126245.098_481665.982-Rest,2021-10-15T09:36:18.000Z,52.32216210365279,4.965362614018528,0.0
121608.072_491586.390-Rest,2021-10-15T09:36:27.000Z,52.411052104395594,4.896422611238371,105.0
126245.098_481665.982-Rest,2021-10-15T09:36:44.000Z,52.32216210365286,4.965352614018054,360.0
120317.695_489165.963-Rest,2021-10-15T09:37:44.000Z,52.38927210428169,4.877512610198812,890.0
123577.825_491690.551-Rest,2021-10-15T09:38:25.000Z,52.412152104321116,4.9253326126687424,255.0
120277.227_489250.621-Rest,2021-10-15T09:39:44.000Z,52.38999210428838,4.87689261017239,175.0
123533.715_491705.474-Rest,2021-10-15T09:41:14.000Z,52.412322104324424,4.924682612637707,215.0
119975.076_485324.335-Rest,2021-10-15T09:41:24.000Z,52.35479210407734,4.873152609815504,485.0
121602.868_491555.727-Rest,2021-10-15T09:41:24.000Z,52.410812104394196,4.896232611227703,190.0
126326.984_481424.557-Rest,2021-10-15T09:41:48.000Z,52.32008210364019,4.966782614071484,305.0
120249.525_489307.494-Rest,2021-10-15T09:42:02.000Z,52.39062210429366,4.876592610161031,235.0
124789.465_489399.964-Rest,2021-10-15T09:42:09.000Z,52.39169210410874,4.943442613429339,2815.0
123533.715_491705.474-Rest,2021-10-15T09:42:35.000Z,52.41234210432465,4.924662612636842,505.0
119975.076_485324.335-Rest,2021-10-15T09:42:45.000Z,52.35478210407729,4.873152609815454,290.0
128338.170_485065.011-Rest,2021-10-15T09:44:37.000Z,52.35291210368748,4.9958526157063705,820.0
120204.728_489401.489-Rest,2021-10-15T09:44:50.000Z,52.391462104301596,4.875862610129848,190.0
122746.762_489711.887-Rest,2021-10-15T09:45:47.000Z,52.39433210421934,4.913242611967166,170.0
126395.463_481462.468-Rest,2021-10-15T09:46:47.000Z,52.320452103638225,4.967772614121088,245.0
124960.187_489390.543-Rest,2021-10-15T09:48:13.000Z,52.391482104098905,4.946072613556911,2490.0
120228.370_489447.878-Rest,2021-10-15T09:48:15.000Z,52.391822104302214,4.8766126101681095,305.0
119790.017_485245.119-Rest,2021-10-15T09:48:36.000Z,52.35402210408026,4.870412609680816,280.0
126490.135_481444.204-Rest,2021-10-15T09:49:44.000Z,52.32013210363263,4.969072614180587,280.0
122248.758_487686.232-Rest,2021-10-15T09:49:54.000Z,52.37618210411404,4.90641261152967,330.0
119790.017_485245.119-Rest,2021-10-15T09:50:20.000Z,52.35402210408026,4.870402609680339,440.0
120288.051_489490.095-Rest,2021-10-15T09:50:40.000Z,52.392192104302495,4.8775326102147005,135.0
127923.821_485429.353-Rest,2021-10-15T09:50:47.000Z,52.35617210372733,4.989712615434009,525.0
122111.203_491420.560-Rest,2021-10-15T09:50:54.000Z,52.40960210436283,4.903962611600775,405.0
122248.758_487686.232-Rest,2021-10-15T09:51:07.000Z,52.37618210411399,4.906432611530637,350.0
122111.203_491420.560-Rest,2021-10-15T09:52:06.000Z,52.40960210436283,4.903962611600775,380.0
120288.051_489490.095-Rest,2021-10-15T09:52:06.000Z,52.392192104302495,4.8775326102147005,160.0
127923.821_485429.353-Rest,2021-10-15T09:52:07.000Z,52.35617210372733,4.989712615434009,305.0
122279.355_487671.392-Rest,2021-10-15T09:53:41.000Z,52.37605210411201,4.906822611548791,130.0
124474.878_485747.771-Rest,2021-10-15T09:54:17.000Z,52.35874210391118,4.939052613002525,10.0
122279.355_487671.392-Rest,2021-10-15T09:54:48.000Z,52.37605210411203,4.906832611549276,270.0
124474.878_485747.771-Rest,2021-10-15T09:55:22.000Z,52.35873210391125,4.9390026130000475,340.0
122163.869_491353.904-Rest,2021-10-15T09:55:41.000Z,52.40901210435601,4.904712611634262,80.0
119791.745_485533.672-Rest,2021-10-15T09:55:43.000Z,52.35665210409488,4.870302609688434,345.0
122279.355_487671.392-Rest,2021-10-15T09:56:04.000Z,52.37605210411199,4.906842611549759,235.0
127919.407_485683.159-Rest,2021-10-15T09:57:19.000Z,52.35844210374045,4.989572615444426,265.0
119791.745_485533.672-Rest,2021-10-15T09:57:20.000Z,52.35665210409488,4.870302609688434,335.0
120318.461_489295.350-Rest,2021-10-15T09:58:30.000Z,52.39032210428869,4.877682610212429,280.0
127919.407_485683.159-Rest,2021-10-15T09:58:50.000Z,52.35844210374045,4.989572615444426,380.0
122353.783_487634.867-Rest,2021-10-15T09:59:00.000Z,52.375622104106355,4.907832611595266,145.0
122353.783_487634.867-Rest,2021-10-15T09:59:59.000Z,52.375622104106355,4.907832611595266,200.0
120308.577_489314.680-Rest,2021-10-15T10:01:26.000Z,52.39052210429024,4.877632610211022,350.0
122096.855_491050.851-Rest,2021-10-15T10:02:05.000Z,52.40625210433671,4.903822611574763,155.0
120046.293_485643.950-Rest,2021-10-15T10:02:54.000Z,52.35761210409011,4.874202609879719,165.0
124422.784_486857.313-Rest,2021-10-15T10:03:20.000Z,52.36880210397226,4.938392613034942,440.0
127764.589_486165.738-Rest,2021-10-15T10:04:01.000Z,52.36278210377314,4.987372615370415,290.0
126656.962_478395.140-Rest,2021-10-15T10:04:05.000Z,52.29288210354132,4.971672614110845,210.0
120046.293_485643.950-Rest,2021-10-15T10:04:14.000Z,52.35761210409011,4.874202609879719,430.0
124422.784_486857.313-Rest,2021-10-15T10:04:26.000Z,52.36880210397226,4.938392613034942,390.0
120392.116_489276.386-Rest,2021-10-15T10:04:37.000Z,52.390192104284914,4.87876261026421,325.0
122004.383_490958.840-Rest,2021-10-15T10:04:39.000Z,52.405462104334845,4.902292611495187,195.0
121869.136_483853.890-Rest,2021-10-15T10:05:30.000Z,52.341662103935306,4.900902611071281,345.0
120392.116_489276.386-Rest,2021-10-15T10:05:49.000Z,52.390192104284914,4.87876261026421,200.0
121869.136_483853.890-Rest,2021-10-15T10:06:51.000Z,52.341662103935306,4.900902611071281,295.0
123286.173_489001.129-Rest,2021-10-15T10:07:19.000Z,52.38797210414938,4.921572612336108,1635.0
121923.855_490892.741-Rest,2021-10-15T10:07:26.000Z,52.404822104333235,4.90108261143222,70.0
120289.062_485774.844-Rest,2021-10-15T10:07:55.000Z,52.35877210408706,4.877842610059811,260.0
120289.062_485774.844-Rest,2021-10-15T10:09:12.000Z,52.35877210408706,4.877842610059811,320.0
126917.651_480802.800-Rest,2021-10-15T10:09:48.000Z,52.3144821035903,4.975532614446846,85.0
120429.834_489199.254-Rest,2021-10-15T10:09:54.000Z,52.38948210427827,4.879372610290184,80.0
123665.826_486718.364-Rest,2021-10-15T10:09:58.000Z,52.36745210399858,4.927152612482153,525.0
127814.553_486260.870-Rest,2021-10-15T10:09:59.000Z,52.36369210377626,4.988002615407894,240.0
126917.651_480802.800-Rest,2021-10-15T10:10:59.000Z,52.314472103590276,4.975532614446775,420.0
123665.826_486718.364-Rest,2021-10-15T10:11:15.000Z,52.36745210399858,4.927152612482153,430.0
120429.834_489199.254-Rest,2021-10-15T10:11:26.000Z,52.38948210427827,4.879372610290184,170.0
123665.826_486718.364-Rest,2021-10-15T10:13:24.000Z,52.367452103998254,4.927252612486993,465.0
127710.555_486245.392-Rest,2021-10-15T10:14:30.000Z,52.36350210378025,4.986562615336467,205.0
120478.708_489097.011-Rest,2021-10-15T10:14:49.000Z,52.388342104267835,4.880272610328001,340.0
127070.154_480899.638-Rest,2021-10-15T10:15:26.000Z,52.315322103585736,4.9776926145552896,80.0
123510.373_489069.556-Rest,2021-10-15T10:15:34.000Z,52.38863210414478,4.924662612490986,205.0
121747.514_483880.049-Rest,2021-10-15T10:15:49.000Z,52.34188210394085,4.899292610995752,265.0
120201.662_485291.381-Rest,2021-10-15T10:15:58.000Z,52.35437210406649,4.8764426099706535,165.0
121319.025_485527.155-Rest,2021-10-15T10:16:00.000Z,52.3566121040346,4.892892610769786,725.0
127070.154_480899.638-Rest,2021-10-15T10:16:50.000Z,52.31532210358568,4.9777126145562365,280.0
120201.662_485291.381-Rest,2021-10-15T10:17:20.000Z,52.35438210406653,4.876442609970703,150.0
121747.514_483880.049-Rest,2021-10-15T10:18:28.000Z,52.34188210394085,4.899292610995752,275.0
127696.260_486301.985-Rest,2021-10-15T10:18:37.000Z,52.36398210378326,4.986512615337641,385.0
123526.357_489156.517-Rest,2021-10-15T10:19:03.000Z,52.38944210415013,4.92478261250181,430.0
127696.260_486301.985-Rest,2021-10-15T10:19:45.000Z,52.36398210378326,4.986512615337641,190.0
120259.305_485154.945-Rest,2021-10-15T10:20:54.000Z,52.35320210405785,4.877342610007779,180.0
127154.075_481046.437-Rest,2021-10-15T10:21:19.000Z,52.31675210358701,4.9787826146173675,235.0
121337.801_485457.946-Rest,2021-10-15T10:21:35.000Z,52.35599210403024,4.89324261078323,970.0
120116.199_489558.836-Rest,2021-10-15T10:21:55.000Z,52.392802104313866,4.874862610088052,110.0
127519.357_478539.013-Rest,2021-10-15T10:22:04.000Z,52.29421210350052,4.984302614712748,210.0
124058.864_487818.020-Rest,2021-10-15T10:22:08.000Z,52.3774021040441,4.932722612814147,445.0
120259.305_485154.945-Rest,2021-10-15T10:22:20.000Z,52.35320210405785,4.877342610007779,170.0
120236.543_489548.971-Rest,2021-10-15T10:24:15.000Z,52.3926521043083,4.876572610170393,185.0
127020.686_481002.980-Rest,2021-10-15T10:24:59.000Z,52.31621210359207,4.9767526145171495,410.0
121617.683_485569.582-Rest,2021-10-15T10:25:53.000Z,52.35699210402477,4.897222610979513,1265.0
115429.886_485483.148-Rest,2021-10-15T10:27:05.000Z,52.35579210424031,4.806332606639893,110.0
121699.210_483884.597-Rest,2021-10-15T10:27:05.000Z,52.34187210394306,4.898482610957092,415.0
123975.775_487842.780-Rest,2021-10-15T10:27:09.000Z,52.37765210404948,4.931512612756867,265.0
120454.819_484791.054-Rest,2021-10-15T10:28:02.000Z,52.34998210403356,4.880112610123754,435.0
115429.886_485483.148-Rest,2021-10-15T10:28:07.000Z,52.35579210424031,4.806332606639893,520.0
126936.912_481001.251-Rest,2021-10-15T10:28:13.000Z,52.31631210359673,4.975522614459531,335.0
127611.096_478645.659-Rest,2021-10-15T10:29:04.000Z,52.29508210349759,4.9857326147863175,190.0
126936.912_481001.251-Rest,2021-10-15T10:29:16.000Z,52.316322103596725,4.975522614459603,0.0
120454.819_484791.054-Rest,2021-10-15T10:29:17.000Z,52.34998210403356,4.880112610123754,450.0
126936.912_481001.251-Rest,2021-10-15T10:29:19.000Z,52.316322103596725,4.975522614459603,0.0
126936.912_481001.251-Rest,2021-10-15T10:29:37.000Z,52.31633210359678,4.975522614459674,440.0
123918.357_487859.411-Rest,2021-10-15T10:30:08.000Z,52.37778210405264,4.930742612720234,285.0
121699.210_483884.597-Rest,2021-10-15T10:30:19.000Z,52.34187210394306,4.898482610957092,520.0
121931.143_485691.372-Rest,2021-10-15T10:30:34.000Z,52.3580921040178,4.901882611209271,795.0
115197.326_485406.791-Rest,2021-10-15T10:30:38.000Z,52.35511210424396,4.802872606473569,250.0
115197.326_485406.791-Rest,2021-10-15T10:31:32.000Z,52.35512210424396,4.802882606474078,155.0
126894.224_481077.500-Rest,2021-10-15T10:32:56.000Z,52.317042103601686,4.97482261443157,115.0
122399.231_484029.457-Rest,2021-10-15T10:33:25.000Z,52.34329210392082,4.908762611455386,205.0
127768.507_478649.954-Rest,2021-10-15T10:33:29.000Z,52.295272103489744,4.988062614897156,465.0
126894.224_481077.500-Rest,2021-10-15T10:33:47.000Z,52.31704210360174,4.974812614431092,0.0
115140.901_485390.566-Rest,2021-10-15T10:33:56.000Z,52.354962104244734,4.80212260643753,120.0
126894.224_481077.500-Rest,2021-10-15T10:34:09.000Z,52.31704210360174,4.974812614431092,175.0
122399.231_484029.457-Rest,2021-10-15T10:34:41.000Z,52.34329210392082,4.908762611455386,360.0
115140.901_485390.566-Rest,2021-10-15T10:34:54.000Z,52.35494210424466,4.802092606436037,190.0
121052.293_484711.238-Rest,2021-10-15T10:34:59.000Z,52.34913210400548,4.888942610540942,740.0
123136.525_491472.466-Rest,2021-10-15T10:35:23.000Z,52.41006210432335,4.918912612339302,350.0
121052.293_484711.238-Rest,2021-10-15T10:36:14.000Z,52.34913210400548,4.888942610540942,1040.0
123136.525_491472.466-Rest,2021-10-15T10:36:26.000Z,52.41007210432348,4.918902612338869,105.0
128168.993_478753.785-Rest,2021-10-15T10:37:17.000Z,52.29607210347034,4.994002615182299,295.0
126796.056_481104.229-Rest,2021-10-15T10:37:21.000Z,52.31711210360598,4.973662614377037,110.0
123658.905_487935.887-Rest,2021-10-15T10:37:41.000Z,52.378422104068676,4.926852612535032,305.0
122085.867_485590.541-Rest,2021-10-15T10:38:16.000Z,52.3572021040063,4.904202611315715,255.0
122931.951_489735.570-Rest,2021-10-15T10:38:19.000Z,52.394502104212215,4.916122612109011,905.0
126796.056_481104.229-Rest,2021-10-15T10:38:23.000Z,52.31710210360593,4.973662614376966,255.0
120939.942_484638.543-Rest,2021-10-15T10:40:07.000Z,52.34878210400782,4.8874226104665155,185.0
115814.220_485402.668-Rest,2021-10-15T10:40:19.000Z,52.35516210422488,4.811902606901546,310.0
121467.343_483739.292-Rest,2021-10-15T10:40:19.000Z,52.34050210394543,4.89529261079769,195.0
122085.867_485590.541-Rest,2021-10-15T10:40:24.000Z,52.3572021040063,4.904202611315715,105.0
123270.968_484716.696-Rest,2021-10-15T10:41:34.000Z,52.34954210391494,4.921502612101449,385.0
123052.816_491396.274-Rest,2021-10-15T10:41:41.000Z,52.40952210432283,4.91762261227249,245.0
120921.365_482657.161-Rest,2021-10-15T10:41:49.000Z,52.330802103923624,4.887372610370079,350.0
127822.867_478952.673-Rest,2021-10-15T10:42:07.000Z,52.29785210349324,4.988892614955478,60.0
123541.411_487970.167-Rest,2021-10-15T10:42:10.000Z,52.378722104075784,4.925142612453729,540.0
123469.364_485669.189-Rest,2021-10-15T10:42:18.000Z,52.35793210395174,4.924302612286522,305.0
121467.343_483739.292-Rest,2021-10-15T10:42:40.000Z,52.34041210394511,4.895252610795296,115.0
120921.365_482657.161-Rest,2021-10-15T10:42:42.000Z,52.330802103923624,4.887372610370079,20.0
115814.220_485402.668-Rest,2021-10-15T10:42:43.000Z,52.35520210422488,4.812012606906909,125.0
123052.816_491396.274-Rest,2021-10-15T10:43:12.000Z,52.409532104322906,4.917632612273043,180.0
123418.379_490171.289-Rest,2021-10-15T10:44:08.000Z,52.398542104220894,4.923302612485073,670.0
126929.667_480865.116-Rest,2021-10-15T10:44:13.000Z,52.31498210359244,4.975412614444755,170.0
122551.012_483840.377-Rest,2021-10-15T10:44:41.000Z,52.34150210390563,4.9110326115534955,300.0
127749.969_478912.640-Rest,2021-10-15T10:45:04.000Z,52.29751210349607,4.9878726149049655,185.0
122062.403_485662.523-Rest,2021-10-15T10:45:19.000Z,52.3577521040109,4.903662611292867,135.0
115721.865_485432.398-Rest,2021-10-15T10:45:29.000Z,52.3553321042288,4.810532606837238,315.0
123388.296_485631.862-Rest,2021-10-15T10:45:49.000Z,52.35758210395322,4.923152612229039,280.0
123448.398_488083.313-Rest,2021-10-15T10:46:02.000Z,52.37973210408694,4.923642612386946,245.0
122551.012_483840.377-Rest,2021-10-15T10:46:07.000Z,52.34150210390563,4.9110326115534955,145.0
115721.865_485432.398-Rest,2021-10-15T10:46:56.000Z,52.35534210422882,4.810542606837749,245.0
123388.296_485631.862-Rest,2021-10-15T10:47:08.000Z,52.35758210395322,4.923152612229039,375.0
120910.010_482810.796-Rest,2021-10-15T10:47:25.000Z,52.3321421039303,4.8870126103600136,250.0
121553.058_483732.265-Rest,2021-10-15T10:48:01.000Z,52.340452103941765,4.896532610856459,255.0
124386.985_490447.855-Rest,2021-10-15T10:48:26.000Z,52.400932104195924,4.937442613194697,2325.0
123545.097_490076.384-Rest,2021-10-15T10:49:21.000Z,52.397622104208985,4.924992612562319,265.0
120910.010_482810.796-Rest,2021-10-15T10:49:24.000Z,52.3321421039303,4.8870126103600136,215.0
123042.270_491536.395-Rest,2021-10-15T10:50:07.000Z,52.41076210433299,4.917552612276503,205.0
122357.460_483774.877-Rest,2021-10-15T10:50:12.000Z,52.34096210391101,4.9082726114187505,190.0
127325.252_479284.896-Rest,2021-10-15T10:50:12.000Z,52.30089210352805,4.981362614623647,165.0
121553.058_483732.265-Rest,2021-10-15T10:50:27.000Z,52.340452103941765,4.896532610856459,180.0
115844.873_485492.828-Rest,2021-10-15T10:50:41.000Z,52.3558721042274,4.812522606933604,310.0
124024.138_487943.975-Rest,2021-10-15T10:50:54.000Z,52.37851210405224,4.932452612807987,260.0
115844.873_485492.828-Rest,2021-10-15T10:51:24.000Z,52.3558721042274,4.812522606933604,320.0
127325.252_479284.896-Rest,2021-10-15T10:51:28.000Z,52.30089210352801,4.981372614624121,400.0
122357.460_483774.877-Rest,2021-10-15T10:51:37.000Z,52.340972103911064,4.908272611418804,170.0
123310.275_485602.141-Rest,2021-10-15T10:51:50.000Z,52.357472103956056,4.922002612173025,315.0
121906.475_485249.949-Rest,2021-10-15T10:51:59.000Z,52.354242103997,4.9017526111816165,555.0
115844.873_485492.828-Rest,2021-10-15T10:52:36.000Z,52.3558521042273,4.812522606933528,80.0
124024.138_487943.975-Rest,2021-10-15T10:52:37.000Z,52.378512104052255,4.932442612807499,400.0
120905.956_482755.869-Rest,2021-10-15T10:52:54.000Z,52.33178210392856,4.887082610361453,150.0
126824.970_480884.290-Rest,2021-10-15T10:52:59.000Z,52.31521210359802,4.9740226143805195,240.0
121390.401_484011.943-Rest,2021-10-15T10:53:25.000Z,52.34309210396142,4.893992610749714,205.0
120905.956_482755.869-Rest,2021-10-15T10:53:51.000Z,52.33178210392856,4.887082610361453,160.0
122926.370_491641.449-Rest,2021-10-15T10:54:22.000Z,52.411662104344956,4.9159526122030455,240.0
124542.953_490397.625-Rest,2021-10-15T10:54:36.000Z,52.40059210418663,4.9395926132982835,3005.0
120905.956_482755.869-Rest,2021-10-15T10:54:40.000Z,52.33178210392856,4.887082610361453,295.0
121390.401_484011.943-Rest,2021-10-15T10:54:45.000Z,52.343102103961435,4.89399261074977,290.0
127415.841_479282.964-Rest,2021-10-15T10:55:29.000Z,52.30081210352292,4.9827526146885095,160.0
122151.836_485378.276-Rest,2021-10-15T10:56:07.000Z,52.35536210399338,4.905192611352888,465.0
115881.888_485566.119-Rest,2021-10-15T10:56:23.000Z,52.356562104230036,4.813062606961811,390.0
123492.979_485733.038-Rest,2021-10-15T10:57:23.000Z,52.35863210395433,4.924742612311959,1095.0
122337.379_483892.241-Rest,2021-10-15T10:57:34.000Z,52.341972103917,4.907872611405403,190.0
123096.690_491698.954-Rest,2021-10-15T10:58:03.000Z,52.41223210434286,4.9182326123188895,230.0
123908.243_490119.092-Rest,2021-10-15T10:58:17.000Z,52.398052104196246,4.930272612824047,55.0
127305.834_480728.709-Rest,2021-10-15T10:58:41.000Z,52.31380210356839,4.98117261470918,550.0
115999.771_485605.900-Rest,2021-10-15T10:58:54.000Z,52.356932104228385,4.814762607043875,290.0
122337.379_483892.241-Rest,2021-10-15T10:59:03.000Z,52.34197210391702,4.907862611404927,210.0
124675.299_490412.105-Rest,2021-10-15T10:59:17.000Z,52.40076210418074,4.941882613412091,2340.0
127504.431_479293.854-Rest,2021-10-15T10:59:21.000Z,52.30096210351834,4.9841726147564795,220.0
127305.834_480728.709-Rest,2021-10-15T10:59:56.000Z,52.31380210356839,4.98117261470918,415.0
122236.042_485240.323-Rest,2021-10-15T11:00:41.000Z,52.3539421039837,4.905882611377978,180.0
121472.771_483554.134-Rest,2021-10-15T11:01:36.000Z,52.338952103938205,4.895272610788364,125.0
120921.911_482556.209-Rest,2021-10-15T11:01:51.000Z,52.329852103919634,4.887352610364171,310.0
123454.574_485789.843-Rest,2021-10-15T11:02:28.000Z,52.35912210395902,4.924112612284581,420.0
127606.698_479084.173-Rest,2021-10-15T11:02:32.000Z,52.29907210350796,4.985672614813098,175.0
123856.041_490053.729-Rest,2021-10-15T11:03:09.000Z,52.39746210419412,4.929512612783055,150.0
120921.911_482556.209-Rest,2021-10-15T11:03:17.000Z,52.329852103919634,4.887352610364171,200.0
127606.698_479084.173-Rest,2021-10-15T11:03:42.000Z,52.29907210350796,4.985672614813098,315.0
123859.120_487877.641-Rest,2021-10-15T11:03:45.000Z,52.37791210405639,4.929802612675326,330.0
127131.575_480825.640-Rest,2021-10-15T11:04:01.000Z,52.31461210358035,4.978532614589963,350.0
120921.911_482556.209-Rest,2021-10-15T11:04:07.000Z,52.329852103919634,4.887352610364171,170.0
127664.436_486314.834-Rest,2021-10-15T11:04:19.000Z,52.36416210378652,4.985882615308362,180.0
124832.288_490482.533-Rest,2021-10-15T11:04:27.000Z,52.40128210417816,4.943962613517913,2260.0
123278.534_491612.951-Rest,2021-10-15T11:05:37.000Z,52.4113721043279,4.9209426124473294,120.0
121859.042_485104.310-Rest,2021-10-15T11:05:39.000Z,52.352842103992344,4.900742611125446,230.0
121046.855_492470.391-Rest,2021-10-15T11:05:52.000Z,52.41899210448339,4.888252610880012,455.0
122015.694_484059.366-Rest,2021-10-15T11:05:57.000Z,52.34355210393819,4.903122611187646,325.0
117187.349_485223.092-Rest,2021-10-15T11:07:02.000Z,52.353562104171,4.832152607856273,150.0
121859.042_485104.310-Rest,2021-10-15T11:07:03.000Z,52.3527921039924,4.900622611119421,190.0
123278.534_491612.951-Rest,2021-10-15T11:07:05.000Z,52.411372104327995,4.920912612445849,510.0
123352.392_485742.922-Rest,2021-10-15T11:07:20.000Z,52.358762103961446,4.9226226122106365,375.0
122015.694_484059.366-Rest,2021-10-15T11:08:12.000Z,52.34355210393819,4.903122611187646,190.0
117187.349_485223.092-Rest,2021-10-15T11:08:18.000Z,52.35358210417115,4.832132607855403,520.0
127517.421_479085.371-Rest,2021-10-15T11:08:25.000Z,52.29905210351281,4.984282614747549,380.0
127394.544_480842.380-Rest,2021-10-15T11:08:32.000Z,52.314752103566626,4.982592614783466,335.0
120819.910_482557.607-Rest,2021-10-15T11:08:37.000Z,52.329842103923646,4.885852610293108,310.0
117187.349_485223.092-Rest,2021-10-15T11:09:08.000Z,52.35357210417112,4.8321326078553595,205.0
120819.910_482557.607-Rest,2021-10-15T11:09:32.000Z,52.329842103923646,4.885852610293108,280.0
127657.451_486415.826-Rest,2021-10-15T11:09:34.000Z,52.364922103791514,4.985742615307251,235.0
120819.910_482557.607-Rest,2021-10-15T11:10:32.000Z,52.3298521039237,4.88585261029316,275.0
127657.451_486415.826-Rest,2021-10-15T11:10:47.000Z,52.364922103791514,4.985742615307251,180.0
127506.939_478967.567-Rest,2021-10-15T11:11:14.000Z,52.29802210351021,4.984252614738533,375.0
121699.068_483771.646-Rest,2021-10-15T11:11:15.000Z,52.340922103938226,4.898592610957135,260.0
127428.187_480923.398-Rest,2021-10-15T11:11:58.000Z,52.315662103567604,4.983222614820053,155.0
124475.319_486513.790-Rest,2021-10-15T11:12:11.000Z,52.36558210395006,4.939282613057433,435.0
116996.329_485208.599-Rest,2021-10-15T11:12:34.000Z,52.35343210417635,4.829522607730816,55.0
124475.319_486513.790-Rest,2021-10-15T11:13:07.000Z,52.36558210395003,4.939292613057916,515.0
121699.068_483771.646-Rest,2021-10-15T11:13:14.000Z,52.340922103938226,4.898592610957135,195.0
123135.089_485650.555-Rest,2021-10-15T11:13:20.000Z,52.35789210396598,4.919442612052334,680.0
116996.329_485208.599-Rest,2021-10-15T11:13:24.000Z,52.35343210417635,4.829522607730816,45.0
120940.432_482069.476-Rest,2021-10-15T11:14:06.000Z,52.32557210390135,4.887642610355553,115.0
121916.240_484085.133-Rest,2021-10-15T11:14:10.000Z,52.3435921039426,4.901622611116295,310.0
127607.956_486396.121-Rest,2021-10-15T11:14:26.000Z,52.364822103793685,4.98496261526857,375.0
127419.230_479085.215-Rest,2021-10-15T11:15:03.000Z,52.299032103517995,4.9828026146777775,290.0
127485.415_480883.125-Rest,2021-10-15T11:15:10.000Z,52.3152221035646,4.983632614836255,295.0
123135.089_485650.555-Rest,2021-10-15T11:15:18.000Z,52.357882103965984,4.919432612051797,535.0
120974.690_492611.963-Rest,2021-10-15T11:15:25.000Z,52.42038210449791,4.887202610835792,20.0
121916.240_484085.133-Rest,2021-10-15T11:15:57.000Z,52.34359210394263,4.901612611115816,195.0
124401.461_486493.493-Rest,2021-10-15T11:16:08.000Z,52.36541210395308,4.937992612993909,420.0
120441.976_482554.991-Rest,2021-10-15T11:16:26.000Z,52.32991210393883,4.880282610029881,245.0
116987.623_485114.195-Rest,2021-10-15T11:16:49.000Z,52.352582104172534,4.829202607712162,275.0
124401.461_486493.493-Rest,2021-10-15T11:17:04.000Z,52.365412103953034,4.938002612994395,375.0
116987.623_485114.195-Rest,2021-10-15T11:17:42.000Z,52.352582104172534,4.829202607712162,540.0
120940.432_482069.476-Rest,2021-10-15T11:17:43.000Z,52.32557210390135,4.887642610355553,125.0
120441.976_482554.991-Rest,2021-10-15T11:17:43.000Z,52.32991210393883,4.880282610029881,355.0
121941.673_485167.708-Rest,2021-10-15T11:18:28.000Z,52.35349210399182,4.902162611197097,365.0
120441.976_482554.991-Rest,2021-10-15T11:18:41.000Z,52.32991210393883,4.880282610029881,325.0
123931.824_490833.709-Rest,2021-10-15T11:19:17.000Z,52.40447210424418,4.9306026128806035,1600.0
123056.817_485617.456-Rest,2021-10-15T11:19:27.000Z,52.3575521039674,4.918332611996908,315.0
127615.061_479279.005-Rest,2021-10-15T11:19:39.000Z,52.30078210351251,4.985682614826256,365.0
127514.269_480833.279-Rest,2021-10-15T11:19:48.000Z,52.31473210356173,4.98396261484829,410.0
120940.432_482069.476-Rest,2021-10-15T11:20:15.000Z,52.32549210390117,4.887592610352771,50.0
121768.450_484002.478-Rest,2021-10-15T11:20:24.000Z,52.34302210394584,4.899482611011067,180.0
124329.864_486381.244-Rest,2021-10-15T11:20:26.000Z,52.364462103950395,4.937042612941895,300.0
123056.817_485617.456-Rest,2021-10-15T11:20:52.000Z,52.357552103967414,4.918322611996424,400.0
124329.864_486381.244-Rest,2021-10-15T11:21:22.000Z,52.36447210395044,4.937042612941958,425.0
121768.450_484002.478-Rest,2021-10-15T11:21:34.000Z,52.34302210394584,4.899482611011067,285.0
120628.294_482658.634-Rest,2021-10-15T11:22:14.000Z,52.33078210393528,4.8830026101630395,290.0
122012.134_485091.018-Rest,2021-10-15T11:23:02.000Z,52.352682103985316,4.902932611229482,495.0
123253.497_491737.848-Rest,2021-10-15T11:23:06.000Z,52.41260210433896,4.92057261243657,280.0
117499.123_484531.191-Rest,2021-10-15T11:23:30.000Z,52.347452104128465,4.836762608049614,335.0
120628.294_482658.634-Rest,2021-10-15T11:23:35.000Z,52.33078210393528,4.8830026101630395,335.0
117499.123_484531.191-Rest,2021-10-15T11:24:19.000Z,52.347452104128465,4.836762608049614,185.0
120628.294_482658.634-Rest,2021-10-15T11:24:28.000Z,52.33078210393528,4.8830026101630395,245.0
127373.952_486177.501-Rest,2021-10-15T11:25:01.000Z,52.36283210379312,4.981802615100198,185.0
121007.095_482143.102-Rest,2021-10-15T11:25:15.000Z,52.32620210390078,4.8887826104127265,100.0
121604.325_484010.124-Rest,2021-10-15T11:26:05.000Z,52.34300210395204,4.897232610903673,315.0
121061.072_492622.789-Rest,2021-10-15T11:26:08.000Z,52.4205221044962,4.888292610890252,230.0
127988.933_478473.362-Rest,2021-10-15T11:26:24.000Z,52.29355210347364,4.991402615041054,215.0
120731.155_482658.247-Rest,2021-10-15T11:26:54.000Z,52.330792103931124,4.884562610236951,280.0
117448.377_484593.756-Rest,2021-10-15T11:27:07.000Z,52.34790210413202,4.836222608025901,140.0
124541.147_487154.812-Rest,2021-10-15T11:27:13.000Z,52.371402103983556,4.939922613125842,860.0
127988.933_478473.362-Rest,2021-10-15T11:27:23.000Z,52.29355210347364,4.991402615041054,255.0
122783.474_485503.888-Rest,2021-10-15T11:27:26.000Z,52.35644210397304,4.9143126117970715,485.0
123178.928_491805.860-Rest,2021-10-15T11:27:30.000Z,52.413212104346584,4.919672612395864,255.0
117448.377_484593.756-Rest,2021-10-15T11:28:07.000Z,52.34790210413202,4.836222608025901,120.0
127402.152_486152.961-Rest,2021-10-15T11:28:26.000Z,52.362592103790256,4.982212615118333,755.0
124541.147_487154.812-Rest,2021-10-15T11:28:31.000Z,52.371402103983556,4.939922613125842,595.0
120731.155_482658.247-Rest,2021-10-15T11:28:36.000Z,52.330792103931124,4.884562610236951,320.0
127542.682_480789.130-Rest,2021-10-15T11:28:56.000Z,52.31437210355797,4.984682614879769,285.0
117448.377_484593.756-Rest,2021-10-15T11:28:59.000Z,52.34790210413202,4.836222608025901,110.0
123178.928_491805.860-Rest,2021-10-15T11:28:59.000Z,52.41322210434669,4.919672612395926,120.0
122783.474_485503.888-Rest,2021-10-15T11:29:05.000Z,52.35643210397296,4.914312611797012,515.0
121007.095_482143.102-Rest,2021-10-15T11:29:19.000Z,52.32620210390078,4.8887826104127265,190.0
120731.155_482658.247-Rest,2021-10-15T11:29:24.000Z,52.330792103931124,4.884562610236951,165.0
123931.701_491069.065-Rest,2021-10-15T11:30:51.000Z,52.40661210426032,4.93079261290344,1990.0
127449.173_486111.503-Rest,2021-10-15T11:31:19.000Z,52.362242103785846,4.982892615148759,330.0
128215.497_478478.961-Rest,2021-10-15T11:31:28.000Z,52.293632103462606,4.994502615187188,550.0
123237.351_491820.155-Rest,2021-10-15T11:32:03.000Z,52.41329210434557,4.9202426124244845,180.0
127449.173_486111.503-Rest,2021-10-15T11:32:25.000Z,52.362242103785846,4.982892615148759,430.0
117552.814_484658.653-Rest,2021-10-15T11:32:38.000Z,52.348622104132225,4.83770260809914,155.0
128215.497_478478.961-Rest,2021-10-15T11:33:10.000Z,52.293632103462606,4.994502615187188,565.0
117552.814_484658.653-Rest,2021-10-15T11:33:54.000Z,52.3486021041321,4.837712608099529,215.0
127366.958_480997.394-Rest,2021-10-15T11:34:27.000Z,52.31629210357405,4.982012614767278,770.0
120454.961_482733.192-Rest,2021-10-15T11:34:29.000Z,52.33144210394484,4.880462610046163,240.0
122851.555_485448.944-Rest,2021-10-15T11:35:13.000Z,52.356142103968374,4.91533261184434,635.0
123995.550_491142.909-Rest,2021-10-15T11:35:18.000Z,52.40731210426292,4.931752612955184,2080.0
120454.961_482733.192-Rest,2021-10-15T11:35:32.000Z,52.33144210394483,4.880472610046636,260.0
127366.958_480997.394-Rest,2021-10-15T11:36:14.000Z,52.31629210357409,4.982002614766805,10.0
120454.961_482733.192-Rest,2021-10-15T11:36:46.000Z,52.33144210394483,4.880472610046636,190.0
121585.362_484044.233-Rest,2021-10-15T11:36:57.000Z,52.34336210395482,4.896852610887514,210.0
123429.375_491788.532-Rest,2021-10-15T11:37:35.000Z,52.412972104334266,4.923162612566672,440.0
128072.039_478314.549-Rest,2021-10-15T11:37:50.000Z,52.292172103466704,4.992432615078942,285.0
117667.035_484945.351-Rest,2021-10-15T11:38:30.000Z,52.35107210414124,4.8392726081840785,100.0
128072.039_478314.549-Rest,2021-10-15T11:38:57.000Z,52.292172103466704,4.992432615078942,440.0
124027.313_491183.015-Rest,2021-10-15T11:39:52.000Z,52.407632104264174,4.932162612977424,2495.0
117667.035_484945.351-Rest,2021-10-15T11:39:55.000Z,52.351072104141146,4.839312608185977,150.0
121453.416_492276.483-Rest,2021-10-15T11:40:05.000Z,52.41733210445376,4.894012611154611,395.0
120642.824_482812.676-Rest,2021-10-15T11:42:14.000Z,52.33217210394097,4.883092610174435,210.0
126974.346_486064.166-Rest,2021-10-15T11:42:52.000Z,52.361802103808216,4.9757226147975375,380.0
128038.070_478154.502-Rest,2021-10-15T11:43:16.000Z,52.29073210346516,4.991962615046005,455.0
122708.090_485624.155-Rest,2021-10-15T11:43:22.000Z,52.35766210398314,4.913162611748897,25.0
117584.698_484816.943-Rest,2021-10-15T11:43:26.000Z,52.35004210413893,4.837962608117489,240.0
120642.824_482812.676-Rest,2021-10-15T11:43:31.000Z,52.33217210394099,4.88308261017396,250.0
117584.698_484816.943-Rest,2021-10-15T11:44:16.000Z,52.35004210413893,4.837962608117489,220.0
121449.924_483965.250-Rest,2021-10-15T11:44:20.000Z,52.34262210395699,4.894772610784358,140.0
122708.090_485624.155-Rest,2021-10-15T11:44:42.000Z,52.35767210398323,4.91315261174847,240.0
120642.824_482812.676-Rest,2021-10-15T11:44:59.000Z,52.33217210394097,4.883092610174435,200.0
128038.070_478154.502-Rest,2021-10-15T11:47:28.000Z,52.29073210346516,4.991962615046005,520.0
117826.773_484818.629-Rest,2021-10-15T11:48:03.000Z,52.35004210413026,4.841642608292248,135.0
117826.773_484818.629-Rest,2021-10-15T11:48:57.000Z,52.35003210413022,4.8416426082922035,70.0
120307.697_482972.014-Rest,2021-10-15T11:48:58.000Z,52.33358210396051,4.878032609941887,300.0
121310.615_483912.901-Rest,2021-10-15T11:50:56.000Z,52.34218210396013,4.892862610690994,250.0
117957.226_484647.667-Rest,2021-10-15T11:52:08.000Z,52.34856210411825,4.8434926083737055,145.0
122599.922_485511.350-Rest,2021-10-15T11:52:28.000Z,52.35666210398204,4.911622611669076,420.0
121699.427_492482.720-Rest,2021-10-15T11:52:33.000Z,52.41918210445885,4.897782611350725,130.0
117957.226_484647.667-Rest,2021-10-15T11:53:03.000Z,52.34858210411827,4.843522608375216,40.0
117957.226_484647.667-Rest,2021-10-15T11:54:03.000Z,52.348562104118216,4.843502608374178,120.0
127120.671_486006.160-Rest,2021-10-15T11:55:21.000Z,52.361252103796986,4.978052614906564,335.0
121430.491_483422.615-Rest,2021-10-15T11:56:13.000Z,52.3376921039337,4.894802610759217,440.0
127120.671_486006.160-Rest,2021-10-15T11:56:49.000Z,52.361252103796986,4.978052614906564,390.0
121430.491_483422.615-Rest,2021-10-15T11:57:22.000Z,52.3376921039337,4.894802610759217,495.0
121809.719_492369.208-Rest,2021-10-15T11:57:53.000Z,52.41820210444663,4.899202611415242,185.0
122934.542_485645.341-Rest,2021-10-15T11:58:26.000Z,52.35790210397418,4.9166926119200784,400.0
117947.705_484516.701-Rest,2021-10-15T11:58:45.000Z,52.34734210411205,4.843492608368408,75.0
121430.491_483422.615-Rest,2021-10-15T11:58:53.000Z,52.33769210393369,4.894792610758743,460.0
117947.705_484516.701-Rest,2021-10-15T11:59:38.000Z,52.347322104111974,4.843482608367844,45.0
121210.923_491818.916-Rest,2021-10-15T12:00:47.000Z,52.413242104429266,4.890632610965908,2840.0
117946.846_484562.056-Rest,2021-10-15T12:01:50.000Z,52.34772210411405,4.8434626083686325,120.0
121831.989_492429.344-Rest,2021-10-15T12:01:51.000Z,52.4188121044506,4.899622611439399,270.0
117946.846_484562.056-Rest,2021-10-15T12:02:41.000Z,52.34772210411405,4.8434626083686325,135.0
119656.627_485363.794-Rest,2021-10-15T12:03:12.000Z,52.35511210409151,4.868322609586308,365.0
121027.272_482883.310-Rest,2021-10-15T12:03:56.000Z,52.33275210392827,4.888732610444736,355.0
122777.490_485950.781-Rest,2021-10-15T12:03:56.000Z,52.36049210399669,4.913992611805315,405.0
119656.627_485363.794-Rest,2021-10-15T12:04:49.000Z,52.35511210409151,4.868322609586308,400.0
121210.923_491818.916-Rest,2021-10-15T12:05:19.000Z,52.412912104425544,4.891002610982292,2350.0
121027.272_482883.310-Rest,2021-10-15T12:05:30.000Z,52.33275210392827,4.888732610444736,325.0
121027.272_482883.310-Rest,2021-10-15T12:06:42.000Z,52.33275210392827,4.888732610444736,380.0
126587.453_487366.804-Rest,2021-10-15T12:07:06.000Z,52.373492103898855,4.969942614600515,455.0
121027.272_482883.310-Rest,2021-10-15T12:08:17.000Z,52.33275210392827,4.888732610444736,320.0
119611.756_485462.450-Rest,2021-10-15T12:08:46.000Z,52.355912104097456,4.867712609561043,375.0
122719.209_485836.181-Rest,2021-10-15T12:09:15.000Z,52.35953210399318,4.913322611767467,250.0
121027.272_482883.310-Rest,2021-10-15T12:09:41.000Z,52.33275210392827,4.888732610444736,245.0
126446.041_487409.602-Rest,2021-10-15T12:12:58.000Z,52.37372210390721,4.96790261450269,525.0
124991.787_487771.700-Rest,2021-10-15T12:13:04.000Z,52.37700210399818,4.94658261348618,145.0
124991.787_487771.700-Rest,2021-10-15T12:14:03.000Z,52.37700210399818,4.94658261348618,505.0
118911.920_485047.687-Rest,2021-10-15T12:16:12.000Z,52.352262104103595,4.857452609054259,430.0
122617.466_485879.667-Rest,2021-10-15T12:17:02.000Z,52.35989210399971,4.911782611695446,420.0
121728.651_491043.627-Rest,2021-10-15T12:17:21.000Z,52.40621210435176,4.898342611305653,2350.0
122730.199_488547.194-Rest,2021-10-15T12:18:09.000Z,52.383952104146005,4.913242611906205,2635.0
118911.920_485047.687-Rest,2021-10-15T12:18:09.000Z,52.35227210410364,4.857452609054306,925.0
122681.510_490138.901-Rest,2021-10-15T12:21:51.000Z,52.39816210424972,4.912542611955438,410.0
120812.371_482135.766-Rest,2021-10-15T12:23:13.000Z,52.32597210390823,4.885692610265486,75.0
118789.189_485152.974-Rest,2021-10-15T12:25:15.000Z,52.353132104112085,4.855892608983942,580.0
129191.596_484701.619-Rest,2021-10-15T12:25:33.000Z,52.34970210362363,5.008562616296057,375.0
120812.371_482135.766-Rest,2021-10-15T12:26:03.000Z,52.32607210390889,4.885592610261276,55.0
129191.596_484701.619-Rest,2021-10-15T12:26:38.000Z,52.34970210362363,5.008562616296057,345.0
122522.916_488432.071-Rest,2021-10-15T12:27:56.000Z,52.38282210414724,4.9101626117498105,2480.0
122772.017_489319.456-Rest,2021-10-15T12:28:26.000Z,52.39074210419165,4.913852611975833,305.0
123306.446_487523.794-Rest,2021-10-15T12:28:30.000Z,52.37473210405976,4.921842612269222,365.0
122772.017_489319.456-Rest,2021-10-15T12:29:48.000Z,52.39074210419165,4.913852611975833,175.0
121023.529_482693.430-Rest,2021-10-15T12:30:17.000Z,52.331032103920954,4.888702610434283,305.0
118633.737_485099.794-Rest,2021-10-15T12:30:26.000Z,52.35256210411496,4.853482608866533,390.0
121023.529_482693.430-Rest,2021-10-15T12:32:10.000Z,52.331032103920954,4.888702610434283,185.0
128777.654_484960.732-Rest,2021-10-15T12:33:24.000Z,52.351912103658776,5.002242616007829,490.0
123374.438_487439.808-Rest,2021-10-15T12:33:40.000Z,52.374022104052464,4.92277261231004,260.0
121023.529_482693.430-Rest,2021-10-15T12:33:46.000Z,52.331032103920954,4.888702610434283,290.0
128777.654_484960.732-Rest,2021-10-15T12:34:27.000Z,52.35182210365824,5.002252616007602,365.0
120773.513_482086.035-Rest,2021-10-15T12:34:37.000Z,52.32554210390775,4.885242610241997,125.0
121023.529_482693.430-Rest,2021-10-15T12:35:30.000Z,52.33103210392094,4.888712610434757,330.0
120773.513_482086.035-Rest,2021-10-15T12:37:30.000Z,52.3254521039072,4.885292610243894,150.0
123330.114_487378.325-Rest,2021-10-15T12:37:34.000Z,52.3733321040499,4.922172612276772,425.0
121023.529_482693.430-Rest,2021-10-15T12:38:15.000Z,52.33104210392097,4.888712610434807,265.0
128194.433_485525.615-Rest,2021-10-15T12:39:35.000Z,52.35701210371724,4.993812615639124,355.0
123283.273_488584.293-Rest,2021-10-15T12:40:02.000Z,52.38419210412359,4.921422612305927,225.0
123269.329_487317.373-Rest,2021-10-15T12:40:56.000Z,52.37276210404904,4.921242612228253,220.0
123283.273_488584.293-Rest,2021-10-15T12:41:06.000Z,52.38419210412359,4.921422612305927,165.0
120307.697_482972.014-Rest,2021-10-15T12:41:33.000Z,52.333562103960396,4.878052609942738,135.0
122147.240_490190.052-Rest,2021-10-15T12:41:36.000Z,52.398662104276674,4.904452611562345,255.0
118571.630_485426.537-Rest,2021-10-15T12:42:32.000Z,52.355602104133496,4.8526126088388795,360.0
120307.697_482972.014-Rest,2021-10-15T12:42:37.000Z,52.333562103960396,4.878052609942738,320.0
123269.329_487317.373-Rest,2021-10-15T12:42:46.000Z,52.37276210404904,4.921242612228253,495.0
122073.162_490237.129-Rest,2021-10-15T12:44:04.000Z,52.3990521042826,4.903382611512213,260.0
120662.472_482102.724-Rest,2021-10-15T12:44:42.000Z,52.32585210391391,4.883402610156673,240.0
120196.547_482972.036-Rest,2021-10-15T12:45:15.000Z,52.333562103964326,4.876552609871682,330.0
120196.547_482972.036-Rest,2021-10-15T12:46:16.000Z,52.333562103964326,4.876552609871682,190.0
122658.626_488538.300-Rest,2021-10-15T12:47:29.000Z,52.38380210414832,4.912092611849373,340.0
120196.547_482972.036-Rest,2021-10-15T12:48:18.000Z,52.333562103964596,4.876442609866472,280.0
118400.631_485198.082-Rest,2021-10-15T12:48:22.000Z,52.353472104128485,4.84993260870158,5.0
120338.031_482322.473-Rest,2021-10-15T12:49:00.000Z,52.327902103934676,4.87871260994549,190.0
118400.631_485198.082-Rest,2021-10-15T12:50:15.000Z,52.353472104128485,4.84993260870158,685.0
120338.031_482322.473-Rest,2021-10-15T12:50:24.000Z,52.327902103934505,4.878762609947855,245.0
121839.681_489757.692-Rest,2021-10-15T12:51:25.000Z,52.394742104260054,4.900022611323714,150.0
120338.031_482322.473-Rest,2021-10-15T12:51:33.000Z,52.327902103934555,4.878752609947381,55.0
121839.681_489757.692-Rest,2021-10-15T12:53:20.000Z,52.39475210426025,4.89998261132182,90.0
123497.728_489469.809-Rest,2021-10-15T12:53:55.000Z,52.392282104171315,4.9244826125045496,190.0
120643.730_482760.627-Rest,2021-10-15T12:54:27.000Z,52.331752103939124,4.883112610173226,195.0
121839.681_489757.692-Rest,2021-10-15T12:54:40.000Z,52.39475210426025,4.89998261132182,90.0
118441.395_485201.109-Rest,2021-10-15T12:54:47.000Z,52.353432104126874,4.850512608729022,785.0
122776.383_490140.734-Rest,2021-10-15T12:54:59.000Z,52.39825210424698,4.913722612013757,640.0
120643.730_482760.627-Rest,2021-10-15T12:55:27.000Z,52.331752103939124,4.883112610173226,15.0
121839.681_489757.692-Rest,2021-10-15T12:55:54.000Z,52.394742104260175,4.8999726113212745,45.0
120712.227_482054.239-Rest,2021-10-15T12:56:08.000Z,52.325222103908885,4.884342610197834,95.0
120643.730_482760.627-Rest,2021-10-15T12:56:43.000Z,52.331752103939124,4.883112610173226,135.0
114658.043_486037.311-Rest,2021-10-15T12:56:58.000Z,52.36084210429202,4.795132606127045,420.0
121910.106_492498.655-Rest,2021-10-15T12:57:08.000Z,52.419322104451844,4.900702611495568,2400.0
123514.145_489674.721-Rest,2021-10-15T12:57:15.000Z,52.39403210418312,4.924782612529966,610.0
120643.730_482760.627-Rest,2021-10-15T12:57:59.000Z,52.331752103939124,4.883112610173226,150.0
114658.043_486037.311-Rest,2021-10-15T12:58:07.000Z,52.36084210429202,4.795132606127045,215.0
121839.681_489757.692-Rest,2021-10-15T12:58:55.000Z,52.39475210426062,4.899842611314984,45.0
114658.043_486037.311-Rest,2021-10-15T12:59:08.000Z,52.36084210429202,4.795132606127045,155.0
120712.227_482054.239-Rest,2021-10-15T12:59:40.000Z,52.325222103908885,4.884342610197834,155.0
121839.681_489757.692-Rest,2021-10-15T13:00:24.000Z,52.39474210426047,4.899872611316393,100.0
122625.624_485982.373-Rest,2021-10-15T13:00:57.000Z,52.36088210400477,4.911972611710321,325.0
118532.607_484936.841-Rest,2021-10-15T13:01:19.000Z,52.35125210411139,4.852112608795375,1400.0
121839.681_489757.692-Rest,2021-10-15T13:01:28.000Z,52.394742104260395,4.899902611317857,160.0
120725.070_482554.466-Rest,2021-10-15T13:02:01.000Z,52.32979210392767,4.884292610219014,235.0
120844.728_482761.248-Rest,2021-10-15T13:02:11.000Z,52.33178210393123,4.8861026103150165,150.0
117277.961_488888.608-Rest,2021-10-15T13:02:14.000Z,52.38655210437193,4.833082608038029,185.0
114584.793_486293.442-Rest,2021-10-15T13:02:48.000Z,52.36314210430786,4.793872606075203,210.0
120725.070_482554.466-Rest,2021-10-15T13:03:15.000Z,52.32980210392772,4.884292610219066,105.0
120844.728_482761.248-Rest,2021-10-15T13:03:36.000Z,52.33178210393123,4.8861026103150165,315.0
114584.793_486293.442-Rest,2021-10-15T13:03:56.000Z,52.36314210430786,4.793872606075203,135.0
121757.705_484975.693-Rest,2021-10-15T13:04:15.000Z,52.35161210398972,4.899352611052089,555.0
120844.728_482761.248-Rest,2021-10-15T13:04:23.000Z,52.33178210393123,4.8861026103150165,260.0
123589.462_489515.393-Rest,2021-10-15T13:04:57.000Z,52.39255210416957,4.925722612566878,335.0
120725.070_482554.466-Rest,2021-10-15T13:05:04.000Z,52.32980210392772,4.884292610219066,230.0
123589.462_489515.393-Rest,2021-10-15T13:07:03.000Z,52.39255210416958,4.925712612566389,295.0
114571.905_486379.726-Rest,2021-10-15T13:07:11.000Z,52.36388210431289,4.793522606061133,300.0
121984.116_492707.775-Rest,2021-10-15T13:07:17.000Z,52.421262104465164,4.901822611561901,2775.0
120843.856_482811.828-Rest,2021-10-15T13:07:27.000Z,52.332102103932726,4.886052610314314,265.0
121877.759_485000.991-Rest,2021-10-15T13:07:47.000Z,52.351912103985775,4.9013126111475955,535.0
120714.971_482133.359-Rest,2021-10-15T13:07:56.000Z,52.32603210391256,4.884172610193975,70.0
121946.006_489668.100-Rest,2021-10-15T13:08:06.000Z,52.39374210424851,4.901532611391796,60.0
114571.905_486379.726-Rest,2021-10-15T13:08:11.000Z,52.36388210431289,4.793522606061133,185.0
120843.856_482811.828-Rest,2021-10-15T13:08:44.000Z,52.332102103932726,4.886052610314314,165.0
121877.759_485000.991-Rest,2021-10-15T13:08:59.000Z,52.351912103985775,4.9013126111475955,400.0
121946.006_489668.100-Rest,2021-10-15T13:09:09.000Z,52.39372210424829,4.901552611392661,115.0
120843.856_482811.828-Rest,2021-10-15T13:09:26.000Z,52.332102103932726,4.886052610314314,255.0
122788.224_490395.689-Rest,2021-10-15T13:10:00.000Z,52.40039210426254,4.913912612035713,2720.0
121946.006_489668.100-Rest,2021-10-15T13:10:27.000Z,52.39373210424848,4.901522611391252,160.0
120458.586_482831.533-Rest,2021-10-15T13:11:18.000Z,52.332342103948946,4.880372610046466,195.0
121946.006_489668.100-Rest,2021-10-15T13:11:34.000Z,52.39369210424818,4.901522611391028,140.0
114459.813_486364.366-Rest,2021-10-15T13:12:05.000Z,52.36362210431474,4.791882605982464,860.0
123869.600_489461.688-Rest,2021-10-15T13:12:51.000Z,52.392132104153475,4.930042612775703,220.0
114459.813_486364.366-Rest,2021-10-15T13:12:52.000Z,52.36362210431474,4.791882605982464,25.0
123947.851_485788.693-Rest,2021-10-15T13:12:55.000Z,52.35910210393708,4.931312612631475,150.0
121860.082_492708.986-Rest,2021-10-15T13:13:10.000Z,52.421182104469764,4.899942611468598,1845.0
120458.586_482831.533-Rest,2021-10-15T13:13:43.000Z,52.332342103948946,4.880372610046466,980.0
122117.224_485065.161-Rest,2021-10-15T13:15:13.000Z,52.35251210397953,4.904642611310473,565.0
120744.117_482812.830-Rest,2021-10-15T13:15:14.000Z,52.332122103936875,4.884542610242869,225.0
124030.376_489470.602-Rest,2021-10-15T13:15:58.000Z,52.39224210414726,4.932332612888514,280.0
114369.468_486335.256-Rest,2021-10-15T13:16:09.000Z,52.36334210431566,4.790622605921781,175.0
120744.117_482812.830-Rest,2021-10-15T13:16:31.000Z,52.332122103936875,4.884542610242869,180.0
114369.468_486335.256-Rest,2021-10-15T13:17:00.000Z,52.36334210431566,4.790622605921781,95.0
120458.586_482831.533-Rest,2021-10-15T13:17:22.000Z,52.332342103948946,4.880372610046466,445.0
122170.807_489566.187-Rest,2021-10-15T13:17:32.000Z,52.39291210423278,4.904972611554974,30.0
114369.468_486335.256-Rest,2021-10-15T13:17:58.000Z,52.36334210431566,4.790622605921781,205.0
122110.579_484918.095-Rest,2021-10-15T13:20:01.000Z,52.351162103973,4.9044426112933115,420.0
120710.528_482259.979-Rest,2021-10-15T13:20:53.000Z,52.32717210391664,4.884372610209296,55.0
122239.398_489510.508-Rest,2021-10-15T13:21:00.000Z,52.392622104228714,4.905662611586994,510.0
124090.117_489538.642-Rest,2021-10-15T13:21:04.000Z,52.392852104149654,4.9329826129242,225.0
114278.606_486289.412-Rest,2021-10-15T13:21:43.000Z,52.36309210431676,4.78936260586122,400.0
124090.117_489538.642-Rest,2021-10-15T13:21:59.000Z,52.39284210414958,4.932982612924136,235.0
121020.856_482787.271-Rest,2021-10-15T13:22:05.000Z,52.33201210392495,4.888782610443219,200.0
122239.398_489510.508-Rest,2021-10-15T13:22:09.000Z,52.39262210422876,4.905652611586506,245.0
114278.606_486289.412-Rest,2021-10-15T13:22:43.000Z,52.36309210431676,4.78936260586122,50.0
121020.856_482787.271-Rest,2021-10-15T13:23:10.000Z,52.332022103924956,4.888782610443272,235.0
120710.528_482259.979-Rest,2021-10-15T13:23:31.000Z,52.32717210391664,4.884372610209296,75.0
121020.856_482787.271-Rest,2021-10-15T13:23:56.000Z,52.332022103924956,4.888782610443272,270.0
122245.417_484885.298-Rest,2021-10-15T13:24:22.000Z,52.35086210396516,4.90664261139699,305.0
123994.678_489719.529-Rest,2021-10-15T13:26:35.000Z,52.394512104165855,4.931642612869009,395.0
123049.992_490199.884-Rest,2021-10-15T13:27:11.000Z,52.398722104238885,4.917692612211082,2870.0
114184.855_485884.238-Rest,2021-10-15T13:29:18.000Z,52.359252104297504,4.788032605785463,250.0
122424.350_484777.105-Rest,2021-10-15T13:29:42.000Z,52.35006210395409,4.909052611507871,275.0
114184.855_485884.238-Rest,2021-10-15T13:30:28.000Z,52.359252104297504,4.788032605785463,105.0
124999.983_486382.585-Rest,2021-10-15T13:31:15.000Z,52.364542103920336,4.946742613411858,390.0
121895.684_488865.776-Rest,2021-10-15T13:31:30.000Z,52.386672104200095,4.900852611318992,345.0
124999.983_486382.585-Rest,2021-10-15T13:32:44.000Z,52.36454210392038,4.946732613411373,515.0
121895.684_488865.776-Rest,2021-10-15T13:32:54.000Z,52.38665210420002,4.900842611318392,355.0
114215.141_485790.258-Rest,2021-10-15T13:39:35.000Z,52.35847210429254,4.788322605796597,200.0
114215.141_485790.258-Rest,2021-10-15T13:40:42.000Z,52.35847210429254,4.788322605796597,210.0
120863.208_482064.677-Rest,2021-10-15T13:42:26.000Z,52.32553210390412,4.886562610304308,255.0
120863.208_482064.677-Rest,2021-10-15T13:43:30.000Z,52.32553210390409,4.886572610304782,90.0
125315.087_480673.055-Rest,2021-10-15T13:46:18.000Z,52.31353210366672,4.951722613313386,90.0
125315.087_480673.055-Rest,2021-10-15T13:47:28.000Z,52.313622103666965,4.951742613314928,60.0
120808.824_482056.680-Rest,2021-10-15T13:47:43.000Z,52.325482103906246,4.88570261026342,270.0
120808.824_482056.680-Rest,2021-10-15T13:48:29.000Z,52.32547210390622,4.885702610263367,115.0
114346.482_485380.927-Rest,2021-10-15T13:50:14.000Z,52.354832104268475,4.790312605878546,310.0
114346.482_485380.927-Rest,2021-10-15T13:51:08.000Z,52.354832104268475,4.790312605878546,75.0
120806.572_482180.491-Rest,2021-10-15T13:52:02.000Z,52.32649210391055,4.885602610263924,90.0
120806.572_482180.491-Rest,2021-10-15T13:52:51.000Z,52.32649210391055,4.885602610263924,140.0
114317.237_485478.655-Rest,2021-10-15T13:54:41.000Z,52.35569210427415,4.789822605858267,130.0
120860.362_482195.447-Rest,2021-10-15T13:55:36.000Z,52.3268021039095,4.886462610306182,175.0
114317.237_485478.655-Rest,2021-10-15T13:55:38.000Z,52.35569210427415,4.789822605858267,180.0
120860.362_482195.447-Rest,2021-10-15T13:56:35.000Z,52.32680210390945,4.886472610306655,55.0
125058.262_489115.016-Rest,2021-10-15T13:58:15.000Z,52.38904210407711,4.947452613608378,215.0
120834.088_482279.556-Rest,2021-10-15T13:59:23.000Z,52.32741210391281,4.886142610294222,215.0
125058.262_489115.016-Rest,2021-10-15T13:59:25.000Z,52.389042104077106,4.947462613608866,165.0
120834.088_482279.556-Rest,2021-10-15T14:00:34.000Z,52.32741210391281,4.886142610294222,320.0
120834.088_482279.556-Rest,2021-10-15T14:01:34.000Z,52.32741210391281,4.886142610294222,250.0
119847.868_483120.305-Rest,2021-10-15T14:11:05.000Z,52.33495210398361,4.871512609639824,330.0
119847.868_483120.305-Rest,2021-10-15T14:13:04.000Z,52.334952103983575,4.871522609640297,290.0
119847.868_483120.305-Rest,2021-10-15T14:14:49.000Z,52.33494210398355,4.871512609639776,220.0
119847.868_483120.305-Rest,2021-10-15T14:16:55.000Z,52.33495210398361,4.871512609639824,230.0
119945.593_483119.971-Rest,2021-10-15T14:21:20.000Z,52.33497210398013,4.872892609705295,370.0
119945.593_483119.971-Rest,2021-10-15T14:25:01.000Z,52.334812103979175,4.87298260970877,275.0
119945.593_483119.971-Rest,2021-10-15T14:28:37.000Z,52.33489210397972,4.872912609705848,285.0
