id,dateObserved,lat,long,weight,day_diff
122468.158_485615.114-Rest,2020-07-27T04:07:23.000Z,52.35747,4.909664,135,3
122468.158_485615.114-Rest,2020-07-27T04:08:40.000Z,52.35747,4.909664,405,0
123615.611_485613.097-Rest,2020-07-27T04:12:00.000Z,52.35752,4.9265075,100,4
123463.408_486115.252-Rest,2020-07-27T04:12:40.000Z,52.362022,4.9242263,0,1
123463.408_486115.252-Rest,2020-07-27T04:13:25.000Z,52.362022,4.9242263,285,0
122436.139_485670.718-Rest,2020-07-27T04:14:20.000Z,52.357967,4.9091887,180,6
122436.139_485670.718-Rest,2020-07-27T04:15:51.000Z,52.357967,4.9091887,170,0
123591.689_485509.250-Rest,2020-07-27T04:18:10.000Z,52.356586,4.926166,440,4
124918.435_481004.774-Rest,2020-07-27T04:18:45.000Z,52.316174,4.946043,340,2
122354.199_485579.663-Rest,2020-07-27T04:19:22.000Z,52.357147,4.9079947,175,3
123661.685_486181.991-Rest,2020-07-27T04:20:27.000Z,52.362637,4.9271307,130,1
122354.199_485579.663-Rest,2020-07-27T04:20:29.000Z,52.357147,4.9079947,105,0
125049.604_481077.486-Rest,2020-07-27T04:21:47.000Z,52.316837,4.9479604,270,4
123510.222_485478.162-Rest,2020-07-27T04:22:10.000Z,52.3563,4.924973,5,4
123711.576_486188.898-Rest,2020-07-27T04:23:03.000Z,52.3627,4.9278626,235,1
121507.247_484422.100-Rest,2020-07-27T04:23:27.000Z,52.34669,4.895678,130,2
121507.247_484422.100-Rest,2020-07-27T04:24:53.000Z,52.34669,4.895678,125,0
123397.455_485428.646-Rest,2020-07-27T04:26:21.000Z,52.35585,4.9233227,625,4
125121.670_481116.833-Rest,2020-07-27T04:26:21.000Z,52.317192,4.9490137,295,2
122909.129_489940.987-Rest,2020-07-27T04:26:31.000Z,52.396374,4.915724,2630,5
122622.465_489186.747-Rest,2020-07-27T04:27:33.000Z,52.38958,4.9115853,2545,4
122241.515_485677.390-Rest,2020-07-27T04:27:34.000Z,52.358017,4.906331,315,3
121741.177_484400.912-Rest,2020-07-27T04:27:41.000Z,52.346516,4.899113,230,2
123243.607_488781.798-Rest,2020-07-27T04:29:44.000Z,52.385975,4.9207478,2395,5
121754.999_484449.354-Rest,2020-07-27T04:31:20.000Z,52.34695,4.899311,5,2
123607.232_485853.758-Rest,2020-07-27T04:32:33.000Z,52.35968,4.926362,330,4
124656.441_481732.340-Rest,2020-07-27T04:33:46.000Z,52.3227,4.9421353,165,0
121632.865_484460.425-Rest,2020-07-27T04:34:00.000Z,52.347042,4.8975177,140,2
123622.761_485456.373-Rest,2020-07-27T04:34:05.000Z,52.35611,4.926627,140,4
121869.136_483853.890-Rest,2020-07-27T04:34:42.000Z,52.341606,4.901045,115,3
121632.865_484460.425-Rest,2020-07-27T04:35:10.000Z,52.347042,4.8975177,180,0
122809.013_489147.895-Rest,2020-07-27T04:35:26.000Z,52.38924,4.914329,1910,4
123645.153_485465.699-Rest,2020-07-27T04:36:18.000Z,52.356197,4.9269547,235,4
124757.692_481768.453-Rest,2020-07-27T04:37:00.000Z,52.32303,4.9436173,410,2
123849.400_486024.221-Rest,2020-07-27T04:37:35.000Z,52.36123,4.929901,290,7
121528.317_484469.817-Rest,2020-07-27T04:37:45.000Z,52.347122,4.8959823,180,2
123696.530_485411.481-Rest,2020-07-27T04:39:21.000Z,52.355713,4.927714,130,4
123696.530_485411.481-Rest,2020-07-27T04:40:04.000Z,52.355713,4.927714,265,0
121829.146_484392.732-Rest,2020-07-27T04:41:01.000Z,52.346447,4.900405,355,2
124745.626_481946.887-Rest,2020-07-27T04:41:10.000Z,52.324635,4.943424,240,2
123625.254_485374.470-Rest,2020-07-27T04:43:04.000Z,52.355377,4.9266715,385,4
121922.343_484384.419-Rest,2020-07-27T04:43:32.000Z,52.34638,4.9017735,225,2
124815.437_481820.213-Rest,2020-07-27T04:43:48.000Z,52.323498,4.9444594,240,2
123859.975_486377.387-Rest,2020-07-27T04:44:44.000Z,52.364403,4.9300237,240,4
123568.765_485301.405-Rest,2020-07-27T04:45:41.000Z,52.354717,4.925849,160,4
121809.304_483829.568-Rest,2020-07-27T04:46:14.000Z,52.341385,4.900169,200,3
123568.765_485301.405-Rest,2020-07-27T04:46:37.000Z,52.354717,4.925849,135,0
123411.266_489124.281-Rest,2020-07-27T04:46:45.000Z,52.389065,4.923178,2620,10
123411.266_489124.281-Rest,2020-07-27T04:46:49.000Z,52.389065,4.923178,2620,0
121809.304_483829.568-Rest,2020-07-27T04:47:12.000Z,52.341385,4.900169,225,0
124884.576_481775.744-Rest,2020-07-27T04:47:31.000Z,52.3231,4.9454775,145,2
123803.905_486428.396-Rest,2020-07-27T04:48:09.000Z,52.364857,4.929196,280,3
123286.173_489001.129-Rest,2020-07-27T04:48:16.000Z,52.38795,4.921352,2740,12
123015.163_489568.850-Rest,2020-07-27T04:50:28.000Z,52.393036,4.9173174,2720,10
123492.818_485222.696-Rest,2020-07-27T04:51:41.000Z,52.354004,4.9247417,210,4
124846.820_482065.428-Rest,2020-07-27T04:51:45.000Z,52.325703,4.944898,220,2
121747.514_483880.049-Rest,2020-07-27T04:53:03.000Z,52.341835,4.8992577,225,3
122005.566_484244.623-Rest,2020-07-27T04:53:11.000Z,52.345127,4.9030085,355,6
117676.520_485168.773-Rest,2020-07-27T04:53:56.000Z,52.353153,4.839379,155,3
123404.474_485238.177-Rest,2020-07-27T04:54:03.000Z,52.354137,4.9234433,255,4
121747.514_483880.049-Rest,2020-07-27T04:54:05.000Z,52.341835,4.8992577,140,0
123396.831_489242.271-Rest,2020-07-27T04:54:38.000Z,52.390125,4.922955,2630,13
118637.534_484915.540-Rest,2020-07-27T04:54:42.000Z,52.350945,4.8535113,440,1
117676.520_485168.773-Rest,2020-07-27T04:54:49.000Z,52.353153,4.839379,275,0
117676.520_485168.773-Rest,2020-07-27T04:55:44.000Z,52.353153,4.839379,195,0
119324.620_484647.322-Rest,2020-07-27T04:55:56.000Z,52.34858,4.8636236,400,3
122501.171_485103.049-Rest,2020-07-27T04:56:02.000Z,52.35287,4.910198,290,6
121865.592_484439.559-Rest,2020-07-27T04:56:10.000Z,52.34687,4.900935,175,2
123346.291_485212.825-Rest,2020-07-27T04:56:20.000Z,52.353905,4.9225917,235,4
121768.450_484002.478-Rest,2020-07-27T04:57:07.000Z,52.342937,4.8995523,125,3
121768.450_484002.478-Rest,2020-07-27T04:58:07.000Z,52.342937,4.8995523,300,0
122451.309_485208.215-Rest,2020-07-27T04:58:55.000Z,52.353813,4.9094563,370,6
124752.685_482013.443-Rest,2020-07-27T04:58:58.000Z,52.325233,4.943522,190,2
123289.455_485169.578-Rest,2020-07-27T04:59:10.000Z,52.353516,4.921762,320,4
123082.122_488938.935-Rest,2020-07-27T04:59:42.000Z,52.38738,4.9183607,2450,7
121525.193_484544.777-Rest,2020-07-27T05:00:22.000Z,52.347794,4.8959293,225,2
124837.510_481979.882-Rest,2020-07-27T05:01:17.000Z,52.324936,4.944769,275,0
119005.345_484317.011-Rest,2020-07-27T05:02:07.000Z,52.34559,4.8589735,470,4
123314.477_485086.931-Rest,2020-07-27T05:02:17.000Z,52.35277,4.922137,500,4
120006.799_485399.027-Rest,2020-07-27T05:02:40.000Z,52.355377,4.873557,345,3
119005.345_484317.011-Rest,2020-07-27T05:03:27.000Z,52.34559,4.8589735,420,0
123085.669_485705.543-Rest,2020-07-27T05:03:27.000Z,52.35832,4.91872,300,4
124904.811_481856.066-Rest,2020-07-27T05:04:08.000Z,52.323826,4.9457674,185,0
121659.973_484567.143-Rest,2020-07-27T05:04:10.000Z,52.348003,4.897905,240,2
123220.803_485125.633-Rest,2020-07-27T05:05:12.000Z,52.353115,4.9207582,240,4
121659.973_484567.143-Rest,2020-07-27T05:05:36.000Z,52.348003,4.897905,140,0
121319.025_485527.155-Rest,2020-07-27T05:05:47.000Z,52.35661,4.892805,430,3
121699.210_483884.597-Rest,2020-07-27T05:06:14.000Z,52.341873,4.898548,160,3
124984.634_481831.381-Rest,2020-07-27T05:06:50.000Z,52.32361,4.9469404,155,2
123229.387_485763.274-Rest,2020-07-27T05:07:11.000Z,52.35885,4.920824,285,4
121699.210_483884.597-Rest,2020-07-27T05:07:27.000Z,52.341873,4.898548,350,0
122825.421_489545.772-Rest,2020-07-27T05:07:28.000Z,52.39282,4.914532,2820,6
123222.313_485204.614-Rest,2020-07-27T05:08:03.000Z,52.353825,4.920773,265,4
122400.059_485284.102-Rest,2020-07-27T05:08:08.000Z,52.354492,4.9086967,470,4
119158.653_484416.624-Rest,2020-07-27T05:08:45.000Z,52.346493,4.8612127,685,6
120289.062_485774.844-Rest,2020-07-27T05:09:14.000Z,52.358772,4.877661,45,10
125080.811_481884.177-Rest,2020-07-27T05:09:32.000Z,52.32409,4.948346,310,3
121829.146_484392.732-Rest,2020-07-27T05:09:51.000Z,52.346447,4.900405,0,0
121337.801_485457.946-Rest,2020-07-27T05:09:55.000Z,52.35599,4.893088,870,3
119158.653_484416.624-Rest,2020-07-27T05:10:59.000Z,52.346493,4.8612127,425,0
123325.935_485668.562-Rest,2020-07-27T05:11:02.000Z,52.358,4.9222503,200,6
123330.181_485245.515-Rest,2020-07-27T05:11:10.000Z,52.3542,4.9223523,325,4
117454.040_485463.066-Rest,2020-07-27T05:11:22.000Z,52.355785,4.8360806,105,3
117454.040_485463.066-Rest,2020-07-27T05:12:17.000Z,52.355785,4.8360806,95,0
120188.430_485812.519-Rest,2020-07-27T05:12:42.000Z,52.359104,4.87618,585,6
125178.018_481938.057-Rest,2020-07-27T05:13:13.000Z,52.324577,4.9497676,180,3
121472.048_485504.879-Rest,2020-07-27T05:14:22.000Z,52.35642,4.8950534,875,6
120731.964_492954.532-Rest,2020-07-27T05:14:53.000Z,52.423325,4.88343,2445,10
121922.343_484384.419-Rest,2020-07-27T05:14:55.000Z,52.34638,4.9017735,0,0
123386.405_485690.113-Rest,2020-07-27T05:15:13.000Z,52.3582,4.9231358,215,6
119258.493_484543.336-Rest,2020-07-27T05:15:51.000Z,52.347637,4.862664,370,4
117456.916_485634.142-Rest,2020-07-27T05:16:00.000Z,52.357323,4.836104,245,4
123223.300_485343.011-Rest,2020-07-27T05:16:43.000Z,52.35507,4.9207745,335,4
117456.916_485634.142-Rest,2020-07-27T05:16:55.000Z,52.357323,4.836104,95,0
124946.269_482120.006-Rest,2020-07-27T05:17:01.000Z,52.3262,4.946352,290,2
119258.493_484543.336-Rest,2020-07-27T05:17:46.000Z,52.347637,4.862664,400,0
121472.048_485504.879-Rest,2020-07-27T05:17:55.000Z,52.35642,4.8950534,785,0
117456.916_485634.142-Rest,2020-07-27T05:17:59.000Z,52.357323,4.836104,80,0
120234.164_485918.710-Rest,2020-07-27T05:18:25.000Z,52.36006,4.8768406,365,6
117456.916_485634.142-Rest,2020-07-27T05:19:02.000Z,52.357323,4.836104,180,0
123739.295_486147.002-Rest,2020-07-27T05:19:27.000Z,52.362324,4.9282737,625,3
123392.151_485818.826-Rest,2020-07-27T05:19:29.000Z,52.359356,4.923208,295,4
125031.963_482082.789-Rest,2020-07-27T05:19:47.000Z,52.32587,4.9476123,150,0
122121.184_484501.747-Rest,2020-07-27T05:20:46.000Z,52.347443,4.90468,235,2
123392.151_485818.826-Rest,2020-07-27T05:20:54.000Z,52.359356,4.923208,105,0
123143.069_485342.314-Rest,2020-07-27T05:22:13.000Z,52.355057,4.9195967,315,4
123867.046_486192.403-Rest,2020-07-27T05:22:35.000Z,52.36274,4.930145,275,3
125099.582_481960.348-Rest,2020-07-27T05:22:35.000Z,52.32477,4.948615,185,0
121702.162_485614.508-Rest,2020-07-27T05:25:21.000Z,52.357418,4.8984203,995,6
118955.119_484784.326-Rest,2020-07-27T05:25:44.000Z,52.349785,4.8581862,80,2
123557.968_485708.847-Rest,2020-07-27T05:26:01.000Z,52.358376,4.9256525,345,7
125067.119_482186.964-Rest,2020-07-27T05:26:08.000Z,52.32681,4.9481187,325,2
121482.584_483798.566-Rest,2020-07-27T05:27:03.000Z,52.341087,4.895378,210,9
123648.465_486510.013-Rest,2020-07-27T05:28:04.000Z,52.36558,4.926906,405,4
121949.876_484488.314-Rest,2020-07-27T05:28:17.000Z,52.347313,4.9021673,160,2
125120.486_482148.658-Rest,2020-07-27T05:28:35.000Z,52.326466,4.948905,180,2
121949.876_484488.314-Rest,2020-07-27T05:29:26.000Z,52.347313,4.9021673,265,0
125197.630_482016.765-Rest,2020-07-27T05:31:20.000Z,52.325287,4.950048,345,2
122951.783_484991.999-Rest,2020-07-27T05:31:59.000Z,52.3519,4.9168224,335,7
122052.125_484518.298-Rest,2020-07-27T05:32:20.000Z,52.347588,4.9036646,160,2
123588.940_486424.895-Rest,2020-07-27T05:32:59.000Z,52.364815,4.92604,315,4
122052.125_484518.298-Rest,2020-07-27T05:33:41.000Z,52.347588,4.9036646,95,0
123588.940_486424.895-Rest,2020-07-27T05:33:57.000Z,52.364815,4.92604,230,0
123310.275_485602.141-Rest,2020-07-27T05:34:23.000Z,52.357403,4.9220266,300,11
119304.477_484322.012-Rest,2020-07-27T05:34:26.000Z,52.345654,4.863363,25,3
119304.477_484322.012-Rest,2020-07-27T05:35:17.000Z,52.345654,4.863363,75,0
125258.271_481522.292-Rest,2020-07-27T05:35:53.000Z,52.320847,4.950981,55,2
122025.967_484584.922-Rest,2020-07-27T05:36:36.000Z,52.348186,4.9032745,105,2
121940.703_483947.072-Rest,2020-07-27T05:37:50.000Z,52.34245,4.902086,95,3
122025.967_484584.922-Rest,2020-07-27T05:37:57.000Z,52.348186,4.9032745,190,0
123214.240_485553.256-Rest,2020-07-27T05:38:10.000Z,52.35696,4.9206214,315,7
125258.271_481522.292-Rest,2020-07-27T05:38:21.000Z,52.320847,4.950981,490,0
123466.020_486382.334-Rest,2020-07-27T05:38:29.000Z,52.364426,4.9242396,525,2
119903.752_484405.326-Rest,2020-07-27T05:39:06.000Z,52.34644,4.872148,70,2
123214.240_485553.256-Rest,2020-07-27T05:39:12.000Z,52.35696,4.9206214,145,0
121939.839_484565.970-Rest,2020-07-27T05:40:25.000Z,52.34801,4.9020123,275,2
123214.240_485553.256-Rest,2020-07-27T05:40:28.000Z,52.35696,4.9206214,310,0
121928.032_483921.708-Rest,2020-07-27T05:40:40.000Z,52.34222,4.901902,280,3
117606.110_486177.169-Rest,2020-07-27T05:40:52.000Z,52.362213,4.8382335,345,3
123770.324_486530.197-Rest,2020-07-27T05:41:18.000Z,52.365772,4.9286933,355,4
121939.839_484565.970-Rest,2020-07-27T05:41:29.000Z,52.34801,4.9020123,105,0
120594.737_486068.650-Rest,2020-07-27T05:41:34.000Z,52.36143,4.882118,245,6
117606.110_486177.169-Rest,2020-07-27T05:41:46.000Z,52.362213,4.8382335,115,0
122782.647_484805.903-Rest,2020-07-27T05:42:14.000Z,52.350216,4.914358,310,7
125235.161_481405.271-Rest,2020-07-27T05:42:18.000Z,52.319794,4.9506526,370,7
120594.737_486068.650-Rest,2020-07-27T05:42:41.000Z,52.36143,4.882118,180,0
123770.324_486530.197-Rest,2020-07-27T05:42:41.000Z,52.365772,4.9286933,330,0
121604.325_484010.124-Rest,2020-07-27T05:43:26.000Z,52.342995,4.8971434,215,3
120296.163_484678.292-Rest,2020-07-27T05:43:27.000Z,52.34892,4.8778787,75,2
117606.327_486226.601-Rest,2020-07-27T05:44:18.000Z,52.362656,4.838231,270,3
117606.327_486226.601-Rest,2020-07-27T05:45:11.000Z,52.362656,4.838231,20,0
123141.126_485520.406-Rest,2020-07-27T05:45:27.000Z,52.35666,4.9195514,250,7
122101.192_484516.732-Rest,2020-07-27T05:45:48.000Z,52.347576,4.904385,25,3
123910.146_486528.069-Rest,2020-07-27T05:45:50.000Z,52.36576,4.9307466,430,6
117606.327_486226.601-Rest,2020-07-27T05:46:17.000Z,52.362656,4.838231,460,0
121717.044_484076.635-Rest,2020-07-27T05:46:18.000Z,52.343594,4.898796,220,3
125455.567_481524.788-Rest,2020-07-27T05:46:19.000Z,52.320877,4.9538746,185,2
122101.192_484516.732-Rest,2020-07-27T05:46:52.000Z,52.347576,4.904385,50,0
122768.337_484843.979-Rest,2020-07-27T05:46:52.000Z,52.35056,4.9141445,245,7
123910.146_486528.069-Rest,2020-07-27T05:46:58.000Z,52.36576,4.9307466,475,0
123141.126_485520.406-Rest,2020-07-27T05:47:03.000Z,52.35666,4.9195514,425,0
122151.836_485378.276-Rest,2020-07-27T05:50:14.000Z,52.355324,4.905044,440,3
121788.526_484232.313-Rest,2020-07-27T05:51:51.000Z,52.345,4.8998246,210,3
121686.223_483721.310-Rest,2020-07-27T05:52:46.000Z,52.340405,4.8983736,265,14
121788.526_484232.313-Rest,2020-07-27T05:52:50.000Z,52.345,4.8998246,125,0
121928.032_483921.708-Rest,2020-07-27T05:53:22.000Z,52.34222,4.901902,225,0
123863.365_486309.473-Rest,2020-07-27T05:54:33.000Z,52.363792,4.93008,255,7
124358.923_486120.400-Rest,2020-07-27T05:55:21.000Z,52.36212,4.937372,335,3
117499.710_486130.070-Rest,2020-07-27T05:55:47.000Z,52.361782,4.8366766,310,4
121645.949_484174.557-Rest,2020-07-27T05:56:09.000Z,52.344475,4.897738,240,3
121686.223_483721.310-Rest,2020-07-27T05:56:18.000Z,52.340405,4.8983736,580,0
117499.710_486130.070-Rest,2020-07-27T05:56:49.000Z,52.361782,4.8366766,275,0
120821.747_485656.157-Rest,2020-07-27T05:57:22.000Z,52.35774,4.885493,405,4
121645.949_484174.557-Rest,2020-07-27T05:57:26.000Z,52.344475,4.897738,180,0
120821.747_485656.157-Rest,2020-07-27T05:58:44.000Z,52.35774,4.885493,235,0
121532.562_484163.068-Rest,2020-07-27T06:00:03.000Z,52.344364,4.8960752,5,3
117668.504_486143.701-Rest,2020-07-27T06:00:08.000Z,52.361916,4.8391533,415,4
117668.504_486143.701-Rest,2020-07-27T06:01:04.000Z,52.361916,4.8391533,210,0
121532.562_484163.068-Rest,2020-07-27T06:01:12.000Z,52.344364,4.8960752,135,0
122051.766_483777.491-Rest,2020-07-27T06:01:59.000Z,52.34093,4.903732,370,3
123623.874_486232.200-Rest,2020-07-27T06:02:48.000Z,52.363083,4.926571,215,1
121262.901_484854.723-Rest,2020-07-27T06:03:57.000Z,52.350563,4.892049,55,1
122051.766_483777.491-Rest,2020-07-27T06:04:04.000Z,52.34093,4.903732,235,0
123623.874_486232.200-Rest,2020-07-27T06:04:17.000Z,52.363083,4.926571,645,0
123823.210_488969.661-Rest,2020-07-27T06:04:50.000Z,52.3877,4.9292436,2320,10
121262.901_484854.723-Rest,2020-07-27T06:05:14.000Z,52.350563,4.892049,15,0
123303.780_485319.715-Rest,2020-07-27T06:06:53.000Z,52.354866,4.921958,265,4
123303.780_485319.715-Rest,2020-07-27T06:07:51.000Z,52.354866,4.921958,125,0
122065.754_483936.371-Rest,2020-07-27T06:08:44.000Z,52.342358,4.9039216,305,3
120586.351_485972.222-Rest,2020-07-27T06:08:52.000Z,52.360565,4.882005,315,6
121152.497_485243.531-Rest,2020-07-27T06:09:12.000Z,52.354053,4.8903894,35,4
123367.029_485349.869-Rest,2020-07-27T06:09:52.000Z,52.35514,4.9228835,375,4
122065.754_483936.371-Rest,2020-07-27T06:11:19.000Z,52.342358,4.9039216,5,0
120560.292_485877.614-Rest,2020-07-27T06:13:05.000Z,52.359715,4.8816323,210,6
121579.022_484240.291-Rest,2020-07-27T06:14:18.000Z,52.345062,4.8967495,240,3
120560.292_485877.614-Rest,2020-07-27T06:14:49.000Z,52.359715,4.8816323,350,0
122009.315_483941.235-Rest,2020-07-27T06:16:18.000Z,52.3424,4.903093,215,3
121579.022_484240.291-Rest,2020-07-27T06:16:27.000Z,52.345062,4.8967495,170,0
123086.533_484233.521-Rest,2020-07-27T06:16:35.000Z,52.34509,4.9188724,440,6
122009.315_483941.235-Rest,2020-07-27T06:18:15.000Z,52.3424,4.903093,330,0
119411.360_484355.580-Rest,2020-07-27T06:18:40.000Z,52.345963,4.864928,235,4
123245.247_485426.466-Rest,2020-07-27T06:19:35.000Z,52.35582,4.9210887,170,7
119411.360_484355.580-Rest,2020-07-27T06:19:49.000Z,52.345963,4.864928,380,0
120407.769_485895.048-Rest,2020-07-27T06:19:57.000Z,52.35986,4.8793917,430,7
123441.596_486309.341-Rest,2020-07-27T06:21:29.000Z,52.363766,4.9238877,300,1
122001.930_483871.243-Rest,2020-07-27T06:23:15.000Z,52.34177,4.9029913,355,3
123164.612_485142.948-Rest,2020-07-27T06:23:34.000Z,52.353268,4.919932,255,5
120307.871_485850.937-Rest,2020-07-27T06:24:06.000Z,52.35946,4.8779297,295,7
121715.385_484277.946-Rest,2020-07-27T06:24:09.000Z,52.34541,4.8987465,215,3
124542.953_490397.625-Rest,2020-07-27T06:24:45.000Z,52.40057,4.9396863,2815,11
119304.477_484322.012-Rest,2020-07-27T06:24:58.000Z,52.345654,4.863363,615,0
123587.280_486357.960-Rest,2020-07-27T06:25:08.000Z,52.364212,4.926022,200,2
121715.385_484277.946-Rest,2020-07-27T06:25:20.000Z,52.34541,4.8987465,155,0
122001.930_483871.243-Rest,2020-07-27T06:26:03.000Z,52.34177,4.9029913,190,0
119304.477_484322.012-Rest,2020-07-27T06:26:14.000Z,52.345654,4.863363,465,0
123085.841_485064.260-Rest,2020-07-27T06:26:15.000Z,52.35256,4.918783,230,5
120279.867_484770.751-Rest,2020-07-27T06:26:53.000Z,52.349747,4.87763,255,2
123632.382_486388.313-Rest,2020-07-27T06:28:51.000Z,52.364487,4.9266815,230,2
124541.147_487154.812-Rest,2020-07-27T06:30:16.000Z,52.371426,4.939954,345,7
123061.327_485483.472-Rest,2020-07-27T06:30:19.000Z,52.356323,4.9183836,450,7
120250.446_484857.004-Rest,2020-07-27T06:30:20.000Z,52.35052,4.877189,320,2
121995.528_483785.850-Rest,2020-07-27T06:30:41.000Z,52.341003,4.902906,195,3
119184.838_484268.793-Rest,2020-07-27T06:31:00.000Z,52.345165,4.861613,0,7
119184.838_484268.793-Rest,2020-07-27T06:31:22.000Z,52.345165,4.861613,65,0
123061.327_485483.472-Rest,2020-07-27T06:31:30.000Z,52.356323,4.9183836,570,0
124583.736_490424.596-Rest,2020-07-27T06:32:31.000Z,52.400818,4.940283,2660,10
124583.736_490424.596-Rest,2020-07-27T06:32:33.000Z,52.400818,4.940283,2660,0
121995.528_483785.850-Rest,2020-07-27T06:32:45.000Z,52.341003,4.902906,115,0
124644.731_487131.046-Rest,2020-07-27T06:33:11.000Z,52.37122,4.941477,685,13
125212.439_489398.616-Rest,2020-07-27T06:33:37.000Z,52.39163,4.9496117,2660,17
123732.363_486409.531-Rest,2020-07-27T06:34:03.000Z,52.364685,4.9281473,200,2
123051.270_485002.208-Rest,2020-07-27T06:34:47.000Z,52.351997,4.9182816,205,5
122971.363_485442.486-Rest,2020-07-27T06:34:56.000Z,52.35595,4.917067,315,7
119057.469_484188.110-Rest,2020-07-27T06:35:53.000Z,52.344433,4.859752,1110,7
122971.363_485442.486-Rest,2020-07-27T06:36:18.000Z,52.35595,4.917067,255,0
124779.054_487149.634-Rest,2020-07-27T06:36:36.000Z,52.371395,4.9434476,525,6
120419.157_484683.217-Rest,2020-07-27T06:37:11.000Z,52.348972,4.879683,160,2
123808.691_486370.835-Rest,2020-07-27T06:37:41.000Z,52.36434,4.9292717,185,4
123170.135_483612.114-Rest,2020-07-27T06:39:08.000Z,52.33951,4.920158,240,3
122895.293_485408.000-Rest,2020-07-27T06:39:12.000Z,52.355633,4.9159536,380,7
124963.570_487226.961-Rest,2020-07-27T06:39:48.000Z,52.3721,4.94615,380,21
124636.136_490449.252-Rest,2020-07-27T06:40:04.000Z,52.40104,4.9410505,2635,6
122895.293_485408.000-Rest,2020-07-27T06:40:20.000Z,52.355633,4.9159536,220,0
124963.570_487226.961-Rest,2020-07-27T06:40:51.000Z,52.3721,4.94615,380,0
123679.974_486323.059-Rest,2020-07-27T06:41:10.000Z,52.363903,4.9273863,375,2
118962.423_484242.405-Rest,2020-07-27T06:41:12.000Z,52.344913,4.8583517,750,4
121465.264_484694.151-Rest,2020-07-27T06:41:21.000Z,52.349133,4.895035,305,3
120296.163_484678.292-Rest,2020-07-27T06:41:51.000Z,52.34892,4.8778787,250,0
123018.299_485117.970-Rest,2020-07-27T06:43:19.000Z,52.353035,4.9177866,240,4
121430.343_484779.569-Rest,2020-07-27T06:43:54.000Z,52.3499,4.8945136,330,3
123594.528_486293.916-Rest,2020-07-27T06:44:35.000Z,52.363636,4.9261346,335,2
125015.644_487230.302-Rest,2020-07-27T06:44:37.000Z,52.372143,4.9469123,145,5
119053.472_484270.860-Rest,2020-07-27T06:45:33.000Z,52.345177,4.8596845,385,4
121946.111_484011.224-Rest,2020-07-27T06:45:56.000Z,52.343025,4.9021587,300,3
123099.754_485197.903-Rest,2020-07-27T06:45:56.000Z,52.35376,4.918975,215,4
125015.644_487230.302-Rest,2020-07-27T06:45:58.000Z,52.372143,4.9469123,540,0
123594.528_486293.916-Rest,2020-07-27T06:46:02.000Z,52.363636,4.9261346,295,0
121413.221_484841.667-Rest,2020-07-27T06:46:30.000Z,52.350456,4.894256,380,3
122834.903_485256.027-Rest,2020-07-27T06:46:30.000Z,52.354263,4.915082,255,7
119053.472_484270.860-Rest,2020-07-27T06:46:49.000Z,52.345177,4.8596845,400,0
120320.560_484540.688-Rest,2020-07-27T06:46:54.000Z,52.347683,4.878251,240,2
125015.644_487230.302-Rest,2020-07-27T06:47:08.000Z,52.372143,4.9469123,335,0
122982.331_483599.949-Rest,2020-07-27T06:48:34.000Z,52.33939,4.917403,380,4
121946.111_484011.224-Rest,2020-07-27T06:48:37.000Z,52.343025,4.9021587,305,0
123064.254_485217.254-Rest,2020-07-27T06:48:37.000Z,52.35393,4.918452,260,4
123485.301_486257.882-Rest,2020-07-27T06:49:32.000Z,52.363308,4.9245343,250,2
121346.559_484848.228-Rest,2020-07-27T06:50:12.000Z,52.35051,4.893277,665,3
123485.301_486257.882-Rest,2020-07-27T06:50:41.000Z,52.363308,4.9245343,195,0
123002.037_485214.742-Rest,2020-07-27T06:51:05.000Z,52.353905,4.917539,160,4
119102.017_484094.655-Rest,2020-07-27T06:52:04.000Z,52.343597,4.860416,875,7
125028.341_487171.931-Rest,2020-07-27T06:52:20.000Z,52.37161,4.947106,210,7
120119.174_484231.402-Rest,2020-07-27T06:52:28.000Z,52.34489,4.8753276,295,2
121262.901_484854.723-Rest,2020-07-27T06:52:41.000Z,52.350563,4.892049,190,0
118769.685_488248.136-Rest,2020-07-27T06:52:49.000Z,52.3809,4.8550916,5,70
122987.666_485251.290-Rest,2020-07-27T06:53:26.000Z,52.354233,4.9173245,355,4
118418.538_485054.645-Rest,2020-07-27T06:54:13.000Z,52.35218,4.850282,455,4
122780.758_485348.468-Rest,2020-07-27T06:54:32.000Z,52.35509,4.9142785,245,7
123002.185_485586.255-Rest,2020-07-27T06:55:47.000Z,52.357243,4.9175057,110,6
122780.758_485348.468-Rest,2020-07-27T06:55:51.000Z,52.35509,4.9142785,415,0
123544.630_487382.419-Rest,2020-07-27T06:56:09.000Z,52.373417,4.9253,210,3
119903.752_484405.326-Rest,2020-07-27T06:56:37.000Z,52.34644,4.872148,10,0
123061.907_485345.344-Rest,2020-07-27T06:57:02.000Z,52.35508,4.918405,285,4
124953.241_489440.444-Rest,2020-07-27T06:57:17.000Z,52.39199,4.9458003,2655,10
119102.017_484094.655-Rest,2020-07-27T06:57:19.000Z,52.343597,4.860416,435,0
116754.512_487721.252-Rest,2020-07-27T06:58:37.000Z,52.37603,4.8255563,275,5
121916.240_484085.133-Rest,2020-07-27T06:58:56.000Z,52.34369,4.901713,275,7
123084.054_485300.201-Rest,2020-07-27T06:59:19.000Z,52.354675,4.9187346,180,4
120939.942_484638.543-Rest,2020-07-27T06:59:57.000Z,52.348602,4.8873305,245,6
122851.555_485448.944-Rest,2020-07-27T07:00:32.000Z,52.356,4.915308,415,7
116786.261_487669.900-Rest,2020-07-27T07:01:46.000Z,52.375572,4.8260283,445,5
122922.801_485158.146-Rest,2020-07-27T07:02:48.000Z,52.35339,4.9163814,260,6
122906.093_485474.195-Rest,2020-07-27T07:03:44.000Z,52.35623,4.9161057,445,7
123531.208_485944.370-Rest,2020-07-27T07:03:59.000Z,52.360493,4.9252377,380,2
124112.026_486487.104-Rest,2020-07-27T07:04:10.000Z,52.365402,4.933714,365,5
122952.089_485121.921-Rest,2020-07-27T07:05:04.000Z,52.353065,4.916815,295,4
116851.516_487652.406-Rest,2020-07-27T07:05:12.000Z,52.37542,4.826988,235,5
121070.769_484926.406-Rest,2020-07-27T07:05:14.000Z,52.351196,4.8892217,695,6
122015.694_484059.366-Rest,2020-07-27T07:05:35.000Z,52.34346,4.903175,180,3
120148.798_484609.779-Rest,2020-07-27T07:05:46.000Z,52.348293,4.875723,265,2
122957.785_485078.897-Rest,2020-07-27T07:07:13.000Z,52.35268,4.9169025,405,4
122015.694_484059.366-Rest,2020-07-27T07:07:56.000Z,52.34346,4.903175,320,0
123031.870_485532.118-Rest,2020-07-27T07:08:01.000Z,52.35676,4.917947,415,7
117141.745_487591.502-Rest,2020-07-27T07:08:37.000Z,52.374893,4.8312573,280,6
121179.264_485024.374-Rest,2020-07-27T07:08:52.000Z,52.352085,4.8908043,225,6
124042.675_486418.224-Rest,2020-07-27T07:09:17.000Z,52.36478,4.932702,490,5
125160.984_489539.488-Rest,2020-07-27T07:09:20.000Z,52.392895,4.948843,2395,6
117141.745_487591.502-Rest,2020-07-27T07:09:31.000Z,52.374893,4.8312573,180,0
123031.870_485532.118-Rest,2020-07-27T07:09:39.000Z,52.35676,4.917947,585,0
121179.264_485024.374-Rest,2020-07-27T07:09:45.000Z,52.352085,4.8908043,300,0
120074.192_484697.178-Rest,2020-07-27T07:11:16.000Z,52.349075,4.874619,225,2
124545.099_487052.105-Rest,2020-07-27T07:11:40.000Z,52.370506,4.940021,445,7
118951.643_488344.972-Rest,2020-07-27T07:11:57.000Z,52.381786,4.8577538,200,27
122831.242_485126.574-Rest,2020-07-27T07:12:53.000Z,52.3531,4.9150405,270,4
121075.699_485058.046-Rest,2020-07-27T07:12:57.000Z,52.35238,4.889281,475,6
118951.643_488344.972-Rest,2020-07-27T07:13:40.000Z,52.381786,4.8577538,15,0
123715.901_486024.816-Rest,2020-07-27T07:13:59.000Z,52.361225,4.9279413,355,2
121075.699_485058.046-Rest,2020-07-27T07:14:11.000Z,52.35238,4.889281,480,0
123970.071_486479.103-Rest,2020-07-27T07:14:27.000Z,52.365322,4.9316306,580,19
119995.064_484714.893-Rest,2020-07-27T07:15:05.000Z,52.349228,4.873456,135,2
122870.557_485208.097-Rest,2020-07-27T07:15:56.000Z,52.353836,4.91561,175,4
123133.374_485577.603-Rest,2020-07-27T07:17:02.000Z,52.357174,4.919432,515,7
122924.087_485272.217-Rest,2020-07-27T07:18:03.000Z,52.354416,4.9163895,280,3
123954.202_486347.945-Rest,2020-07-27T07:18:40.000Z,52.364143,4.93141,345,2
119903.540_484746.741-Rest,2020-07-27T07:19:05.000Z,52.34951,4.8721094,135,2
121715.409_485153.528-Rest,2020-07-27T07:19:26.000Z,52.35328,4.89866,75,7
123777.513_486048.637-Rest,2020-07-27T07:19:28.000Z,52.361443,4.9288435,290,2
123216.296_485613.027-Rest,2020-07-27T07:20:40.000Z,52.357494,4.920646,300,7
117262.696_487637.492-Rest,2020-07-27T07:20:51.000Z,52.375313,4.8330283,0,5
122811.862_485052.146-Rest,2020-07-27T07:21:53.000Z,52.352432,4.914763,235,6
117288.891_487737.044-Rest,2020-07-27T07:22:39.000Z,52.37621,4.8334017,250,6
119822.442_484730.418-Rest,2020-07-27T07:23:05.000Z,52.349358,4.870921,240,2
123876.654_486088.527-Rest,2020-07-27T07:23:18.000Z,52.36181,4.9302955,180,2
125018.317_489873.173-Rest,2020-07-27T07:24:07.000Z,52.395885,4.9467177,2365,17
123492.979_485733.038-Rest,2020-07-27T07:24:45.000Z,52.35859,4.9246964,300,6
117195.916_487736.344-Rest,2020-07-27T07:26:12.000Z,52.376198,4.8320365,250,6
122101.192_484516.732-Rest,2020-07-27T07:27:11.000Z,52.347576,4.904385,115,0
123696.634_485962.481-Rest,2020-07-27T07:27:17.000Z,52.360664,4.9276643,230,4
119737.136_484826.152-Rest,2020-07-27T07:27:22.000Z,52.350212,4.869659,155,2
121691.637_484105.313-Rest,2020-07-27T07:27:42.000Z,52.343857,4.898415,80,3
123745.660_486720.053-Rest,2020-07-27T07:28:10.000Z,52.367474,4.9283137,15,6
121738.243_485272.953-Rest,2020-07-27T07:28:47.000Z,52.35435,4.898984,865,4
124807.703_490704.542-Rest,2020-07-27T07:29:17.000Z,52.403343,4.9435487,2740,21
117265.104_487504.513-Rest,2020-07-27T07:29:22.000Z,52.37412,4.8330784,200,5
123631.655_485936.272-Rest,2020-07-27T07:29:53.000Z,52.360424,4.926713,395,4
117265.104_487504.513-Rest,2020-07-27T07:30:29.000Z,52.37412,4.8330784,330,0
123538.570_485752.437-Rest,2020-07-27T07:31:57.000Z,52.35877,4.9253635,1160,7
121776.119_485213.638-Rest,2020-07-27T07:32:04.000Z,52.35382,4.8995457,1205,7
124018.699_486210.337-Rest,2020-07-27T07:32:24.000Z,52.36291,4.932369,430,2
124938.067_489856.360-Rest,2020-07-27T07:32:49.000Z,52.39573,4.94554,2255,10
121506.527_484102.971-Rest,2020-07-27T07:33:02.000Z,52.343822,4.895699,110,3
118910.274_488199.310-Rest,2020-07-27T07:33:23.000Z,52.380474,4.8571615,355,70
121506.527_484102.971-Rest,2020-07-27T07:34:08.000Z,52.343822,4.895699,205,0
123631.655_485936.272-Rest,2020-07-27T07:34:59.000Z,52.360424,4.926713,210,0
124268.444_486232.299-Rest,2020-07-27T07:36:25.000Z,52.36312,4.9360337,290,1
123733.719_485960.730-Rest,2020-07-27T07:38:00.000Z,52.36065,4.928209,500,4
118986.655_488279.149-Rest,2020-07-27T07:38:32.000Z,52.381195,4.858275,10,70
122864.890_485969.870-Rest,2020-07-27T07:40:00.000Z,52.360683,4.915454,140,4
122864.890_485969.870-Rest,2020-07-27T07:41:09.000Z,52.360683,4.915454,175,0
124415.533_486234.347-Rest,2020-07-27T07:41:11.000Z,52.363148,4.938193,365,2
117809.356_486267.572-Rest,2020-07-27T07:42:08.000Z,52.363037,4.841207,285,4
121896.480_483575.353-Rest,2020-07-27T07:42:08.000Z,52.339104,4.901473,205,14
117809.356_486267.572-Rest,2020-07-27T07:43:11.000Z,52.363037,4.841207,120,0
121896.480_483575.353-Rest,2020-07-27T07:43:30.000Z,52.339104,4.901473,615,0
123081.544_488581.694-Rest,2020-07-27T07:43:43.000Z,52.384167,4.918386,3095,13
121896.480_483575.353-Rest,2020-07-27T07:44:13.000Z,52.339104,4.901473,15,0
122777.490_485950.781-Rest,2020-07-27T07:44:43.000Z,52.360504,4.9141726,310,4
117721.865_486370.121-Rest,2020-07-27T07:46:46.000Z,52.363956,4.8399115,315,5
121896.480_483575.353-Rest,2020-07-27T07:46:55.000Z,52.339104,4.901473,315,0
117721.865_486370.121-Rest,2020-07-27T07:47:39.000Z,52.363956,4.8399115,370,0
122699.849_485927.563-Rest,2020-07-27T07:48:04.000Z,52.360294,4.913035,285,4
117721.865_486370.121-Rest,2020-07-27T07:49:15.000Z,52.363956,4.8399115,390,0
122699.849_485927.563-Rest,2020-07-27T07:49:25.000Z,52.360294,4.913035,70,0
118967.076_488124.295-Rest,2020-07-27T07:50:00.000Z,52.379803,4.858004,5,70
122661.718_488369.196-Rest,2020-07-27T07:51:40.000Z,52.382233,4.9122405,2710,6
117629.719_486370.081-Rest,2020-07-27T07:51:56.000Z,52.36395,4.8385587,95,4
121397.828_484173.619-Rest,2020-07-27T07:52:00.000Z,52.34445,4.894097,150,3
118489.424_485290.547-Rest,2020-07-27T07:52:27.000Z,52.354305,4.851297,420,4
122925.316_484934.650-Rest,2020-07-27T07:52:43.000Z,52.351383,4.9164395,210,4
117629.719_486370.081-Rest,2020-07-27T07:52:53.000Z,52.36395,4.8385587,140,0
122804.596_485887.913-Rest,2020-07-27T07:52:59.000Z,52.359943,4.9145765,215,4
121397.828_484173.619-Rest,2020-07-27T07:53:02.000Z,52.34445,4.894097,130,0
121397.828_484173.619-Rest,2020-07-27T07:54:24.000Z,52.34445,4.894097,425,0
122969.327_484895.785-Rest,2020-07-27T07:55:09.000Z,52.351036,4.917089,155,4
122969.327_484895.785-Rest,2020-07-27T07:56:05.000Z,52.351036,4.917089,330,0
122882.124_485905.601-Rest,2020-07-27T07:56:09.000Z,52.360107,4.915713,310,4
122464.565_488371.755-Rest,2020-07-27T07:57:10.000Z,52.382244,4.9093447,2715,9
121289.653_484149.272-Rest,2020-07-27T07:57:27.000Z,52.344227,4.892512,320,7
121289.653_484149.272-Rest,2020-07-27T07:58:42.000Z,52.344227,4.892512,290,0
117437.478_486367.155-Rest,2020-07-27T07:59:23.000Z,52.363907,4.8357368,170,4
122769.011_485732.941-Rest,2020-07-27T07:59:44.000Z,52.358547,4.914069,105,4
117437.478_486367.155-Rest,2020-07-27T08:00:18.000Z,52.363907,4.8357368,290,0
118594.627_485203.622-Rest,2020-07-27T08:00:23.000Z,52.35353,4.8528504,710,6
122769.011_485732.941-Rest,2020-07-27T08:00:49.000Z,52.358547,4.914069,105,0
122897.241_484955.751-Rest,2020-07-27T08:01:15.000Z,52.35157,4.9160256,375,4
119100.499_488164.631-Rest,2020-07-27T08:01:47.000Z,52.380173,4.859959,375,70
119100.499_488164.631-Rest,2020-07-27T08:03:16.000Z,52.380173,4.859959,535,0
122807.846_484956.974-Rest,2020-07-27T08:04:08.000Z,52.351578,4.9147134,220,5
122616.070_485671.280-Rest,2020-07-27T08:04:47.000Z,52.357983,4.91183,115,4
118567.466_485077.861-Rest,2020-07-27T08:05:10.000Z,52.352398,4.8524656,395,6
122807.846_484956.974-Rest,2020-07-27T08:05:20.000Z,52.351578,4.9147134,290,0
122616.070_485671.280-Rest,2020-07-27T08:05:56.000Z,52.357983,4.91183,180,0
118832.658_485318.132-Rest,2020-07-27T08:06:51.000Z,52.354576,4.856332,245,3
118832.658_485318.132-Rest,2020-07-27T08:08:01.000Z,52.354576,4.856332,235,0
118532.607_484936.841-Rest,2020-07-27T08:09:24.000Z,52.351128,4.8519692,1120,6
124260.177_484921.581-Rest,2020-07-27T08:10:12.000Z,52.35134,4.9360323,245,3
122792.552_491327.097-Rest,2020-07-27T08:12:02.000Z,52.408825,4.9138784,2795,6
122287.509_484549.254-Rest,2020-07-27T08:12:37.000Z,52.34788,4.907116,70,2
121627.139_484411.184-Rest,2020-07-27T08:13:27.000Z,52.3466,4.8974385,220,3
121627.139_484411.184-Rest,2020-07-27T08:15:01.000Z,52.3466,4.8974385,195,0
124425.617_484799.828-Rest,2020-07-27T08:18:29.000Z,52.350254,4.9384713,410,3
118903.282_488487.954-Rest,2020-07-27T08:19:01.000Z,52.383068,4.857028,265,70
123745.598_486086.949-Rest,2020-07-27T08:19:33.000Z,52.361786,4.9283714,90,4
121279.719_491627.450-Rest,2020-07-27T08:20:13.000Z,52.411434,4.891616,2730,14
121279.719_491627.450-Rest,2020-07-27T08:20:16.000Z,52.411434,4.891616,2735,0
122208.437_483803.909-Rest,2020-07-27T08:22:28.000Z,52.34118,4.9060283,280,3
123697.383_486068.628-Rest,2020-07-27T08:22:52.000Z,52.361618,4.927665,200,2
118902.430_488546.432-Rest,2020-07-27T08:22:56.000Z,52.38359,4.8570094,200,70
118887.306_484928.437-Rest,2020-07-27T08:23:34.000Z,52.351074,4.857176,265,4
122208.437_483803.909-Rest,2020-07-27T08:24:01.000Z,52.34118,4.9060283,210,0
118887.306_484928.437-Rest,2020-07-27T08:24:45.000Z,52.351074,4.857176,285,0
124871.339_484003.346-Rest,2020-07-27T08:25:01.000Z,52.34312,4.945084,325,4
124975.689_486464.619-Rest,2020-07-27T08:26:39.000Z,52.36525,4.946396,215,5
123270.968_484716.696-Rest,2020-07-27T08:28:11.000Z,52.34944,4.921533,265,4
122179.514_483933.663-Rest,2020-07-27T08:29:13.000Z,52.342342,4.905591,0,3
123270.968_484716.696-Rest,2020-07-27T08:29:33.000Z,52.34944,4.921533,305,0
118465.512_485620.976-Rest,2020-07-27T08:30:01.000Z,52.357273,4.85091,740,6
123270.968_484716.696-Rest,2020-07-27T08:30:28.000Z,52.34944,4.921533,180,0
123640.357_486104.695-Rest,2020-07-27T08:30:29.000Z,52.36194,4.926825,365,2
119268.362_485015.646-Rest,2020-07-27T08:30:47.000Z,52.351883,4.862759,15,6
122179.514_483933.663-Rest,2020-07-27T08:31:37.000Z,52.342342,4.905591,230,0
118465.512_485620.976-Rest,2020-07-27T08:31:50.000Z,52.357273,4.85091,720,0
122422.666_484619.515-Rest,2020-07-27T08:33:58.000Z,52.348522,4.909093,735,3
119290.677_485094.125-Rest,2020-07-27T08:34:18.000Z,52.352592,4.863078,315,4
124920.404_483867.907-Rest,2020-07-27T08:34:52.000Z,52.341908,4.9458165,515,4
123481.807_486056.035-Rest,2020-07-27T08:35:51.000Z,52.361492,4.924502,1070,4
119554.942_484812.729-Rest,2020-07-27T08:36:33.000Z,52.35008,4.8669863,140,3
122410.759_484681.373-Rest,2020-07-27T08:36:39.000Z,52.349075,4.908912,350,3
123481.807_486056.035-Rest,2020-07-27T08:36:50.000Z,52.361492,4.924502,295,0
118831.925_488646.467-Rest,2020-07-27T08:37:04.000Z,52.384487,4.8559628,0,4
122410.759_484681.373-Rest,2020-07-27T08:37:51.000Z,52.349075,4.908912,45,0
125034.628_483989.920-Rest,2020-07-27T08:38:15.000Z,52.34301,4.9474816,270,6
125034.628_483989.920-Rest,2020-07-27T08:39:45.000Z,52.34301,4.9474816,405,0
123437.197_484995.554-Rest,2020-07-27T08:39:46.000Z,52.35196,4.9239464,275,6
118571.630_485426.537-Rest,2020-07-27T08:41:04.000Z,52.35553,4.852489,445,4
118944.749_488703.424-Rest,2020-07-27T08:41:58.000Z,52.385006,4.857614,245,69
123579.499_485033.751-Rest,2020-07-27T08:42:25.000Z,52.35231,4.9260316,225,6
119320.704_484863.330-Rest,2020-07-27T08:43:36.000Z,52.350517,4.8635435,415,3
119461.279_485097.597-Rest,2020-07-27T08:43:36.000Z,52.352634,4.865582,585,4
123880.413_486004.585-Rest,2020-07-27T08:44:23.000Z,52.361053,4.9303584,325,4
123636.407_485088.577-Rest,2020-07-27T08:44:38.000Z,52.352806,4.926862,230,3
124816.366_483768.140-Rest,2020-07-27T08:46:11.000Z,52.341007,4.9442987,190,4
123676.876_485059.389-Rest,2020-07-27T08:47:12.000Z,52.352547,4.9274583,275,3
124571.477_486108.058-Rest,2020-07-27T08:47:12.000Z,52.362022,4.9404936,550,3
122621.198_485596.886-Rest,2020-07-27T08:47:40.000Z,52.357315,4.9119124,265,4
121917.769_490990.359-Rest,2020-07-27T08:48:02.000Z,52.405746,4.901056,2280,8
123676.876_485059.389-Rest,2020-07-27T08:48:06.000Z,52.352547,4.9274583,285,0
120794.565_491862.796-Rest,2020-07-27T08:48:33.000Z,52.413517,4.884462,2010,2
122142.559_484098.471-Rest,2020-07-27T08:49:06.000Z,52.343822,4.9050326,270,3
122621.198_485596.886-Rest,2020-07-27T08:49:08.000Z,52.357315,4.9119124,280,0
124648.138_487316.196-Rest,2020-07-27T08:49:27.000Z,52.372883,4.94151,380,7
120068.198_484839.797-Rest,2020-07-27T08:50:32.000Z,52.350357,4.8745165,535,19
124648.138_487316.196-Rest,2020-07-27T08:50:41.000Z,52.372883,4.94151,135,0
123720.083_485146.355-Rest,2020-07-27T08:51:02.000Z,52.353333,4.9280844,220,3
121951.654_485283.551-Rest,2020-07-27T08:51:07.000Z,52.35446,4.902115,925,7
122142.559_484098.471-Rest,2020-07-27T08:51:53.000Z,52.343822,4.9050326,920,0
119533.617_485205.265-Rest,2020-07-27T08:51:54.000Z,52.353607,4.866632,525,4
123002.185_485586.255-Rest,2020-07-27T08:52:17.000Z,52.357243,4.9175057,780,0
124594.204_486054.385-Rest,2020-07-27T08:52:41.000Z,52.36154,4.940832,280,20
122055.159_485322.049-Rest,2020-07-27T08:54:24.000Z,52.354813,4.9036307,1425,5
119829.110_484578.619-Rest,2020-07-27T08:54:52.000Z,52.347992,4.8710346,225,12
123002.185_485586.255-Rest,2020-07-27T08:54:55.000Z,52.357243,4.9175057,835,0
119741.679_485152.680-Rest,2020-07-27T08:56:02.000Z,52.353146,4.8696914,245,6
123647.540_485201.296-Rest,2020-07-27T08:56:41.000Z,52.35382,4.927015,170,3
119741.679_485152.680-Rest,2020-07-27T08:57:10.000Z,52.353146,4.8696914,260,0
121472.015_491002.943-Rest,2020-07-27T08:57:20.000Z,52.405834,4.8945045,2625,12
125147.482_487462.828-Rest,2020-07-27T08:57:32.000Z,52.37423,4.948829,555,7
123647.540_485201.296-Rest,2020-07-27T08:57:43.000Z,52.35382,4.927015,170,0
122757.349_485608.714-Rest,2020-07-27T08:57:44.000Z,52.35743,4.91391,70,1
122178.222_485334.172-Rest,2020-07-27T08:58:07.000Z,52.354927,4.9054356,680,7
122757.349_485608.714-Rest,2020-07-27T08:58:57.000Z,52.35743,4.91391,125,0
118137.842_488902.408-Rest,2020-07-27T09:00:14.000Z,52.38674,4.8457403,1275,11
120349.078_482617.510-Rest,2020-07-27T09:00:33.000Z,52.330402,4.878867,930,5
125290.067_480518.596-Rest,2020-07-27T09:00:48.000Z,52.311825,4.951536,280,3
123580.487_485148.981-Rest,2020-07-27T09:01:05.000Z,52.353348,4.9260354,230,3
122122.572_484196.926-Rest,2020-07-27T09:01:25.000Z,52.344704,4.90473,355,3
122055.159_485322.049-Rest,2020-07-27T09:01:43.000Z,52.354813,4.9036307,1050,0
125290.067_480518.596-Rest,2020-07-27T09:02:03.000Z,52.311825,4.951536,395,0
123580.487_485148.981-Rest,2020-07-27T09:02:10.000Z,52.353348,4.9260354,325,0
122122.572_484196.926-Rest,2020-07-27T09:03:44.000Z,52.344704,4.90473,185,0
122867.404_485824.579-Rest,2020-07-27T09:03:45.000Z,52.359375,4.9155045,115,4
122897.087_485539.803-Rest,2020-07-27T09:04:10.000Z,52.35682,4.9159675,595,7
123914.773_490251.171-Rest,2020-07-27T09:04:45.000Z,52.39922,4.93047,2745,9
121874.086_485188.919-Rest,2020-07-27T09:05:16.000Z,52.353603,4.9009857,1105,7
119886.122_482766.828-Rest,2020-07-27T09:05:20.000Z,52.331715,4.8720603,175,4
125380.399_480502.637-Rest,2020-07-27T09:06:18.000Z,52.311687,4.9528623,400,3
122897.087_485539.803-Rest,2020-07-27T09:07:00.000Z,52.35682,4.9159675,915,0
121715.409_485153.528-Rest,2020-07-27T09:08:34.000Z,52.35328,4.89866,545,0
119333.757_484172.489-Rest,2020-07-27T09:10:06.000Z,52.34431,4.863808,765,7
122752.058_485787.982-Rest,2020-07-27T09:10:48.000Z,52.35904,4.913815,70,4
119333.757_484172.489-Rest,2020-07-27T09:11:24.000Z,52.34431,4.863808,430,0
122238.076_492641.967-Rest,2020-07-27T09:11:26.000Z,52.42061,4.9056015,2545,10
121806.630_485131.040-Rest,2020-07-27T09:11:58.000Z,52.35308,4.9000015,780,7
122752.058_485787.982-Rest,2020-07-27T09:12:01.000Z,52.35904,4.913815,220,0
121820.716_484181.138-Rest,2020-07-27T09:12:03.000Z,52.344543,4.900302,335,4
124458.654_487341.764-Rest,2020-07-27T09:14:17.000Z,52.373104,4.9387255,325,7
121941.673_485167.708-Rest,2020-07-27T09:14:39.000Z,52.35342,4.90198,340,3
123223.300_485343.011-Rest,2020-07-27T09:15:01.000Z,52.35507,4.9207745,320,0
124458.654_487341.764-Rest,2020-07-27T09:15:27.000Z,52.373104,4.9387255,380,0
119407.384_484095.472-Rest,2020-07-27T09:16:03.000Z,52.343624,4.864897,910,7
121906.475_485249.949-Rest,2020-07-27T09:17:47.000Z,52.354156,4.9014554,625,3
119542.737_484164.293-Rest,2020-07-27T09:21:14.000Z,52.34425,4.8668756,715,4
121429.690_493056.466-Rest,2020-07-27T09:23:18.000Z,52.424286,4.8936768,2355,13
124570.423_487794.353-Rest,2020-07-27T09:24:22.000Z,52.37718,4.9403257,650,4
121370.656_485220.029-Rest,2020-07-27T09:24:35.000Z,52.353855,4.893594,1040,7
122710.293_485465.078-Rest,2020-07-27T09:26:41.000Z,52.356136,4.913233,355,4
122611.356_485427.337-Rest,2020-07-27T09:29:41.000Z,52.355793,4.911784,390,4
124280.974_489794.945-Rest,2020-07-27T09:30:14.000Z,52.39514,4.935892,2745,7
121805.326_484504.157-Rest,2020-07-27T09:32:26.000Z,52.347446,4.9000444,5,4
121050.508_492922.169-Rest,2020-07-27T09:32:29.000Z,52.423054,4.888116,2565,7
121805.326_484504.157-Rest,2020-07-27T09:34:32.000Z,52.347446,4.9000444,1240,0
124015.061_485111.633-Rest,2020-07-27T09:38:12.000Z,52.353035,4.9324174,660,4
122137.432_483997.143-Rest,2020-07-27T09:45:11.000Z,52.34291,4.9049673,455,4
116745.076_485841.395-Rest,2020-07-27T09:46:44.000Z,52.359135,4.8256316,610,4
122137.432_483997.143-Rest,2020-07-27T09:47:01.000Z,52.34291,4.9049673,170,0
116745.076_485841.395-Rest,2020-07-27T09:47:58.000Z,52.359135,4.8256316,105,0
122617.466_485879.667-Rest,2020-07-27T09:48:58.000Z,52.359856,4.9118304,430,4
116745.076_485841.395-Rest,2020-07-27T09:49:00.000Z,52.359135,4.8256316,55,0
124393.097_486173.838-Rest,2020-07-27T09:52:01.000Z,52.362602,4.937869,385,5
122535.705_485828.928-Rest,2020-07-27T09:52:51.000Z,52.359398,4.910635,305,4
116947.267_485965.738-Rest,2020-07-27T09:52:56.000Z,52.360268,4.8285856,320,5
122132.003_483925.888-Rest,2020-07-27T09:52:59.000Z,52.34227,4.904895,400,4
116947.267_485965.738-Rest,2020-07-27T09:53:56.000Z,52.360268,4.8285856,190,0
122535.705_485828.928-Rest,2020-07-27T09:54:02.000Z,52.359398,4.910635,320,0
116947.014_486072.915-Rest,2020-07-27T09:57:04.000Z,52.36123,4.8285694,435,5
122132.003_483925.888-Rest,2020-07-27T09:57:16.000Z,52.34227,4.904895,210,0
116947.014_486072.915-Rest,2020-07-27T09:58:08.000Z,52.36123,4.8285694,295,0
124079.021_486110.123-Rest,2020-07-27T10:00:23.000Z,52.36201,4.9332643,295,2
122719.209_485836.181-Rest,2020-07-27T10:01:33.000Z,52.359474,4.913328,250,4
117031.087_485869.480-Rest,2020-07-27T10:01:57.000Z,52.35941,4.829827,360,5
117031.087_485869.480-Rest,2020-07-27T10:03:01.000Z,52.35941,4.829827,110,0
124789.174_481630.282-Rest,2020-07-27T10:03:53.000Z,52.32179,4.9440913,95,4
122120.533_483785.461-Rest,2020-07-27T10:03:55.000Z,52.341007,4.9047403,300,4
117227.046_485847.358-Rest,2020-07-27T10:06:16.000Z,52.359222,4.8327055,320,4
122120.533_483785.461-Rest,2020-07-27T10:06:53.000Z,52.341007,4.9047403,220,0
117227.046_485847.358-Rest,2020-07-27T10:07:12.000Z,52.359222,4.8327055,430,0
124946.269_482120.006-Rest,2020-07-27T10:07:28.000Z,52.3262,4.946352,125,0
117140.064_485984.055-Rest,2020-07-27T10:11:07.000Z,52.360447,4.8314137,230,5
117140.064_485984.055-Rest,2020-07-27T10:12:04.000Z,52.360447,4.8314137,540,0
124196.958_485916.060-Rest,2020-07-27T10:13:19.000Z,52.360275,4.9350133,545,3
118302.259_484764.123-Rest,2020-07-27T10:15:54.000Z,52.34956,4.848607,1150,6
122141.285_484482.149-Rest,2020-07-27T10:18:10.000Z,52.347267,4.904977,125,7
122141.285_484482.149-Rest,2020-07-27T10:19:10.000Z,52.347267,4.904977,75,0
122970.715_486091.266-Rest,2020-07-27T10:20:02.000Z,52.36178,4.9169955,325,4
117201.525_486246.720-Rest,2020-07-27T10:20:18.000Z,52.36281,4.8322864,405,5
117201.525_486246.720-Rest,2020-07-27T10:21:17.000Z,52.36281,4.8322864,305,0
124670.846_485715.844-Rest,2020-07-27T10:21:36.000Z,52.3585,4.941988,430,4
117069.354_486244.785-Rest,2020-07-27T10:23:41.000Z,52.362785,4.830346,225,5
124147.896_485036.198-Rest,2020-07-27T10:25:11.000Z,52.352364,4.934374,385,4
116938.391_486244.102-Rest,2020-07-27T10:26:20.000Z,52.36277,4.8284235,335,5
124147.896_485036.198-Rest,2020-07-27T10:26:22.000Z,52.352364,4.934374,290,0
124395.149_485048.589-Rest,2020-07-27T10:31:03.000Z,52.35249,4.9380016,75,3
123782.430_484453.888-Rest,2020-07-27T10:31:35.000Z,52.34711,4.929064,35,6
123844.020_484363.877-Rest,2020-07-27T10:34:45.000Z,52.346306,4.929976,280,6
123539.846_485825.665-Rest,2020-07-27T10:35:25.000Z,52.359425,4.9253755,230,4
117275.711_488202.049-Rest,2020-07-27T10:36:45.000Z,52.380386,4.8331556,415,4
123539.846_485825.665-Rest,2020-07-27T10:36:59.000Z,52.359425,4.9253755,375,0
117275.711_488202.049-Rest,2020-07-27T10:37:37.000Z,52.380386,4.8331556,370,0
123716.024_484114.791-Rest,2020-07-27T10:37:42.000Z,52.34406,4.9281206,725,6
123929.401_484276.162-Rest,2020-07-27T10:39:19.000Z,52.34552,4.931237,125,6
123454.574_485789.843-Rest,2020-07-27T10:40:06.000Z,52.3591,4.924127,345,4
117344.100_488183.047-Rest,2020-07-27T10:40:10.000Z,52.380222,4.834162,220,4
117344.100_488183.047-Rest,2020-07-27T10:41:04.000Z,52.380222,4.834162,240,0
124347.512_487725.912-Rest,2020-07-27T10:42:03.000Z,52.37655,4.9370584,300,4
124081.935_484119.146-Rest,2020-07-27T10:42:40.000Z,52.34412,4.93349,65,6
123352.392_485742.922-Rest,2020-07-27T10:43:02.000Z,52.35867,4.9226317,270,4
124347.512_487725.912-Rest,2020-07-27T10:43:18.000Z,52.37655,4.9370584,60,0
117413.807_488164.799-Rest,2020-07-27T10:43:26.000Z,52.380062,4.835188,245,4
123676.876_485059.389-Rest,2020-07-27T10:44:13.000Z,52.352547,4.9274583,95,0
117413.807_488164.799-Rest,2020-07-27T10:44:25.000Z,52.380062,4.835188,155,0
124347.512_487725.912-Rest,2020-07-27T10:44:28.000Z,52.37655,4.9370584,55,0
123242.793_485698.636-Rest,2020-07-27T10:46:15.000Z,52.358265,4.921027,430,4
124054.333_484218.540-Rest,2020-07-27T10:46:42.000Z,52.345013,4.933076,225,6
123242.793_485698.636-Rest,2020-07-27T10:47:50.000Z,52.358265,4.921027,865,0
118288.054_484967.674-Rest,2020-07-27T10:48:49.000Z,52.351387,4.8483763,995,7
118303.535_484867.004-Rest,2020-07-27T10:52:33.000Z,52.350487,4.8486147,715,6
124589.884_485235.611-Rest,2020-07-27T10:52:44.000Z,52.354183,4.9408426,150,3
123995.550_491142.909-Rest,2020-07-27T10:52:49.000Z,52.407238,4.9315743,2630,7
123056.817_485617.456-Rest,2020-07-27T10:53:20.000Z,52.357525,4.918305,310,3
123056.817_485617.456-Rest,2020-07-27T10:54:51.000Z,52.357525,4.918305,355,0
123135.089_485650.555-Rest,2020-07-27T11:01:03.000Z,52.35783,4.9194508,380,4
123135.089_485650.555-Rest,2020-07-27T11:02:23.000Z,52.35783,4.9194508,250,0
118606.150_484295.065-Rest,2020-07-27T11:05:50.000Z,52.345364,4.853118,395,4
124074.232_490989.870-Rest,2020-07-27T11:06:40.000Z,52.40587,4.9327445,2560,7
124074.232_490989.870-Rest,2020-07-27T11:06:46.000Z,52.40587,4.9327445,2560,0
118606.150_484295.065-Rest,2020-07-27T11:07:00.000Z,52.345364,4.853118,285,0
120250.543_485229.096-Rest,2020-07-27T11:07:09.000Z,52.353867,4.8771524,390,6
118206.995_488819.309-Rest,2020-07-27T11:11:01.000Z,52.385998,4.846765,280,54
118206.995_488819.309-Rest,2020-07-27T11:12:37.000Z,52.385998,4.846765,420,0
119423.930_484220.427-Rest,2020-07-27T11:13:53.000Z,52.34475,4.865126,420,4
118206.995_488819.309-Rest,2020-07-27T11:14:05.000Z,52.385998,4.846765,0,0
123988.589_490911.908-Rest,2020-07-27T11:16:31.000Z,52.405163,4.9314933,2545,10
119501.749_484285.284-Rest,2020-07-27T11:17:22.000Z,52.345337,4.8662615,1020,7
118569.336_487977.853-Rest,2020-07-27T11:23:54.000Z,52.37846,4.8521786,0,9
118569.336_487977.853-Rest,2020-07-27T11:25:32.000Z,52.37846,4.8521786,15,0
118244.089_484816.110-Rest,2020-07-27T11:26:36.000Z,52.350025,4.847748,1165,11
118594.553_487896.024-Rest,2020-07-27T11:30:38.000Z,52.377728,4.8525577,195,69
118559.034_487852.624-Rest,2020-07-27T11:34:33.000Z,52.377335,4.852041,375,118
122932.353_490199.517-Rest,2020-07-27T11:35:01.000Z,52.3987,4.9160404,2905,14
117606.462_487800.441-Rest,2020-07-27T11:35:58.000Z,52.3768,4.838058,425,5
118526.080_487889.879-Rest,2020-07-27T11:39:22.000Z,52.377666,4.851553,215,69
118526.080_487889.879-Rest,2020-07-27T11:40:47.000Z,52.377666,4.851553,245,0
122764.153_490246.151-Rest,2020-07-27T11:44:55.000Z,52.39911,4.9135647,2515,6
120598.075_482072.042-Rest,2020-07-27T11:44:58.000Z,52.325516,4.882576,110,5
118505.027_487958.080-Rest,2020-07-27T11:45:12.000Z,52.378277,4.8512363,0,69
120598.075_482072.042-Rest,2020-07-27T11:49:29.000Z,52.325516,4.882576,805,0
118451.940_487891.203-Rest,2020-07-27T11:54:28.000Z,52.377674,4.850464,0,69
118457.405_487868.614-Rest,2020-07-27T11:58:45.000Z,52.377472,4.850547,325,69
118883.764_487803.203-Rest,2020-07-27T11:59:18.000Z,52.37691,4.856815,0,4
118457.405_487868.614-Rest,2020-07-27T12:00:17.000Z,52.377472,4.850547,10,0
118883.764_487803.203-Rest,2020-07-27T12:01:11.000Z,52.37691,4.856815,285,0
118907.883_487612.059-Rest,2020-07-27T12:04:41.000Z,52.375195,4.8571897,425,4
118477.301_487811.892-Rest,2020-07-27T12:05:14.000Z,52.376965,4.850845,270,69
120399.691_482054.793-Rest,2020-07-27T12:07:21.000Z,52.325348,4.8796678,135,7
118477.301_487811.892-Rest,2020-07-27T12:07:34.000Z,52.376965,4.850845,990,0
118854.241_487585.638-Rest,2020-07-27T12:08:35.000Z,52.374954,4.856405,210,4
118862.895_487866.223-Rest,2020-07-27T12:15:03.000Z,52.377476,4.8565016,1140,6
118862.895_487866.223-Rest,2020-07-27T12:16:27.000Z,52.377476,4.8565016,190,0
118848.805_487943.202-Rest,2020-07-27T12:20:00.000Z,52.378166,4.8562865,970,4
118388.431_487797.540-Rest,2020-07-27T12:20:46.000Z,52.376827,4.8495417,10,69
118821.713_487898.125-Rest,2020-07-27T12:23:17.000Z,52.37776,4.8558936,435,4
118321.615_487776.167-Rest,2020-07-27T12:25:43.000Z,52.376633,4.8485627,190,69
118788.031_487897.816-Rest,2020-07-27T12:26:54.000Z,52.377754,4.855399,265,4
118756.448_487884.773-Rest,2020-07-27T12:30:38.000Z,52.377636,4.8549366,285,4
118286.494_487762.803-Rest,2020-07-27T12:30:57.000Z,52.37651,4.848048,350,12
118286.494_487762.803-Rest,2020-07-27T12:32:31.000Z,52.37651,4.848048,175,0
118725.173_487858.977-Rest,2020-07-27T12:34:18.000Z,52.377403,4.85448,1000,4
118266.836_487863.236-Rest,2020-07-27T12:36:59.000Z,52.37741,4.8477488,305,12
118266.836_487863.236-Rest,2020-07-27T12:38:24.000Z,52.37741,4.8477488,275,0
118330.996_487852.700-Rest,2020-07-27T12:42:31.000Z,52.37732,4.848692,5,69
118252.739_487686.908-Rest,2020-07-27T12:47:13.000Z,52.375824,4.847561,0,37
119048.023_487263.864-Rest,2020-07-27T12:47:34.000Z,52.372074,4.859285,340,4
119048.023_487263.864-Rest,2020-07-27T12:51:53.000Z,52.372074,4.859285,0,0
119045.674_487350.904-Rest,2020-07-27T12:55:21.000Z,52.372856,4.859241,330,4
118163.804_487857.992-Rest,2020-07-27T12:57:12.000Z,52.377357,4.846236,1900,5
119032.137_487425.018-Rest,2020-07-27T12:58:55.000Z,52.373524,4.8590345,500,4
119142.125_487570.281-Rest,2020-07-27T13:02:56.000Z,52.374836,4.860634,270,4
119285.205_487556.169-Rest,2020-07-27T13:07:43.000Z,52.374718,4.862736,390,4
119303.717_487438.825-Rest,2020-07-27T13:11:31.000Z,52.373665,4.863021,345,7
119316.270_487327.087-Rest,2020-07-27T13:15:13.000Z,52.37266,4.863217,285,4
119319.896_487231.403-Rest,2020-07-27T13:18:45.000Z,52.371803,4.8632803,0,7
119221.628_487515.371-Rest,2020-07-27T15:02:32.000Z,52.374348,4.8618073,600,4
119221.628_487515.371-Rest,2020-07-27T15:03:55.000Z,52.374348,4.8618073,435,0
119248.415_487362.761-Rest,2020-07-27T15:07:01.000Z,52.37298,4.862217,365,4
119248.415_487362.761-Rest,2020-07-27T15:08:16.000Z,52.37298,4.862217,465,0
119253.479_487186.925-Rest,2020-07-27T15:12:50.000Z,52.3714,4.86231,570,6
119253.479_487186.925-Rest,2020-07-27T15:14:06.000Z,52.3714,4.86231,0,0
119248.860_487243.122-Rest,2020-07-27T15:17:28.000Z,52.371902,4.862236,285,7
119248.860_487243.122-Rest,2020-07-27T15:18:42.000Z,52.371902,4.862236,375,0
119202.825_487257.225-Rest,2020-07-27T15:21:25.000Z,52.372025,4.8615584,430,4
119202.825_487257.225-Rest,2020-07-27T15:22:55.000Z,52.372025,4.8615584,915,0
119178.176_487378.314-Rest,2020-07-27T15:25:58.000Z,52.37311,4.8611836,345,4
119178.176_487378.314-Rest,2020-07-27T15:27:18.000Z,52.37311,4.8611836,375,0
119163.274_487501.941-Rest,2020-07-27T15:30:38.000Z,52.37422,4.860952,290,4
119091.085_487156.276-Rest,2020-07-27T15:37:28.000Z,52.371113,4.8599286,250,7
119091.085_487156.276-Rest,2020-07-27T15:38:40.000Z,52.371113,4.8599286,475,0
119112.439_487012.873-Rest,2020-07-27T15:41:56.000Z,52.369823,4.8602576,340,7
119112.439_487012.873-Rest,2020-07-27T15:43:46.000Z,52.369823,4.8602576,1105,0
119103.295_486888.007-Rest,2020-07-27T15:47:20.000Z,52.368702,4.8601365,425,7
119103.295_486888.007-Rest,2020-07-27T15:48:42.000Z,52.368702,4.8601365,320,0
119215.159_486810.069-Rest,2020-07-27T15:53:13.000Z,52.368008,4.8617873,310,7
119215.159_486810.069-Rest,2020-07-27T15:54:29.000Z,52.368008,4.8617873,245,0
119221.870_486727.589-Rest,2020-07-27T15:59:05.000Z,52.367268,4.8618946,1005,7
118904.571_487034.150-Rest,2020-07-27T16:16:25.000Z,52.370003,4.857203,285,28
