id,lat,long
112739.485_487842.301-Rest,52.376823,4.7665815
112973.480_485077.400-Rest,52.351994,4.7703633
113011.560_484957.980-Rest,52.350925,4.7709374
113043.960_485172.926-Rest,52.35286,4.771386
113048.608_487543.943-Rest,52.37417,4.771158
113095.022_485087.761-Rest,52.352097,4.772146
113103.780_485014.560-Rest,52.35144,4.7722836
113105.048_484894.139-Rest,52.350357,4.7723174
113128.774_485120.766-Rest,52.352394,4.7726374
113140.137_485134.234-Rest,52.352516,4.7728024
113175.566_485179.983-Rest,52.352932,4.773317
113192.478_484837.346-Rest,52.349854,4.7736077
113204.437_485258.428-Rest,52.353638,4.7737308
113213.498_484941.461-Rest,52.350792,4.773903
113224.090_485076.352-Rest,52.352005,4.7740417
113274.781_485260.492-Rest,52.35366,4.774763
113298.766_484885.517-Rest,52.350296,4.7751613
113304.419_485380.335-Rest,52.35474,4.775183
113305.944_484761.246-Rest,52.34918,4.7752824
113317.191_485273.069-Rest,52.35378,4.775384
113334.394_485003.652-Rest,52.35136,4.7756696
113335.758_485074.057-Rest,52.35199,4.775681
113341.753_485215.886-Rest,52.353268,4.7757516
113356.637_484969.360-Rest,52.35105,4.7760005
113373.895_485236.718-Rest,52.353455,4.776221
113382.040_485496.552-Rest,52.355793,4.776308
113399.055_485410.843-Rest,52.355022,4.7765684
113407.612_485405.185-Rest,52.354973,4.776695
113432.147_484930.673-Rest,52.35071,4.7771134
113437.136_485193.385-Rest,52.353073,4.777154
113437.470_485150.927-Rest,52.35269,4.7771645
113439.140_485322.697-Rest,52.354233,4.777168
113447.145_484690.574-Rest,52.348553,4.7773633
113451.838_485351.959-Rest,52.354496,4.7773504
113465.181_485366.952-Rest,52.354633,4.7775445
113469.618_484983.079-Rest,52.351185,4.777657
113486.171_485117.122-Rest,52.35239,4.777883
113489.607_485159.552-Rest,52.35277,4.7779284
113491.888_485547.580-Rest,52.35626,4.777914
113496.029_484746.173-Rest,52.349056,4.778074
113512.037_485329.863-Rest,52.354305,4.7782364
113515.692_484631.464-Rest,52.348026,4.7783766
113516.283_485630.432-Rest,52.357006,4.7782617
113520.958_485095.013-Rest,52.352196,4.7783966
113556.243_485505.457-Rest,52.355885,4.778864
113559.654_484838.184-Rest,52.349888,4.778996
113579.348_485290.552-Rest,52.353954,4.7792296
113584.115_485556.591-Rest,52.356346,4.779267
113587.907_485192.335-Rest,52.353073,4.779367
113594.266_485749.576-Rest,52.35808,4.779392
113602.624_484746.555-Rest,52.349068,4.779638
113606.635_485471.776-Rest,52.355587,4.779608
113611.241_484884.546-Rest,52.350307,4.7797475
113628.989_484556.097-Rest,52.34736,4.7800484
113648.455_485636.689-Rest,52.35707,4.780201
113665.363_485420.512-Rest,52.35513,4.780476
113675.751_485676.657-Rest,52.357433,4.7805967
113676.377_485324.071-Rest,52.354263,4.780649
113686.738_484756.378-Rest,52.349163,4.7808714
113687.286_485126.332-Rest,52.35249,4.7808337
113687.742_485561.559-Rest,52.3564,4.780787
113694.662_484969.570-Rest,52.351078,4.7809615
113700.368_485018.453-Rest,52.35152,4.781039
113705.217_484505.660-Rest,52.346912,4.781173
113712.987_484683.448-Rest,52.34851,4.7812653
113717.360_484813.697-Rest,52.34968,4.7813134
113729.043_485775.656-Rest,52.358326,4.781367
113732.742_485457.313-Rest,52.355465,4.7814603
113738.948_484619.763-Rest,52.34794,4.7816544
113756.503_484607.988-Rest,52.347836,4.7819133
113768.825_484918.957-Rest,52.35063,4.782056
113781.869_485156.139-Rest,52.352764,4.7822185
113784.156_485263.238-Rest,52.353725,4.782239
113785.381_485683.201-Rest,52.3575,4.782205
113790.734_485150.916-Rest,52.35272,4.782349
113804.261_485542.373-Rest,52.356236,4.7825
113807.583_484673.223-Rest,52.348423,4.782655
113807.715_484893.040-Rest,52.3504,4.78263
113810.041_484945.517-Rest,52.350872,4.7826576
113814.528_484683.268-Rest,52.348515,4.7827554
113822.559_485069.237-Rest,52.351986,4.782826
113829.086_484737.930-Rest,52.349007,4.7829623
113838.579_485577.546-Rest,52.356556,4.782999
113862.373_485140.053-Rest,52.352623,4.783402
113871.829_485294.522-Rest,52.35401,4.7835217
113879.287_485716.767-Rest,52.357807,4.78358
113879.330_484844.508-Rest,52.349968,4.7836866
113885.549_485680.118-Rest,52.35748,4.783676
113891.215_484527.453-Rest,52.347122,4.7839
113901.773_485468.821-Rest,52.355583,4.78394
113902.837_484405.110-Rest,52.346024,4.7840858
113906.381_485722.071-Rest,52.357857,4.7839766
113911.962_484606.243-Rest,52.34783,4.784195
113912.572_484440.775-Rest,52.346344,4.784224
113917.966_485603.044-Rest,52.35679,4.784161
113919.168_485330.387-Rest,52.35434,4.784212
113920.692_485004.373-Rest,52.35141,4.7842746
113921.629_484871.006-Rest,52.350212,4.7843046
113927.115_484363.900-Rest,52.345654,4.7844467
113929.774_485256.275-Rest,52.353672,4.784377
113948.179_485735.268-Rest,52.35798,4.784589
113948.639_485036.928-Rest,52.351704,4.7846804
113964.559_484492.889-Rest,52.346817,4.784981
113968.565_485066.483-Rest,52.35197,4.7849693
113975.652_485063.219-Rest,52.351944,4.7850738
113980.857_485483.552-Rest,52.35572,4.785099
113989.492_485390.891-Rest,52.35489,4.785237
113990.551_485215.229-Rest,52.35331,4.785274
114002.027_484315.087-Rest,52.345222,4.785552
114009.335_485613.935-Rest,52.356895,4.785501
114013.457_484427.780-Rest,52.346233,4.785706
114016.908_484999.626-Rest,52.351376,4.785687
114020.550_484781.198-Rest,52.34941,4.785767
114026.008_484620.656-Rest,52.34797,4.7858667
114027.055_484902.470-Rest,52.350502,4.7858477
114036.446_484621.799-Rest,52.34798,4.78602
114044.218_484356.830-Rest,52.3456,4.786166
114046.541_485570.754-Rest,52.35651,4.786052
114047.894_485179.097-Rest,52.35299,4.78612
114060.212_484399.620-Rest,52.345985,4.7863955
114064.108_485758.547-Rest,52.358196,4.7862873
114067.470_484802.906-Rest,52.34961,4.7864532
114075.751_484521.136-Rest,52.347076,4.7866087
114087.893_484223.757-Rest,52.344406,4.7868233
114088.478_485859.280-Rest,52.359104,4.786633
114090.205_485649.616-Rest,52.35722,4.7866836
114093.954_485762.041-Rest,52.35823,4.786725
114096.236_485401.928-Rest,52.354996,4.7868023
114100.806_485141.833-Rest,52.352657,4.786901
114103.111_485016.581-Rest,52.351532,4.78695
114111.138_485212.120-Rest,52.35329,4.787044
114114.011_484480.206-Rest,52.346714,4.787175
114116.453_484818.811-Rest,52.34976,4.78717
114122.349_484929.720-Rest,52.350754,4.787243
114125.669_485332.894-Rest,52.354378,4.787243
114131.792_484670.724-Rest,52.348427,4.787413
114139.980_485881.300-Rest,52.359306,4.7873864
114140.934_484520.874-Rest,52.34708,4.787565
114148.620_484698.324-Rest,52.348675,4.787657
114150.738_484632.758-Rest,52.348087,4.787696
114184.855_485884.238-Rest,52.359337,4.7880445
114185.165_484567.887-Rest,52.347507,4.788209
114188.450_484952.713-Rest,52.350964,4.7882104
114194.537_484195.692-Rest,52.344162,4.7883916
114200.748_484609.412-Rest,52.34788,4.7884326
114201.341_488220.802-Rest,52.380337,4.788003
114204.639_485461.759-Rest,52.35554,4.7883863
114209.973_485026.465-Rest,52.35163,4.7885175
114210.107_484849.960-Rest,52.350044,4.788541
114215.141_485790.258-Rest,52.358494,4.788501
114221.286_484774.399-Rest,52.349365,4.788714
114223.645_489486.695-Rest,52.391716,4.788177
114224.934_485249.205-Rest,52.353634,4.78871
114238.711_485406.488-Rest,52.355045,4.788893
114244.975_485696.401-Rest,52.357655,4.78895
114245.480_484658.173-Rest,52.348324,4.789083
114248.137_484275.675-Rest,52.344883,4.7891684
114250.481_484160.013-Rest,52.343845,4.789217
114255.428_485532.810-Rest,52.356182,4.789123
114261.744_485175.262-Rest,52.35297,4.789259
114265.322_485319.261-Rest,52.354263,4.7892942
114276.871_485603.250-Rest,52.35682,4.789429
114278.606_486289.412-Rest,52.362984,4.7893715
114282.570_484794.974-Rest,52.349556,4.789611
114287.312_485250.699-Rest,52.35365,4.789625
114289.124_484338.198-Rest,52.34545,4.7897625
114292.274_484798.098-Rest,52.349583,4.789753
114295.316_484753.309-Rest,52.349182,4.789803
114299.507_484127.413-Rest,52.343555,4.78994
114301.216_486200.260-Rest,52.362186,4.7897143
114310.069_484959.947-Rest,52.35104,4.7899942
114314.109_488373.133-Rest,52.381714,4.789641
114317.237_485478.655-Rest,52.3557,4.7900367
114321.153_486189.836-Rest,52.362095,4.7900085
114321.212_486135.099-Rest,52.361603,4.7900157
114326.549_485975.163-Rest,52.360165,4.7901134
114333.289_485933.062-Rest,52.359787,4.7902174
114346.482_485380.927-Rest,52.354824,4.7904778
114353.988_484091.003-Rest,52.34323,4.790744
114355.745_484895.659-Rest,52.350464,4.790673
114364.094_484449.169-Rest,52.34645,4.790849
114364.741_486053.526-Rest,52.36087,4.7906647
114364.805_485799.392-Rest,52.35859,4.790696
114368.683_488005.075-Rest,52.37841,4.790487
114369.468_486335.256-Rest,52.363403,4.7907
114372.297_484800.627-Rest,52.349613,4.790927
114376.055_485289.272-Rest,52.354004,4.790923
114387.784_483992.569-Rest,52.34235,4.7912517
114388.111_488340.552-Rest,52.381428,4.7907314
114402.339_489332.319-Rest,52.390343,4.7908206
114405.877_484169.416-Rest,52.34394,4.791496
114408.018_484517.279-Rest,52.34707,4.7914853
114408.205_485683.538-Rest,52.357548,4.7913475
114409.803_485957.457-Rest,52.360012,4.791338
114416.482_485841.627-Rest,52.35897,4.79145
114417.465_484411.097-Rest,52.346115,4.791637
114428.262_488374.197-Rest,52.381733,4.791317
114449.127_484235.026-Rest,52.344536,4.792123
114451.491_486109.962-Rest,52.361385,4.791931
114459.813_486364.366-Rest,52.36367,4.7920227
114461.630_488110.220-Rest,52.379364,4.791839
114462.684_485720.350-Rest,52.357883,4.792143
114464.932_485384.135-Rest,52.354862,4.7922163
114468.163_485522.995-Rest,52.35611,4.792247
114471.034_485628.299-Rest,52.357056,4.7922764
114500.543_485836.438-Rest,52.35893,4.7926846
114508.937_485714.022-Rest,52.35783,4.7928224
114516.314_485992.474-Rest,52.360332,4.792897
114525.275_484570.301-Rest,52.347553,4.7931995
114526.510_484225.723-Rest,52.344456,4.793259
114541.417_486387.551-Rest,52.363888,4.793218
114543.918_486138.089-Rest,52.361645,4.793285
114556.126_484394.705-Rest,52.345978,4.7936735
114559.598_485137.033-Rest,52.35265,4.7936354
114564.654_485745.071-Rest,52.358112,4.7936363
114568.121_485048.342-Rest,52.351852,4.7937713
114570.279_485255.559-Rest,52.353714,4.793778
114572.400_484538.865-Rest,52.347275,4.7938952
114572.874_486381.070-Rest,52.36383,4.7936807
114579.749_484429.945-Rest,52.346294,4.794016
114584.793_486293.442-Rest,52.363045,4.793866
114585.432_485341.431-Rest,52.35449,4.79399
114596.843_485647.323-Rest,52.35724,4.794121
114608.407_485746.590-Rest,52.35813,4.7942786
114610.365_485431.763-Rest,52.3553,4.794345
114610.472_485595.951-Rest,52.356777,4.794327
114615.759_483906.551-Rest,52.341595,4.794607
114616.861_484376.432-Rest,52.345818,4.794567
114624.333_485578.179-Rest,52.356617,4.7945323
114626.570_485685.364-Rest,52.357582,4.7945523
114635.915_486290.092-Rest,52.363018,4.794617
114639.151_485853.224-Rest,52.359093,4.794717
114642.041_485163.399-Rest,52.352894,4.7948422
114643.347_484393.475-Rest,52.345974,4.794954
114643.792_485151.549-Rest,52.352787,4.7948694
114645.595_488080.595-Rest,52.37911,4.794544
114647.865_486156.429-Rest,52.361816,4.7948084
114648.483_486092.658-Rest,52.361244,4.794825
114655.731_488513.994-Rest,52.383007,4.794641
114659.158_486037.681-Rest,52.360752,4.7949886
114666.704_488275.871-Rest,52.380867,4.794831
114666.756_485772.392-Rest,52.358368,4.7951317
114667.965_485714.075-Rest,52.35784,4.7951565
114669.521_485065.459-Rest,52.352013,4.795257
114674.680_485367.508-Rest,52.35473,4.7952967
114674.751_485553.149-Rest,52.356396,4.7952757
114678.289_486044.071-Rest,52.36081,4.7952685
114679.242_484998.679-Rest,52.351414,4.795408
114699.112_485289.525-Rest,52.35403,4.795665
114707.719_485449.810-Rest,52.355473,4.795772
114708.359_485777.961-Rest,52.35842,4.795742
114711.836_484932.979-Rest,52.350826,4.795894
114713.544_488275.215-Rest,52.380863,4.795519
114717.943_484681.017-Rest,52.348564,4.796014
114719.921_488351.586-Rest,52.38155,4.7956033
114724.904_485566.503-Rest,52.35652,4.79601
114731.180_487679.010-Rest,52.375507,4.7958493
114733.395_484865.176-Rest,52.35022,4.796219
114736.292_484255.376-Rest,52.344738,4.7963343
114741.194_486413.581-Rest,52.364136,4.796148
114741.694_485879.339-Rest,52.359333,4.7962193
114746.172_485335.674-Rest,52.354446,4.79635
114754.578_488144.873-Rest,52.379696,4.796137
114756.714_485199.951-Rest,52.35323,4.7965207
114756.720_488463.677-Rest,52.38256,4.79613
114757.694_488606.072-Rest,52.38384,4.7961273
114758.246_485828.071-Rest,52.358875,4.7964683
114761.404_486296.228-Rest,52.363083,4.7964587
114765.277_485442.926-Rest,52.35541,4.7966175
114767.717_488277.916-Rest,52.380894,4.7963142
114770.214_485097.329-Rest,52.352306,4.7967315
114774.247_488358.254-Rest,52.381615,4.7964
114774.387_485776.431-Rest,52.35841,4.7967114
114775.008_485584.341-Rest,52.356686,4.7967434
114779.898_485031.707-Rest,52.35172,4.796881
114781.550_485639.526-Rest,52.35718,4.796833
114794.253_485351.233-Rest,52.35459,4.797054
114794.563_485713.522-Rest,52.35785,4.797015
114800.787_487599.012-Rest,52.374794,4.7968807
114801.640_484095.745-Rest,52.343307,4.7973123
114802.732_486175.958-Rest,52.362003,4.7970796
114803.152_485296.905-Rest,52.354103,4.7971907
114807.587_485481.219-Rest,52.35576,4.797234
114810.483_486469.798-Rest,52.364647,4.7971582
114813.071_484818.892-Rest,52.349808,4.7973933
114813.199_484964.132-Rest,52.351112,4.797378
114813.643_486451.756-Rest,52.364483,4.797207
114815.842_488278.025-Rest,52.380898,4.797021
114818.932_488145.931-Rest,52.37971,4.797082
114821.105_488465.032-Rest,52.382576,4.7970757
114835.160_484896.669-Rest,52.35051,4.7977085
114839.726_488373.927-Rest,52.38176,4.79736
114839.990_486340.489-Rest,52.363483,4.797607
114847.286_485365.369-Rest,52.35472,4.7978306
114855.242_485454.628-Rest,52.355526,4.7979364
114859.851_486321.302-Rest,52.363316,4.7979007
114864.309_486314.050-Rest,52.36325,4.797967
114870.343_485129.873-Rest,52.352608,4.798197
114872.082_486011.284-Rest,52.36053,4.798117
114880.587_485063.815-Rest,52.352013,4.798355
114881.891_486205.263-Rest,52.362274,4.7982383
114884.777_488348.117-Rest,52.38153,4.7980247
114885.580_488230.869-Rest,52.380478,4.7980504
114886.271_488272.250-Rest,52.380848,4.7980556
114889.685_488466.116-Rest,52.38259,4.798083
114892.313_485325.990-Rest,52.35437,4.7984962
114894.664_485016.230-Rest,52.35159,4.7985673
114896.634_488087.964-Rest,52.379192,4.79823
114896.656_486209.883-Rest,52.362316,4.7984543
114897.221_488097.169-Rest,52.379276,4.7982373
114899.739_486498.397-Rest,52.36491,4.7984653
114904.358_487798.316-Rest,52.37659,4.798378
114906.095_488021.721-Rest,52.3786,4.798377
114908.000_487946.832-Rest,52.377926,4.7984138
114911.698_486459.779-Rest,52.364563,4.7986455
114911.977_485938.968-Rest,52.359882,4.798712
114913.293_484851.299-Rest,52.350105,4.7988605
114914.084_484995.852-Rest,52.351406,4.798855
114920.521_488595.856-Rest,52.383762,4.79852
114921.622_488593.922-Rest,52.383743,4.798537
114921.875_486364.021-Rest,52.3637,4.798806
114925.037_485237.019-Rest,52.353573,4.798987
114925.473_487795.163-Rest,52.376564,4.7986884
114931.098_487660.470-Rest,52.375355,4.798787
114931.470_486092.938-Rest,52.361267,4.7989793
114931.556_485295.573-Rest,52.3541,4.7990756
114935.856_484927.515-Rest,52.350792,4.7991824
114950.621_487865.125-Rest,52.377197,4.7990494
114961.220_486000.016-Rest,52.360435,4.799427
114963.800_488427.388-Rest,52.382248,4.7991757
114965.230_488349.609-Rest,52.38155,4.7992063
114975.663_487786.082-Rest,52.376488,4.7994266
114978.420_488272.487-Rest,52.38086,4.799409
114985.283_488088.814-Rest,52.379208,4.799532
114985.369_488098.760-Rest,52.3793,4.799532
114985.566_488023.168-Rest,52.37862,4.799544
114987.133_487950.579-Rest,52.377968,4.7995753
114997.101_485855.093-Rest,52.359135,4.799971
115002.855_486501.226-Rest,52.36494,4.7999787
115005.001_488589.785-Rest,52.383713,4.799762
115009.737_486152.616-Rest,52.36181,4.8001213
115010.122_487544.459-Rest,52.374317,4.7999616
115013.206_485152.600-Rest,52.35282,4.800291
115013.991_485035.364-Rest,52.35177,4.8003163
115014.304_484883.642-Rest,52.350407,4.800339
115022.999_486033.003-Rest,52.360737,4.80033
115026.677_485983.731-Rest,52.360294,4.8003902
115030.759_484336.410-Rest,52.34549,4.800646
115031.471_487723.324-Rest,52.375927,4.8002534
115035.400_487756.648-Rest,52.37623,4.8003073
115035.722_484958.807-Rest,52.35108,4.8006444
115037.642_485582.091-Rest,52.356686,4.8005986
115042.449_488432.766-Rest,52.382305,4.8003306
115048.201_487830.219-Rest,52.37689,4.8004866
115051.624_488099.920-Rest,52.379314,4.8005047
115054.793_486303.892-Rest,52.36317,4.8007646
115057.379_487952.269-Rest,52.377987,4.8006067
115058.888_488346.697-Rest,52.38153,4.800582
115059.859_487853.035-Rest,52.377094,4.800655
115060.254_488292.128-Rest,52.381042,4.8006086
115060.936_490533.045-Rest,52.40118,4.800352
115063.248_484447.883-Rest,52.346493,4.8011093
115064.058_487416.975-Rest,52.373177,4.8007684
115067.202_488591.431-Rest,52.38373,4.800675
115068.673_486452.697-Rest,52.36451,4.800951
115071.319_486355.626-Rest,52.36364,4.801001
115077.644_485828.850-Rest,52.358906,4.8011565
115079.877_488457.712-Rest,52.38253,4.800877
115080.966_486321.456-Rest,52.36333,4.801147
115083.774_485612.078-Rest,52.356956,4.8012724
115087.028_484261.868-Rest,52.344822,4.8014803
115087.204_485466.991-Rest,52.35565,4.8013396
115101.258_485723.764-Rest,52.35796,4.8015156
115102.652_488100.084-Rest,52.37932,4.8012543
115102.797_490167.778-Rest,52.3979,4.8010106
115104.395_486174.786-Rest,52.362015,4.8015084
115105.028_486261.905-Rest,52.362797,4.801507
115109.817_484175.386-Rest,52.344048,4.801825
115111.765_486025.531-Rest,52.360676,4.8016343
115114.872_485603.404-Rest,52.35688,4.8017297
115114.896_484595.520-Rest,52.347824,4.80185
115117.457_484916.218-Rest,52.350704,4.8018494
115126.066_488091.805-Rest,52.379246,4.801599
115127.680_485385.432-Rest,52.354923,4.801944
115128.218_486572.043-Rest,52.36559,4.8018107
115130.958_486473.014-Rest,52.364697,4.8018627
115134.897_484991.750-Rest,52.351387,4.8020964
115140.901_485390.566-Rest,52.35497,4.802137
115141.458_486219.384-Rest,52.36242,4.8020473
115141.762_486063.619-Rest,52.36102,4.80207
115146.245_484071.550-Rest,52.343117,4.8023715
115163.363_486368.704-Rest,52.36376,4.802351
115169.022_485696.702-Rest,52.357723,4.8025136
115169.870_487745.278-Rest,52.376133,4.8022833
115174.517_486118.541-Rest,52.361515,4.802544
115191.411_487824.498-Rest,52.376846,4.8025904
115193.918_487678.827-Rest,52.375538,4.8026443
115197.326_485406.791-Rest,52.35512,4.8029633
115197.905_487964.668-Rest,52.37811,4.802669
115198.841_488415.945-Rest,52.382164,4.8026295
115200.761_485920.904-Rest,52.35974,4.802953
115202.078_484341.181-Rest,52.345543,4.803159
115203.340_487447.413-Rest,52.37346,4.80281
115207.251_487451.759-Rest,52.3735,4.802867
115208.636_486238.095-Rest,52.36259,4.803031
115211.451_488367.568-Rest,52.38173,4.80282
115212.653_488298.326-Rest,52.381107,4.802846
115213.722_485075.571-Rest,52.352146,4.803243
115219.174_484506.540-Rest,52.34703,4.8033905
115223.296_487976.220-Rest,52.378212,4.8030405
115226.313_485650.495-Rest,52.35731,4.80336
115227.465_487568.685-Rest,52.37455,4.80315
115228.080_487841.078-Rest,52.377,4.803127
115228.169_485903.865-Rest,52.35959,4.803357
115233.185_484493.360-Rest,52.346912,4.8035975
115234.296_487740.320-Rest,52.376095,4.80323
115237.463_486141.026-Rest,52.36172,4.803466
115245.241_487974.892-Rest,52.378204,4.803363
115247.221_484960.900-Rest,52.351116,4.803748
115266.229_484532.569-Rest,52.347267,4.804078
115268.571_486042.815-Rest,52.36084,4.803934
115271.089_484718.928-Rest,52.34894,4.804127
115273.992_484037.118-Rest,52.342815,4.8042502
115278.307_487666.297-Rest,52.37543,4.803885
115280.229_487559.969-Rest,52.374477,4.803926
115281.138_488452.080-Rest,52.382496,4.8038335
115281.462_488427.917-Rest,52.38228,4.803841
115283.470_485253.913-Rest,52.353752,4.804246
115283.698_484206.743-Rest,52.34434,4.804373
115287.978_485672.116-Rest,52.35751,4.8042626
115290.399_485098.626-Rest,52.352356,4.8043656
115291.351_486530.450-Rest,52.365227,4.8042107
115291.599_488105.311-Rest,52.37938,4.8040285
115296.683_485086.169-Rest,52.352245,4.8044596
115297.254_487805.868-Rest,52.37669,4.804147
115300.739_486502.093-Rest,52.36497,4.804352
115305.233_488176.619-Rest,52.38002,4.80422
115306.995_488368.534-Rest,52.381744,4.8042235
115308.784_485443.570-Rest,52.355457,4.804595
115309.390_489336.821-Rest,52.39045,4.804144
115317.377_485018.512-Rest,52.35164,4.8047714
115320.858_485933.117-Rest,52.35986,4.804714
115321.548_488227.108-Rest,52.380474,4.804454
115323.767_486430.056-Rest,52.364326,4.8046985
115324.376_487975.638-Rest,52.378216,4.804525
115324.866_484986.841-Rest,52.351357,4.804885
115332.296_486403.224-Rest,52.364086,4.8048267
115339.257_486320.926-Rest,52.363346,4.804939
115341.260_487838.354-Rest,52.376984,4.804789
115341.487_488596.738-Rest,52.383797,4.8047028
115343.808_484316.616-Rest,52.345333,4.805242
115345.468_484515.078-Rest,52.34712,4.805243
115345.902_487423.084-Rest,52.373253,4.8049064
115348.928_487548.143-Rest,52.374374,4.804936
115350.780_484678.312-Rest,52.348583,4.8053017
115360.047_487652.788-Rest,52.375317,4.805087
115364.767_486639.711-Rest,52.36621,4.805276
115371.700_487790.830-Rest,52.37656,4.8052416
115384.546_487803.959-Rest,52.37668,4.805429
115386.079_485323.086-Rest,52.35438,4.8057437
115392.419_484301.147-Rest,52.345196,4.805957
115396.297_484540.566-Rest,52.34735,4.805986
115400.489_487977.226-Rest,52.378235,4.8056426
115401.395_484694.744-Rest,52.348736,4.806042
115401.512_485014.221-Rest,52.35161,4.8060064
115403.142_485975.122-Rest,52.36024,4.8059173
115404.896_485037.093-Rest,52.35181,4.8060536
115406.338_486444.578-Rest,52.36446,4.805909
115406.722_487715.234-Rest,52.37588,4.805765
115411.546_488606.957-Rest,52.383896,4.805731
115413.384_488455.207-Rest,52.382534,4.8057756
115414.577_488106.853-Rest,52.379402,4.8058343
115421.730_486296.672-Rest,52.363132,4.8061523
115425.564_486658.915-Rest,52.36639,4.806166
115429.055_488088.493-Rest,52.37924,4.806049
115429.538_485152.342-Rest,52.352848,4.8064017
115429.886_485483.148-Rest,52.355824,4.806368
115430.936_487977.694-Rest,52.378242,4.8060894
115444.790_488359.475-Rest,52.381676,4.806248
115446.393_487555.803-Rest,52.37445,4.8063664
115447.060_484556.710-Rest,52.347496,4.8067293
115453.112_484418.449-Rest,52.346256,4.8068337
115454.701_484208.272-Rest,52.344368,4.806882
115456.714_484050.030-Rest,52.342945,4.80693
115459.968_486670.310-Rest,52.366493,4.8066697
115461.288_486237.352-Rest,52.362602,4.8067403
115462.924_487778.693-Rest,52.376457,4.806583
115465.242_488146.382-Rest,52.37976,4.8065734
115465.250_488159.555-Rest,52.37988,4.806572
115465.429_484330.262-Rest,52.345463,4.807025
115467.338_484709.890-Rest,52.348877,4.8070083
115468.818_485558.625-Rest,52.356503,4.8069305
115469.343_485754.095-Rest,52.35826,4.8069153
115469.628_486165.288-Rest,52.361958,4.806871
115473.098_484422.169-Rest,52.34629,4.8071265
115482.916_485062.377-Rest,52.352047,4.8071957
115486.321_488411.274-Rest,52.38214,4.806852
115486.376_485761.864-Rest,52.358334,4.807164
115487.785_486470.600-Rest,52.3647,4.8071017
115498.027_486374.297-Rest,52.36384,4.8072634
115501.678_485867.253-Rest,52.35928,4.8073764
115510.339_485215.525-Rest,52.353424,4.80758
115510.561_488555.619-Rest,52.383442,4.807191
115514.541_485695.518-Rest,52.35774,4.8075852
115515.262_486329.919-Rest,52.363438,4.8075213
115537.197_485134.635-Rest,52.3527,4.807984
115546.603_485582.701-Rest,52.356728,4.808069
115553.411_485084.050-Rest,52.352245,4.8082275
115553.469_484450.596-Rest,52.346554,4.808303
115556.970_486255.891-Rest,52.362778,4.8081427
115565.281_484361.878-Rest,52.345757,4.8084865
115575.068_485018.345-Rest,52.351658,4.808553
115580.290_486174.585-Rest,52.36205,4.8084946
115591.046_484201.930-Rest,52.34432,4.808883
115591.885_484032.087-Rest,52.342793,4.8089156
115592.993_485405.407-Rest,52.355137,4.808771
115597.348_485446.570-Rest,52.355507,4.8088303
115607.258_484763.483-Rest,52.34937,4.8090553
115612.797_485348.010-Rest,52.35462,4.809068
115623.603_485307.624-Rest,52.35426,4.8092318
115625.244_485467.049-Rest,52.355694,4.809237
115630.213_486221.637-Rest,52.362473,4.8092217
115632.461_487569.603-Rest,52.374588,4.809097
115634.811_485023.749-Rest,52.351707,4.8094296
115644.374_484293.447-Rest,52.345146,4.809655
115647.161_485210.147-Rest,52.353386,4.809589
115651.713_484389.657-Rest,52.346012,4.8097515
115654.784_486134.990-Rest,52.3617,4.8095927
115656.982_484383.481-Rest,52.345955,4.8098297
115659.434_487362.769-Rest,52.37273,4.8095174
115659.892_484626.706-Rest,52.34814,4.809844
115663.543_485163.002-Rest,52.352962,4.809835
115664.390_487721.076-Rest,52.375954,4.809548
115678.032_485235.790-Rest,52.35362,4.810039
115681.415_485107.453-Rest,52.352463,4.810104
115688.484_487634.887-Rest,52.37518,4.8099117
115691.342_487497.575-Rest,52.373947,4.80997
115694.507_484494.543-Rest,52.34696,4.8103676
115697.390_488576.732-Rest,52.383644,4.8099327
115703.099_484127.578-Rest,52.34366,4.8105364
115712.362_489352.446-Rest,52.390617,4.8100615
115721.865_485432.398-Rest,52.35539,4.8106594
115736.047_485235.022-Rest,52.353615,4.8108907
115737.706_487718.534-Rest,52.375935,4.810625
115739.400_487925.092-Rest,52.377792,4.8106256
115742.285_484213.978-Rest,52.34444,4.8111014
115746.321_484055.408-Rest,52.343014,4.811179
115748.760_488086.423-Rest,52.379242,4.8107443
115750.487_484323.570-Rest,52.345425,4.8112087
115773.821_487484.347-Rest,52.373833,4.8111825
115781.954_487988.467-Rest,52.378365,4.811243
115782.462_487618.812-Rest,52.375042,4.8112936
115786.264_488028.712-Rest,52.378727,4.8113017
115788.323_487626.509-Rest,52.37511,4.811379
115789.185_485286.349-Rest,52.35408,4.8116646
115795.893_484834.312-Rest,52.350018,4.8118157
115797.194_484772.285-Rest,52.34946,4.811842
115798.061_484703.002-Rest,52.34884,4.811863
115798.063_484659.225-Rest,52.348446,4.8118677
115798.403_484633.859-Rest,52.348217,4.811876
115799.344_484519.314-Rest,52.347187,4.811903
115800.066_484458.413-Rest,52.34664,4.8119206
115800.135_484495.151-Rest,52.34697,4.8119173
115814.012_487690.097-Rest,52.375687,4.811749
115814.220_485402.668-Rest,52.355125,4.8120184
115816.955_487827.661-Rest,52.376923,4.811776
115817.619_484418.159-Rest,52.34628,4.812183
115820.510_487916.146-Rest,52.377716,4.8118176
115821.152_487336.987-Rest,52.372513,4.811895
115823.429_488076.811-Rest,52.37916,4.811842
115831.299_485213.403-Rest,52.353428,4.812291
115832.416_484138.870-Rest,52.34377,4.812433
115834.052_484338.861-Rest,52.34557,4.812433
115841.914_484038.967-Rest,52.342873,4.8125834
115845.306_485492.767-Rest,52.355938,4.812464
115860.257_487807.059-Rest,52.37674,4.812414
115866.298_485104.204-Rest,52.352448,4.8128176
115866.623_487681.221-Rest,52.37561,4.8125224
115868.779_485339.902-Rest,52.35457,4.8128266
115870.239_487853.215-Rest,52.377155,4.8125553
115873.694_488144.361-Rest,52.379772,4.8125725
115881.888_485566.119-Rest,52.3566,4.8129926
115882.504_487850.932-Rest,52.377136,4.812736
115884.217_487948.936-Rest,52.378017,4.8127494
115890.035_487883.438-Rest,52.377426,4.812843
115900.726_487946.459-Rest,52.377995,4.812992
115903.129_488534.848-Rest,52.38328,4.812959
115904.862_484303.533-Rest,52.345257,4.8134766
115909.193_485236.441-Rest,52.35364,4.8134317
115913.212_485460.477-Rest,52.355656,4.8134646
115917.011_487576.510-Rest,52.374672,4.8132744
115918.085_487461.894-Rest,52.373642,4.8133035
115923.272_487560.188-Rest,52.374523,4.8133683
115924.725_484793.492-Rest,52.34966,4.813711
115929.038_484411.814-Rest,52.34623,4.813819
115929.509_484207.898-Rest,52.3444,4.8138494
115930.450_484444.467-Rest,52.346523,4.8138356
115930.500_487884.174-Rest,52.377438,4.813437
115930.900_484043.528-Rest,52.342922,4.813889
115936.901_488135.799-Rest,52.3797,4.8135014
115938.882_487896.125-Rest,52.377544,4.8135586
115941.400_488005.689-Rest,52.37853,4.813583
115943.777_484651.849-Rest,52.34839,4.8140073
115943.990_488184.429-Rest,52.38014,4.8136
115944.367_484515.590-Rest,52.347164,4.8140316
115944.611_484419.326-Rest,52.3463,4.8140464
