id,lat,long,truck_num,date,weight,sum_weight
124589.884_485235.611-Rest,52.35417210388034,4.9408326130590225,truck0,2021-05-27T06:37:15.000Z,130.0,130.0
124376.436_485335.106-Rest,52.35508210389528,4.93764261291122,truck0,2021-05-27T06:42:36.000Z,385.0,515.0
124376.436_485335.106-Rest,52.35508210389528,4.93764261291122,truck0,2021-05-27T06:43:42.000Z,175.0,690.0
124395.149_485048.589-Rest,52.35248210388037,4.9379226129081655,truck0,2021-05-27T06:47:54.000Z,90.0,780.0
124260.177_484921.581-Rest,52.35127210388002,4.9359826128072175,truck0,2021-05-27T06:50:31.000Z,275.0,1055.0
124132.432_484950.220-Rest,52.351582103887466,4.93409261271833,truck0,2021-05-27T06:53:34.000Z,175.0,1230.0
124015.061_485111.633-Rest,52.352922103900006,4.932322612641623,truck0,2021-05-27T06:57:20.000Z,585.0,1815.0
123828.780_485123.239-Rest,52.35326210390992,4.929682612516804,truck0,2021-05-27T07:00:54.000Z,100.0,1915.0
123910.906_485449.386-Rest,52.35602210392162,4.930762612585843,truck0,2021-05-27T07:04:54.000Z,120.0,2035.0
123910.906_485449.386-Rest,52.35602210392162,4.930762612585843,truck0,2021-05-27T07:06:00.000Z,80.0,2115.0
123216.296_485613.027-Rest,52.35761210396079,4.9206726121098585,truck0,2021-05-27T07:06:04.000Z,420.0,2535.0
124022.681_485703.636-Rest,52.35839210392924,4.9325726126877925,truck0,2021-05-27T07:06:15.000Z,370.0,2905.0
123910.906_485449.386-Rest,52.35602210392162,4.930762612585843,truck0,2021-05-27T07:07:14.000Z,295.0,3200.0
124022.681_485703.636-Rest,52.35839210392924,4.9325726126877925,truck0,2021-05-27T07:07:23.000Z,320.0,3520.0
124022.681_485703.636-Rest,52.35839210392924,4.9325726126877925,truck0,2021-05-27T07:08:39.000Z,55.0,3575.0
124022.681_485703.636-Rest,52.35839210392924,4.9325726126877925,truck0,2021-05-27T07:09:51.000Z,380.0,3955.0
124092.941_485740.233-Rest,52.35871210392749,4.93372261274524,truck0,2021-05-27T07:14:07.000Z,265.0,4220.0
124401.461_486493.493-Rest,52.365362103952656,4.938032612995528,truck0,2021-05-27T07:15:56.000Z,355.0,4575.0
124775.788_486213.504-Rest,52.36283210392033,4.943582613247739,truck0,2021-05-27T07:21:10.000Z,550.0,5125.0
124775.788_486213.504-Rest,52.36283210392033,4.943582613247739,truck0,2021-05-27T07:22:21.000Z,455.0,5580.0
124393.097_486173.838-Rest,52.362702103937984,4.9377226129635705,truck0,2021-05-27T07:26:59.000Z,425.0,6005.0
124307.118_486297.137-Rest,52.36380210394716,4.936832612927545,truck0,2021-05-27T07:31:30.000Z,470.0,6475.0
124307.118_486297.137-Rest,52.36380210394716,4.936832612927545,truck0,2021-05-27T07:32:25.000Z,385.0,6860.0
124005.254_486754.264-Rest,52.36775210398535,4.932082612722614,truck0,2021-05-27T07:39:17.000Z,600.0,7460.0
124329.864_486381.244-Rest,52.36447210394986,4.937232612951148,truck0,2021-05-27T07:40:20.000Z,450.0,7910.0
124005.254_486754.264-Rest,52.3676821039847,4.932172612726532,truck0,2021-05-27T07:40:59.000Z,305.0,8215.0
124329.864_486381.244-Rest,52.36447210394986,4.937232612951148,truck0,2021-05-27T07:41:35.000Z,265.0,8480.0
123441.596_486309.341-Rest,52.36386210398699,4.923882612302212,truck0,2021-05-27T07:45:56.000Z,1375.0,9855.0
124203.587_486305.948-Rest,52.36380210395335,4.93483261283085,truck0,2021-05-27T07:47:34.000Z,285.0,10140.0
123826.535_486721.592-Rest,52.36749210399191,4.929422612592241,truck0,2021-05-27T07:47:38.000Z,1550.0,11690.0
123826.535_486721.592-Rest,52.36749210399191,4.929422612592241,truck0,2021-05-27T07:48:26.000Z,0.0,11690.0
124203.587_486305.948-Rest,52.36388210395399,4.934772612828455,truck0,2021-05-27T07:48:43.000Z,485.0,12175.0
123466.020_486382.334-Rest,52.36445210398935,4.924262612324142,truck0,2021-05-27T07:50:32.000Z,480.0,12655.0
123429.243_486877.014-Rest,52.36898210401818,4.923722612325525,truck0,2021-05-27T07:54:41.000Z,450.0,13105.0
123429.243_486877.014-Rest,52.36898210401818,4.923722612325525,truck0,2021-05-27T07:56:04.000Z,305.0,13410.0
123617.275_486435.194-Rest,52.365042103985836,4.926592612440301,truck0,2021-05-27T07:57:06.000Z,315.0,13725.0
124358.923_486120.400-Rest,52.36220210393572,4.937502612949756,truck0,2021-05-27T08:04:56.000Z,225.0,13950.0
124158.036_487027.900-Rest,52.370402103994756,4.9343126128472985,truck1,2021-05-27T06:47:04.000Z,415.0,415.0
124158.036_487027.900-Rest,52.370402103994756,4.9343126128472985,truck1,2021-05-27T06:48:35.000Z,900.0,1315.0
124920.741_486906.684-Rest,52.36907210394974,4.946072613409167,truck1,2021-05-27T06:49:23.000Z,295.0,1610.0
124920.741_486906.684-Rest,52.36907210394974,4.946072613409167,truck1,2021-05-27T06:50:28.000Z,520.0,2130.0
124573.344_486770.168-Rest,52.3679821039601,4.940682613140678,truck1,2021-05-27T06:58:21.000Z,145.0,2275.0
124573.344_486770.168-Rest,52.3679821039601,4.940682613140678,truck1,2021-05-27T06:59:35.000Z,490.0,2765.0
125256.983_486563.826-Rest,52.366082103916774,4.950702613613934,truck1,2021-05-27T07:07:30.000Z,465.0,3230.0
125015.644_487230.302-Rest,52.37201210396462,4.947122613479522,truck1,2021-05-27T07:15:39.000Z,515.0,3745.0
125015.644_487230.302-Rest,52.37201210396462,4.947122613479522,truck1,2021-05-27T07:17:03.000Z,515.0,4260.0
125015.644_487230.302-Rest,52.37201210396462,4.947122613479522,truck1,2021-05-27T07:18:38.000Z,615.0,4875.0
125081.781_487136.782-Rest,52.371322103957965,4.947852613510432,truck1,2021-05-27T07:26:25.000Z,325.0,5200.0
124644.731_487131.046-Rest,52.37118210397758,4.9413926131957835,truck1,2021-05-27T07:31:45.000Z,445.0,5645.0
124263.277_486113.956-Rest,52.362162103939596,4.936182612885727,truck1,2021-05-27T08:01:20.000Z,315.0,5960.0
123863.365_486309.473-Rest,52.363902103968755,4.930002612598045,truck1,2021-05-27T08:02:11.000Z,360.0,6320.0
123462.142_486829.471-Rest,52.36846210401352,4.924212612346077,truck1,2021-05-27T08:02:57.000Z,380.0,6700.0
123711.576_486188.898-Rest,52.362702103968644,4.9277226124805225,truck1,2021-05-27T08:07:44.000Z,340.0,7040.0
123455.953_486997.427-Rest,52.369892104023826,4.923702612330075,truck1,2021-05-27T08:08:10.000Z,410.0,7450.0
123527.030_484828.701-Rest,52.35065210390979,4.925162612283712,truck1,2021-05-27T08:33:11.000Z,400.0,7850.0
123330.841_485025.154-Rest,52.35225210392623,4.9224926121652075,truck1,2021-05-27T08:39:09.000Z,310.0,8160.0
123299.585_484938.222-Rest,52.351392103923956,4.92172261212308,truck1,2021-05-27T08:47:39.000Z,1305.0,9465.0
123176.234_484816.074-Rest,52.35032210392324,4.92007261203753,truck1,2021-05-27T08:49:53.000Z,295.0,9760.0
122755.233_484418.564-Rest,52.34683210392306,4.91404261172813,truck1,2021-05-27T08:59:18.000Z,155.0,9915.0
122755.233_484418.564-Rest,52.34683210392306,4.91404261172813,truck1,2021-05-27T09:00:52.000Z,150.0,10065.0
123459.332_484212.395-Rest,52.34494210388353,4.924212612203612,truck1,2021-05-27T09:09:23.000Z,305.0,10370.0
123218.340_484223.339-Rest,52.34507210389464,4.920722612037384,truck1,2021-05-27T09:13:50.000Z,250.0,10620.0
123218.340_484223.339-Rest,52.34507210389464,4.920722612037384,truck1,2021-05-27T09:15:09.000Z,275.0,10895.0
122414.694_484337.902-Rest,52.346102103934065,4.908982611481915,truck1,2021-05-27T09:16:32.000Z,705.0,11600.0
122414.694_484337.902-Rest,52.34610210393409,4.908972611481437,truck1,2021-05-27T09:17:41.000Z,470.0,12070.0
123310.771_484159.332-Rest,52.34455210388762,4.922202612105084,truck1,2021-05-27T09:19:30.000Z,280.0,12350.0
122343.394_484245.884-Rest,52.34525210393247,4.908062611433101,truck1,2021-05-27T09:20:57.000Z,325.0,12675.0
122343.394_484245.884-Rest,52.34525210393247,4.908062611433101,truck1,2021-05-27T09:22:21.000Z,340.0,13015.0
122358.769_484149.606-Rest,52.34441210392746,4.9083626114426595,truck1,2021-05-27T09:25:43.000Z,335.0,13350.0
122358.769_484149.606-Rest,52.34441210392746,4.9083626114426595,truck1,2021-05-27T09:27:05.000Z,355.0,13705.0
121595.281_483495.498-Rest,52.33825210392969,4.897172610874968,truck1,2021-05-27T09:35:21.000Z,270.0,13975.0
120446.433_485850.884-Rest,52.359402104084545,4.880142610173213,truck2,2021-05-27T06:50:56.000Z,65.0,65.0
120830.082_484948.963-Rest,52.35138210402545,4.885882610406547,truck2,2021-05-27T06:58:23.000Z,80.0,145.0
120296.163_484678.292-Rest,52.34891210403386,4.87790261001289,truck2,2021-05-27T07:03:48.000Z,55.0,200.0
120074.192_484697.178-Rest,52.34905210404289,4.874732609862424,truck2,2021-05-27T07:07:51.000Z,55.0,255.0
120250.446_484857.004-Rest,52.35051210404375,4.877292609991847,truck2,2021-05-27T07:15:56.000Z,25.0,280.0
122506.546_485388.628-Rest,52.35540210397872,4.91039261160273,truck2,2021-05-27T07:35:50.000Z,230.0,510.0
122708.090_485624.155-Rest,52.35768210398326,4.913162611749012,truck2,2021-05-27T07:42:14.000Z,405.0,915.0
122708.090_485624.155-Rest,52.35768210398326,4.913162611749012,truck2,2021-05-27T07:43:21.000Z,410.0,1325.0
122810.201_485803.951-Rest,52.359362103988246,4.914682611831927,truck2,2021-05-27T07:50:46.000Z,445.0,1770.0
122553.561_485630.575-Rest,52.35778210399093,4.9107026116313195,truck2,2021-05-27T07:55:35.000Z,100.0,1870.0
122553.561_485630.575-Rest,52.35778210399093,4.9107026116313195,truck2,2021-05-27T07:56:59.000Z,200.0,2070.0
122423.460_485726.522-Rest,52.358592104000245,4.9090426115561625,truck2,2021-05-27T08:02:59.000Z,300.0,2370.0
122472.934_485534.473-Rest,52.356852103988224,4.90985261158512,truck2,2021-05-27T08:12:46.000Z,365.0,2735.0
122783.474_485503.888-Rest,52.35650210397326,4.9143526117993455,truck2,2021-05-27T08:17:52.000Z,210.0,2945.0
122783.474_485503.888-Rest,52.35650210397326,4.9143526117993455,truck2,2021-05-27T08:19:00.000Z,290.0,3235.0
123075.477_485419.208-Rest,52.35589210395697,4.918752612007258,truck2,2021-05-27T08:23:26.000Z,535.0,3770.0
122548.244_485541.070-Rest,52.356762103985055,4.910772611628807,truck2,2021-05-27T08:23:52.000Z,445.0,4215.0
122548.244_485541.070-Rest,52.356762103985076,4.910762611628328,truck2,2021-05-27T08:25:16.000Z,335.0,4550.0
122503.564_485664.365-Rest,52.357932103993505,4.910102611603338,truck2,2021-05-27T08:30:11.000Z,455.0,5005.0
123002.185_485586.255-Rest,52.357432103968506,4.917712611966368,truck2,2021-05-27T09:01:49.000Z,65.0,5070.0
123988.905_485287.881-Rest,52.35468210391034,4.9320526126396045,truck2,2021-05-27T09:10:58.000Z,320.0,5390.0
123920.244_485209.818-Rest,52.35394210391008,4.930822612575831,truck2,2021-05-27T09:13:11.000Z,290.0,5680.0
123920.244_485209.818-Rest,52.35393210391007,4.930812612575288,truck2,2021-05-27T09:14:08.000Z,170.0,5850.0
125871.241_485257.304-Rest,52.354492103821066,4.959782613974681,truck2,2021-05-27T09:24:31.000Z,255.0,6105.0
125871.241_485257.304-Rest,52.354492103821066,4.959782613974681,truck2,2021-05-27T09:25:30.000Z,470.0,6575.0
125217.922_484241.371-Rest,52.345312103804,4.950372613459818,truck2,2021-05-27T09:49:16.000Z,235.0,6810.0
125183.526_483934.344-Rest,52.342672103793085,4.949742613412108,truck2,2021-05-27T09:53:56.000Z,460.0,7270.0
125183.526_483934.344-Rest,52.34267210379306,4.949752613412585,truck2,2021-05-27T09:55:10.000Z,405.0,7675.0
125081.051_484040.896-Rest,52.34367210380291,4.9481926133443945,truck2,2021-05-27T09:58:22.000Z,200.0,7875.0
125081.051_484040.896-Rest,52.34367210380296,4.948172613343436,truck2,2021-05-27T09:59:30.000Z,320.0,8195.0
124423.305_484667.561-Rest,52.34916210386171,4.938322612906269,truck2,2021-05-27T10:05:09.000Z,520.0,8715.0
124329.923_484749.347-Rest,52.3497721038687,4.937092612851065,truck2,2021-05-27T10:08:31.000Z,285.0,9000.0
124354.074_484983.493-Rest,52.35189210387846,4.9375326128856605,truck2,2021-05-27T10:12:07.000Z,460.0,9460.0
124573.515_484930.639-Rest,52.35148210386632,4.940722613036447,truck2,2021-05-27T10:16:07.000Z,240.0,9700.0
124936.593_484978.978-Rest,52.35197210385293,4.9457826132830665,truck2,2021-05-27T10:20:19.000Z,390.0,10090.0
124936.593_484978.978-Rest,52.35197210385293,4.9457826132830665,truck2,2021-05-27T10:21:27.000Z,290.0,10380.0
124575.526_485030.977-Rest,52.35258210387124,4.941022613057946,truck2,2021-05-27T10:26:40.000Z,425.0,10805.0
124193.598_485158.485-Rest,52.35349210389491,4.93498261277313,truck2,2021-05-27T10:33:07.000Z,235.0,11040.0
123734.365_485442.499-Rest,52.356022103928474,4.92850261247705,truck2,2021-05-27T10:42:03.000Z,5.0,11045.0
124425.617_484799.828-Rest,52.35023210386711,4.938382612915965,truck2,2021-05-27T10:42:35.000Z,350.0,11395.0
124618.887_484522.857-Rest,52.3477121038451,4.94125261303769,truck2,2021-05-27T10:49:46.000Z,305.0,11700.0
124295.107_484305.527-Rest,52.34607210385141,4.936582612803176,truck2,2021-05-27T10:54:13.000Z,65.0,11765.0
124260.459_484535.147-Rest,52.34786210386186,4.9361326127928935,truck2,2021-05-27T10:55:56.000Z,350.0,12115.0
124184.286_484473.842-Rest,52.34736210386371,4.934712612721618,truck2,2021-05-27T10:59:24.000Z,310.0,12425.0
124885.614_485939.749-Rest,52.36057210390187,4.945292613315673,truck2,2021-05-27T11:06:53.000Z,535.0,12960.0
124885.614_485939.749-Rest,52.36058210390194,4.945292613315739,truck2,2021-05-27T11:08:07.000Z,415.0,13375.0
124921.036_486035.547-Rest,52.36129210390491,4.9456326133368185,truck2,2021-05-27T11:14:35.000Z,275.0,13650.0
124921.036_486035.547-Rest,52.36129210390488,4.945642613337299,truck2,2021-05-27T11:15:50.000Z,110.0,13760.0
124042.675_486418.224-Rest,52.364822103966574,4.932492612724126,truck3,2021-05-27T06:52:01.000Z,500.0,500.0
123918.357_487859.411-Rest,52.377712104052506,4.930652612715416,truck3,2021-05-27T07:04:11.000Z,210.0,710.0
124821.696_489604.811-Rest,52.393452104120286,4.943812613459034,truck3,2021-05-27T07:28:17.000Z,2275.0,2985.0
124831.654_489516.815-Rest,52.39263210411376,4.9440026134629695,truck3,2021-05-27T07:33:28.000Z,2550.0,5535.0
124727.245_489566.262-Rest,52.39308210412193,4.9424426133893995,truck3,2021-05-27T07:38:41.000Z,3180.0,8715.0
124667.523_489512.748-Rest,52.39257210412075,4.941652613347326,truck3,2021-05-27T07:43:17.000Z,3240.0,11955.0
122599.169_490824.539-Rest,52.40422210430005,4.9111026119203975,truck3,2021-05-27T09:00:43.000Z,675.0,12630.0
123085.669_485705.543-Rest,52.358352103970866,4.918682612018494,truck4,2021-05-27T06:52:12.000Z,380.0,380.0
122799.688_485203.569-Rest,52.35375210395789,4.914482611789536,truck4,2021-05-27T06:59:11.000Z,175.0,555.0
123216.296_485613.027-Rest,52.35761210396079,4.9206726121098585,truck4,2021-05-27T07:07:12.000Z,400.0,955.0
123552.409_485426.147-Rest,52.355792103936146,4.925552612333688,truck4,2021-05-27T07:10:42.000Z,25.0,980.0
123552.409_485426.147-Rest,52.35579210393661,4.925392612325992,truck4,2021-05-27T07:11:31.000Z,330.0,1310.0
123469.364_485669.189-Rest,52.3579021039514,4.924362612289231,truck4,2021-05-27T07:13:57.000Z,450.0,1760.0
123731.690_485339.757-Rest,52.35497210392343,4.928282612460012,truck4,2021-05-27T07:16:20.000Z,170.0,1930.0
123731.690_485339.757-Rest,52.35497210392343,4.928282612460012,truck4,2021-05-27T07:17:17.000Z,90.0,2020.0
123141.126_485520.406-Rest,52.35660210395853,4.919552612049947,truck4,2021-05-27T07:17:33.000Z,345.0,2365.0
123141.126_485520.406-Rest,52.35660210395853,4.919552612049947,truck4,2021-05-27T07:18:37.000Z,540.0,2905.0
123448.865_485118.436-Rest,52.35301210392611,4.923882612236545,truck4,2021-05-27T07:19:59.000Z,140.0,3045.0
123448.865_485118.436-Rest,52.35301210392611,4.923882612236545,truck4,2021-05-27T07:20:55.000Z,115.0,3160.0
123061.327_485483.472-Rest,52.356252103959946,4.9184126119930465,truck4,2021-05-27T07:22:12.000Z,455.0,3615.0
123392.151_485818.826-Rest,52.35945210396372,4.9231626122408105,truck4,2021-05-27T07:22:39.000Z,410.0,4025.0
123061.327_485483.472-Rest,52.356252103959946,4.9184126119930465,truck4,2021-05-27T07:23:11.000Z,285.0,4310.0
123392.151_485818.826-Rest,52.35945210396372,4.9231626122408105,truck4,2021-05-27T07:24:07.000Z,160.0,4470.0
123715.901_486024.816-Rest,52.36129210395918,4.928152612492608,truck4,2021-05-27T07:29:30.000Z,5.0,4475.0
123585.613_486003.019-Rest,52.36114210396493,4.9259726123865235,truck4,2021-05-27T07:34:48.000Z,450.0,4925.0
123790.552_485383.318-Rest,52.35539210392343,4.929042612499161,truck4,2021-05-27T07:35:32.000Z,240.0,5165.0
123531.208_485944.370-Rest,52.360522103963724,4.925192612345131,truck4,2021-05-27T07:39:47.000Z,535.0,5700.0
123538.354_485331.919-Rest,52.35497210393233,4.925332612318118,truck4,2021-05-27T07:42:15.000Z,115.0,5815.0
123367.029_485349.869-Rest,52.355102103940574,4.922812612197731,truck4,2021-05-27T07:46:45.000Z,325.0,6140.0
123064.254_485217.254-Rest,52.35387210394641,4.918612611988555,truck4,2021-05-27T07:52:58.000Z,380.0,6520.0
122870.557_485208.097-Rest,52.3537521039543,4.915702611848106,truck4,2021-05-27T07:59:26.000Z,325.0,6845.0
123164.612_485142.948-Rest,52.353432103940364,4.919852612045494,truck4,2021-05-27T08:08:06.000Z,355.0,7200.0
123085.841_485064.260-Rest,52.35261210393905,4.9188126119906865,truck4,2021-05-27T08:13:09.000Z,310.0,7510.0
124699.518_485248.882-Rest,52.3544121038767,4.942402613136185,truck4,2021-05-27T08:25:43.000Z,395.0,7905.0
124413.465_485389.587-Rest,52.35572210389681,4.9382726129456405,truck4,2021-05-27T08:30:44.000Z,310.0,8215.0
124241.777_485326.978-Rest,52.35506210390144,4.935612612813341,truck4,2021-05-27T08:34:58.000Z,350.0,8565.0
124241.777_485326.978-Rest,52.35506210390144,4.935612612813341,truck4,2021-05-27T08:35:56.000Z,385.0,8950.0
124341.514_485794.786-Rest,52.359292103920325,4.93710261291194,truck4,2021-05-27T08:36:25.000Z,205.0,9155.0
124341.514_485794.786-Rest,52.359362103920375,4.937212612917695,truck4,2021-05-27T08:37:26.000Z,315.0,9470.0
124362.999_485212.800-Rest,52.35394210388975,4.9374226128933865,truck4,2021-05-27T08:41:01.000Z,325.0,9795.0
124350.296_485748.790-Rest,52.35864210391568,4.93742261292325,truck4,2021-05-27T08:42:50.000Z,325.0,10120.0
124350.296_485748.790-Rest,52.35864210391568,4.93742261292325,truck4,2021-05-27T08:43:37.000Z,430.0,10550.0
124527.166_485131.997-Rest,52.35339210387909,4.939892613008764,truck4,2021-05-27T08:45:42.000Z,440.0,10990.0
124417.831_485742.680-Rest,52.35888210391373,4.938472612975434,truck4,2021-05-27T08:48:27.000Z,315.0,11305.0
124147.896_485036.198-Rest,52.352312103889915,4.934552612745025,truck4,2021-05-27T08:52:09.000Z,200.0,11505.0
124147.896_485036.198-Rest,52.352312103889915,4.934552612745025,truck4,2021-05-27T08:53:14.000Z,245.0,11750.0
124600.188_485791.735-Rest,52.35928210390732,4.941242613111684,truck4,2021-05-27T08:54:18.000Z,260.0,12010.0
124305.169_485040.857-Rest,52.35254210388451,4.936702612849868,truck4,2021-05-27T08:56:54.000Z,120.0,12130.0
124305.169_485040.857-Rest,52.35262210388518,4.936622612846525,truck4,2021-05-27T08:57:48.000Z,245.0,12375.0
124169.962_485283.314-Rest,52.354712103902465,4.934662612765403,truck4,2021-05-27T09:01:02.000Z,270.0,12645.0
124692.532_486089.930-Rest,52.36199210391879,4.9425326131915135,truck4,2021-05-27T09:02:06.000Z,375.0,13020.0
124169.962_485283.314-Rest,52.354712103902465,4.934662612765403,truck4,2021-05-27T09:02:12.000Z,300.0,13320.0
124268.444_486232.299-Rest,52.363222103945795,4.9361726128919585,truck4,2021-05-27T09:06:35.000Z,185.0,13505.0
123986.116_485375.648-Rest,52.35532210391319,4.932252612653216,truck4,2021-05-27T09:07:23.000Z,315.0,13820.0
123988.905_485287.881-Rest,52.35468210391034,4.9320526126396045,truck4,2021-05-27T09:10:09.000Z,140.0,13960.0
119226.056_484126.364-Rest,52.344002104049444,4.862262609244508,truck5,2021-05-27T06:56:45.000Z,215.0,215.0
119226.056_484126.364-Rest,52.34396210404897,4.862392609250494,truck5,2021-05-27T06:58:10.000Z,465.0,680.0
119304.477_484322.012-Rest,52.345852104056426,4.863132609294592,truck5,2021-05-27T07:04:14.000Z,470.0,1150.0
119304.477_484322.012-Rest,52.345852104056426,4.863132609294592,truck5,2021-05-27T07:05:37.000Z,355.0,1505.0
119664.445_484278.229-Rest,52.34529210403882,4.8689526095686855,truck5,2021-05-27T07:11:10.000Z,20.0,1525.0
119805.984_484197.779-Rest,52.3446221040307,4.870822609654371,truck5,2021-05-27T07:14:49.000Z,405.0,1930.0
119377.285_484463.757-Rest,52.34697210405873,4.8644426093622135,truck5,2021-05-27T07:20:49.000Z,645.0,2575.0
120081.328_483879.120-Rest,52.34174210400667,4.874702609824653,truck5,2021-05-27T07:23:17.000Z,70.0,2645.0
119377.285_484463.757-Rest,52.347072104059656,4.864272609354602,truck5,2021-05-27T07:25:19.000Z,720.0,3365.0
119321.679_484527.365-Rest,52.34749210406369,4.863512609320437,truck5,2021-05-27T07:30:18.000Z,725.0,4090.0
119021.092_484989.587-Rest,52.35158210409524,4.859362609142092,truck5,2021-05-27T07:36:12.000Z,565.0,4655.0
119005.345_484317.011-Rest,52.34562210406542,4.859092609101486,truck5,2021-05-27T07:36:19.000Z,375.0,5030.0
119005.345_484317.011-Rest,52.34562210406542,4.859092609101486,truck5,2021-05-27T07:37:58.000Z,480.0,5510.0
118907.253_484885.457-Rest,52.3509321040961,4.857642609057153,truck5,2021-05-27T07:42:41.000Z,455.0,5965.0
118674.689_484337.871-Rest,52.34584210407932,4.853922608856903,truck5,2021-05-27T07:44:04.000Z,370.0,6335.0
118907.253_484885.457-Rest,52.35074210409509,4.857652609056749,truck5,2021-05-27T07:44:16.000Z,410.0,6745.0
118907.253_484885.457-Rest,52.35074210409509,4.857652609056749,truck5,2021-05-27T07:44:48.000Z,5.0,6750.0
118674.689_484337.871-Rest,52.34584210407932,4.853922608856903,truck5,2021-05-27T07:45:17.000Z,345.0,7095.0
118878.701_484287.623-Rest,52.34539210406949,4.856982609000179,truck5,2021-05-27T07:49:46.000Z,310.0,7405.0
118878.701_484287.623-Rest,52.34538210406943,4.856982609000135,truck5,2021-05-27T07:52:15.000Z,365.0,7770.0
118706.719_484812.596-Rest,52.34993210409813,4.854722608913572,truck5,2021-05-27T07:52:38.000Z,825.0,8595.0
118706.719_484812.596-Rest,52.34989210409797,4.854702608912437,truck5,2021-05-27T07:54:23.000Z,425.0,9020.0
118648.691_485471.869-Rest,52.35605210413352,4.85361260888861,truck5,2021-05-27T07:56:46.000Z,160.0,9180.0
118648.691_485471.869-Rest,52.356082104133314,4.853762608895902,truck5,2021-05-27T07:57:56.000Z,255.0,9435.0
119083.789_484385.718-Rest,52.34639210406664,4.860142609154981,truck5,2021-05-27T08:03:38.000Z,655.0,10090.0
118122.857_484499.436-Rest,52.34700210410391,4.8461926084950715,truck5,2021-05-27T08:18:51.000Z,340.0,10430.0
118369.631_484878.326-Rest,52.35056210411421,4.849472608666682,truck5,2021-05-27T08:27:23.000Z,335.0,10765.0
118369.631_484878.326-Rest,52.35056210411421,4.849472608666682,truck5,2021-05-27T08:28:50.000Z,310.0,11075.0
118489.424_485290.547-Rest,52.35437210412999,4.851312608771358,truck5,2021-05-27T08:35:30.000Z,725.0,11800.0
118378.161_485620.362-Rest,52.3572321041499,4.8495526087003,truck5,2021-05-27T08:40:41.000Z,660.0,12460.0
118465.512_485620.976-Rest,52.35726210414629,4.851112608774843,truck5,2021-05-27T08:46:27.000Z,285.0,12745.0
118465.512_485620.976-Rest,52.35726210414629,4.851112608774843,truck5,2021-05-27T08:48:27.000Z,55.0,12800.0
117015.174_486220.199-Rest,52.362522104227075,4.829492607766491,truck5,2021-05-27T09:32:35.000Z,315.0,13115.0
117185.255_485983.690-Rest,52.36038210420893,4.832052607879684,truck5,2021-05-27T09:37:36.000Z,805.0,13920.0
119537.572_482802.856-Rest,52.33205210398338,4.866662609396258,truck6,2021-05-27T06:57:27.000Z,330.0,330.0
119537.572_482802.856-Rest,52.33205210398338,4.866662609396258,truck6,2021-05-27T06:59:06.000Z,230.0,560.0
119537.572_482802.856-Rest,52.33205210398338,4.866662609396258,truck6,2021-05-27T07:00:19.000Z,210.0,770.0
119537.572_482802.856-Rest,52.33205210398338,4.866662609396258,truck6,2021-05-27T07:02:20.000Z,290.0,1060.0
119019.830_482291.492-Rest,52.327402103981946,4.859522609037215,truck6,2021-05-27T07:02:23.000Z,200.0,1260.0
119019.830_482291.492-Rest,52.327402103981946,4.859522609037215,truck6,2021-05-27T07:03:34.000Z,345.0,1605.0
119019.830_482291.492-Rest,52.327402103981946,4.859522609037215,truck6,2021-05-27T07:04:44.000Z,300.0,1905.0
119031.504_482093.775-Rest,52.32563210397443,4.859692609037014,truck6,2021-05-27T07:08:46.000Z,290.0,2195.0
119031.504_482093.775-Rest,52.32563210397443,4.859692609037014,truck6,2021-05-27T07:09:57.000Z,260.0,2455.0
119381.763_482249.427-Rest,52.3270121039672,4.864752609282029,truck6,2021-05-27T07:15:28.000Z,330.0,2785.0
119381.763_482249.427-Rest,52.3270121039672,4.864752609282029,truck6,2021-05-27T07:16:49.000Z,290.0,3075.0
119957.126_482173.707-Rest,52.326352103942895,4.873172609676129,truck6,2021-05-27T07:17:46.000Z,310.0,3385.0
119957.126_482173.707-Rest,52.326352103942895,4.873172609676129,truck6,2021-05-27T07:19:14.000Z,435.0,3820.0
119529.136_482177.720-Rest,52.32628210395826,4.867112609389863,truck6,2021-05-27T07:23:12.000Z,300.0,4120.0
119529.136_482177.720-Rest,52.32628210395826,4.867112609389863,truck6,2021-05-27T07:24:30.000Z,345.0,4465.0
119892.919_482155.854-Rest,52.32618210394476,4.872192609629046,truck6,2021-05-27T07:25:46.000Z,260.0,4725.0
119892.919_482155.854-Rest,52.32618210394476,4.872192609629046,truck6,2021-05-27T07:27:11.000Z,250.0,4975.0
120289.848_481971.362-Rest,52.324562103923014,4.878062609898007,truck6,2021-05-27T07:31:44.000Z,315.0,5290.0
120289.848_481971.362-Rest,52.32455210392297,4.878062609897957,truck6,2021-05-27T07:33:04.000Z,310.0,5600.0
119721.108_482705.504-Rest,52.331182103972175,4.869582609530125,truck6,2021-05-27T07:34:56.000Z,315.0,5915.0
119721.108_482705.504-Rest,52.331262103972605,4.869542609528621,truck6,2021-05-27T07:36:45.000Z,245.0,6160.0
120166.055_481956.624-Rest,52.32442210392723,4.876242609811441,truck6,2021-05-27T07:37:05.000Z,325.0,6485.0
120166.055_481956.624-Rest,52.32442210392723,4.876242609811441,truck6,2021-05-27T07:38:18.000Z,315.0,6800.0
120055.690_481829.716-Rest,52.32329210392716,4.874592609728024,truck6,2021-05-27T07:41:54.000Z,295.0,7095.0
120055.690_481829.716-Rest,52.32329210392716,4.874592609728024,truck6,2021-05-27T07:44:01.000Z,435.0,7530.0
119303.791_482374.368-Rest,52.32823210397534,4.8635026092288305,truck6,2021-05-27T07:46:42.000Z,240.0,7770.0
119303.791_482374.368-Rest,52.32831210397543,4.863592609233453,truck6,2021-05-27T07:48:08.000Z,295.0,8065.0
119303.791_482374.368-Rest,52.32831210397543,4.863592609233453,truck6,2021-05-27T07:49:53.000Z,285.0,8350.0
119689.057_482851.054-Rest,52.33246210397847,4.869252609520723,truck6,2021-05-27T07:50:01.000Z,335.0,8685.0
119689.057_482851.054-Rest,52.33246210397847,4.869252609520723,truck6,2021-05-27T07:51:23.000Z,250.0,8935.0
119142.428_482376.664-Rest,52.32821210398131,4.861102609115501,truck6,2021-05-27T07:54:57.000Z,20.0,8955.0
119142.428_482376.664-Rest,52.32841210398213,4.861102609116437,truck6,2021-05-27T07:56:36.000Z,400.0,9355.0
119142.428_482376.664-Rest,52.328312103981744,4.861082609115025,truck6,2021-05-27T08:00:05.000Z,330.0,9685.0
118994.747_482358.212-Rest,52.32793210398502,4.859162609022695,truck6,2021-05-27T08:05:40.000Z,355.0,10040.0
118994.747_482358.212-Rest,52.32793210398502,4.859162609022695,truck6,2021-05-27T08:07:51.000Z,275.0,10315.0
118994.747_482358.212-Rest,52.32793210398502,4.859162609022695,truck6,2021-05-27T08:09:51.000Z,360.0,10675.0
118907.906_482930.925-Rest,52.33314210401105,4.857542608970284,truck6,2021-05-27T08:16:22.000Z,360.0,11035.0
118907.906_482930.925-Rest,52.33304210401052,4.857582608971714,truck6,2021-05-27T08:18:18.000Z,300.0,11335.0
118884.072_482459.713-Rest,52.328822103992785,4.8575126089489835,truck6,2021-05-27T08:30:03.000Z,240.0,11575.0
118884.072_482459.713-Rest,52.328822103992785,4.8575126089489835,truck6,2021-05-27T08:31:21.000Z,170.0,11745.0
121595.281_483495.498-Rest,52.33825210392969,4.897172610874968,truck6,2021-05-27T09:36:47.000Z,190.0,11935.0
119672.936_484576.161-Rest,52.34798210405258,4.868862609577457,truck6,2021-05-27T09:50:28.000Z,545.0,12480.0
119672.936_484576.161-Rest,52.34798210405258,4.868862609577457,truck6,2021-05-27T09:51:39.000Z,450.0,12930.0
119954.224_484210.527-Rest,52.344792104025814,4.8730326097603385,truck6,2021-05-27T09:58:36.000Z,910.0,13840.0
118197.052_484460.753-Rest,52.34683210410065,4.847182608541319,truck7,2021-05-27T07:01:18.000Z,975.0,975.0
118255.732_484130.889-Rest,52.343742104083724,4.847842608558978,truck7,2021-05-27T07:04:11.000Z,0.0,975.0
118345.792_484735.265-Rest,52.34937210410913,4.849022608639982,truck7,2021-05-27T07:06:34.000Z,805.0,1780.0
118137.366_484928.471-Rest,52.351072104124476,4.846322608519147,truck7,2021-05-27T07:13:10.000Z,1175.0,2955.0
118644.763_485687.706-Rest,52.357872104144924,4.853062608870651,truck7,2021-05-27T07:14:46.000Z,520.0,3475.0
118680.417_485371.590-Rest,52.35497210412652,4.854052608904667,truck7,2021-05-27T07:20:21.000Z,205.0,3680.0
118244.089_484816.110-Rest,52.35004210411587,4.847672608578784,truck7,2021-05-27T07:21:15.000Z,885.0,4565.0
118680.417_485371.590-Rest,52.35497210412652,4.854052608904667,truck7,2021-05-27T07:21:45.000Z,460.0,5025.0
118152.415_485690.587-Rest,52.358292104163205,4.846492608559071,truck7,2021-05-27T07:22:03.000Z,250.0,5275.0
118152.415_485690.587-Rest,52.3583021041632,4.846502608559592,truck7,2021-05-27T07:23:02.000Z,425.0,5700.0
118832.658_485318.132-Rest,52.35449210411817,4.856392609014034,truck7,2021-05-27T07:26:34.000Z,295.0,5995.0
118832.658_485318.132-Rest,52.35449210411781,4.856532609020708,truck7,2021-05-27T07:28:13.000Z,485.0,6480.0
118239.478_485058.453-Rest,52.35218210412673,4.847812608594921,truck7,2021-05-27T07:34:38.000Z,1250.0,7730.0
117932.688_485276.899-Rest,52.35410210414784,4.843282608387784,truck7,2021-05-27T07:43:22.000Z,265.0,7995.0
117793.641_485086.669-Rest,52.352402104144176,4.841002608271989,truck7,2021-05-27T07:46:35.000Z,200.0,8195.0
117793.641_485086.669-Rest,52.352402104144126,4.841012608272463,truck7,2021-05-27T07:47:33.000Z,405.0,8600.0
118308.370_485124.149-Rest,52.35288210412819,4.848762608643243,truck7,2021-05-27T07:48:15.000Z,1070.0,9670.0
117793.641_485086.669-Rest,52.352402104144126,4.841012608272463,truck7,2021-05-27T07:48:35.000Z,435.0,10105.0
117676.520_485168.773-Rest,52.35307210415129,4.839492608203066,truck7,2021-05-27T07:52:11.000Z,380.0,10485.0
117676.520_485168.773-Rest,52.35307210415129,4.839492608203066,truck7,2021-05-27T07:53:02.000Z,30.0,10515.0
117676.520_485168.773-Rest,52.35307210415126,4.839502608203542,truck7,2021-05-27T07:54:00.000Z,165.0,10680.0
117765.850_485246.407-Rest,52.35383210415234,4.840782608267671,truck7,2021-05-27T07:58:00.000Z,420.0,11100.0
117765.850_485246.407-Rest,52.35383210415234,4.840782608267671,truck7,2021-05-27T07:59:03.000Z,455.0,11555.0
117765.850_485246.407-Rest,52.35384210415219,4.840862608271519,truck7,2021-05-27T08:00:01.000Z,385.0,11940.0
118123.950_485053.657-Rest,52.35219210413091,4.8461126085140895,truck7,2021-05-27T08:04:39.000Z,940.0,12880.0
118117.070_485329.807-Rest,52.35450210414353,4.846002608519016,truck7,2021-05-27T08:06:22.000Z,495.0,13375.0
117693.985_485389.237-Rest,52.354902104161,4.839552608213736,truck7,2021-05-27T08:07:35.000Z,85.0,13460.0
117693.985_485389.237-Rest,52.354902104161,4.839552608213736,truck7,2021-05-27T08:08:29.000Z,110.0,13570.0
117693.985_485389.237-Rest,52.35492210416112,4.839552608213821,truck7,2021-05-27T08:09:25.000Z,285.0,13855.0
117505.510_485385.177-Rest,52.3550821041687,4.836692608078436,truck7,2021-05-27T08:12:04.000Z,95.0,13950.0
120124.063_482619.735-Rest,52.330422103953566,4.875502609806338,truck8,2021-05-27T07:08:39.000Z,320.0,320.0
120124.063_482619.735-Rest,52.330422103953566,4.875502609806338,truck8,2021-05-27T07:09:52.000Z,330.0,650.0
120451.272_483064.262-Rest,52.33436210395797,4.880292610052927,truck8,2021-05-27T07:57:30.000Z,95.0,745.0
120451.272_483064.262-Rest,52.33436210395797,4.880292610052927,truck8,2021-05-27T07:58:53.000Z,0.0,745.0
120469.887_483003.012-Rest,52.3338321039546,4.88070261006967,truck8,2021-05-27T08:01:25.000Z,230.0,975.0
120469.887_483003.012-Rest,52.3338321039546,4.88070261006967,truck8,2021-05-27T08:03:54.000Z,345.0,1320.0
120469.887_483003.012-Rest,52.33383210395457,4.880692610069194,truck8,2021-05-27T08:07:48.000Z,415.0,1735.0
120506.127_483089.535-Rest,52.33477210395753,4.881152610095783,truck8,2021-05-27T08:17:30.000Z,325.0,2060.0
120506.127_483089.535-Rest,52.33477210395753,4.881152610095783,truck8,2021-05-27T08:19:03.000Z,350.0,2410.0
120506.127_483089.535-Rest,52.33477210395753,4.881152610095783,truck8,2021-05-27T08:20:29.000Z,230.0,2640.0
121809.304_483829.568-Rest,52.3411421039355,4.899942611022659,truck8,2021-05-27T08:28:15.000Z,25.0,2665.0
121798.963_484325.742-Rest,52.34597210395907,4.89994261104925,truck8,2021-05-27T08:37:46.000Z,50.0,2715.0
121738.243_485272.953-Rest,52.35429210400456,4.899162611057736,truck8,2021-05-27T08:52:07.000Z,580.0,3295.0
121440.963_485078.278-Rest,52.3528821040106,4.894252610814858,truck8,2021-05-27T08:57:58.000Z,1130.0,4425.0
121212.789_485185.192-Rest,52.353452104021144,4.891522610687231,truck8,2021-05-27T09:03:20.000Z,870.0,5295.0
121212.789_485185.192-Rest,52.353352104020615,4.891522610686699,truck8,2021-05-27T09:06:51.000Z,455.0,5750.0
120735.502_486036.588-Rest,52.3611121040824,4.884612610396402,truck8,2021-05-27T09:28:10.000Z,230.0,5980.0
120735.502_486036.588-Rest,52.3611121040824,4.884612610396402,truck8,2021-05-27T09:29:39.000Z,125.0,6105.0
120332.270_485802.321-Rest,52.359002104086734,4.878472610091157,truck8,2021-05-27T09:36:23.000Z,350.0,6455.0
120577.634_485356.235-Rest,52.35514210405499,4.882372610258171,truck8,2021-05-27T09:47:22.000Z,340.0,6795.0
120577.634_485356.235-Rest,52.35514210405499,4.882372610258171,truck8,2021-05-27T09:48:55.000Z,495.0,7290.0
120323.062_485437.718-Rest,52.355652104068945,4.878162610059352,truck8,2021-05-27T09:54:45.000Z,620.0,7910.0
120207.440_485270.195-Rest,52.354312104065656,4.876632609979432,truck8,2021-05-27T10:00:58.000Z,190.0,8100.0
120207.440_485270.195-Rest,52.354312104065656,4.876632609979432,truck8,2021-05-27T10:02:30.000Z,90.0,8190.0
120769.558_485135.225-Rest,52.353202104038104,4.88477261036295,truck8,2021-05-27T10:07:03.000Z,715.0,8905.0
120769.558_485135.225-Rest,52.353202104038104,4.88477261036295,truck8,2021-05-27T10:09:38.000Z,750.0,9655.0
120259.305_485154.945-Rest,52.35313210405719,4.877442610012204,truck8,2021-05-27T10:10:12.000Z,255.0,9910.0
120279.867_484770.751-Rest,52.349852104039414,4.877642610005226,truck8,2021-05-27T10:10:29.000Z,460.0,10370.0
120259.305_485154.945-Rest,52.35313210405719,4.877442610012204,truck8,2021-05-27T10:11:35.000Z,340.0,10710.0
120637.039_484955.254-Rest,52.351482104034574,4.882682610254157,truck8,2021-05-27T10:17:42.000Z,405.0,11115.0
120503.377_485013.390-Rest,52.35197210404267,4.880612610157774,truck8,2021-05-27T10:19:37.000Z,365.0,11480.0
120503.377_485013.390-Rest,52.352052104042876,4.880692610162006,truck8,2021-05-27T10:20:53.000Z,345.0,11825.0
120250.446_484857.004-Rest,52.35055210404387,4.877322609993482,truck8,2021-05-27T10:21:28.000Z,370.0,12195.0
120665.698_485008.262-Rest,52.35196210403496,4.883472610294381,truck8,2021-05-27T10:21:38.000Z,525.0,12720.0
120665.698_485008.262-Rest,52.35196210403496,4.883472610294381,truck8,2021-05-27T10:23:07.000Z,390.0,13110.0
120291.444_485011.156-Rest,52.35190210404994,4.8777126100189,truck8,2021-05-27T10:25:49.000Z,505.0,13615.0
120540.950_484714.597-Rest,52.349012104024524,4.881622610190865,truck8,2021-05-27T10:26:39.000Z,5.0,13620.0
120291.444_485011.156-Rest,52.35199210405044,4.877712610019355,truck8,2021-05-27T10:27:11.000Z,335.0,13955.0
121770.380_485528.472-Rest,52.35663210401642,4.899502611086929,truck9,2021-05-27T07:09:34.000Z,545.0,545.0
121640.741_485459.576-Rest,52.35609210401898,4.897502610988022,truck9,2021-05-27T07:13:45.000Z,660.0,1205.0
121640.741_485459.576-Rest,52.356102104018994,4.8975126109885565,truck9,2021-05-27T07:15:18.000Z,1435.0,2640.0
121517.797_485413.522-Rest,52.355592104021525,4.895602610894197,truck9,2021-05-27T07:19:09.000Z,780.0,3420.0
121370.431_485354.645-Rest,52.355112104024386,4.893612610796224,truck9,2021-05-27T07:24:02.000Z,885.0,4305.0
121370.431_485354.645-Rest,52.35511210402442,4.893602610795746,truck9,2021-05-27T07:25:37.000Z,1155.0,5460.0
121210.821_485309.618-Rest,52.35473210402877,4.89126261068161,truck9,2021-05-27T07:29:35.000Z,510.0,5970.0
121210.821_485309.618-Rest,52.35476210402914,4.891192610678417,truck9,2021-05-27T07:31:11.000Z,770.0,6740.0
121223.955_485252.747-Rest,52.35421210402533,4.89149261068985,truck9,2021-05-27T07:36:16.000Z,1145.0,7885.0
121384.447_485299.683-Rest,52.35461210402095,4.893882610806469,truck9,2021-05-27T08:25:22.000Z,1160.0,9045.0
121384.447_485299.683-Rest,52.354582104020515,4.893972610810617,truck9,2021-05-27T08:26:57.000Z,985.0,10030.0
121527.080_485340.730-Rest,52.35497210401693,4.896042610911918,truck9,2021-05-27T08:30:44.000Z,235.0,10265.0
121527.080_485340.730-Rest,52.35497210401693,4.896042610911918,truck9,2021-05-27T08:31:35.000Z,130.0,10395.0
121683.021_485391.078-Rest,52.355552104013434,4.898432611029663,truck9,2021-05-27T08:36:01.000Z,970.0,11365.0
121810.636_485455.109-Rest,52.35617210401256,4.899972611106942,truck9,2021-05-27T08:40:46.000Z,1120.0,12485.0
121841.307_485396.575-Rest,52.35554210400757,4.900502611128884,truck9,2021-05-27T08:44:30.000Z,960.0,13445.0
121931.143_485691.372-Rest,52.35822210401863,4.901852611208554,truck9,2021-05-27T08:48:58.000Z,70.0,13515.0
121710.674_485332.175-Rest,52.35488210400912,4.8986826110379695,truck9,2021-05-27T08:49:03.000Z,350.0,13865.0
117571.825_483915.920-Rest,52.341892104099536,4.837432608057934,truck10,2021-05-27T07:10:53.000Z,460.0,460.0
117571.825_483915.920-Rest,52.34188210409936,4.837492608060733,truck10,2021-05-27T07:11:36.000Z,5.0,465.0
117571.825_483915.920-Rest,52.34187210409931,4.83749260806069,truck10,2021-05-27T07:12:16.000Z,675.0,1140.0
117604.114_484049.396-Rest,52.34303210410288,4.838352608106295,truck10,2021-05-27T07:14:40.000Z,200.0,1340.0
117604.114_484049.396-Rest,52.343032104102846,4.838362608106765,truck10,2021-05-27T07:15:29.000Z,350.0,1690.0
117502.894_484651.528-Rest,52.34846210413291,4.8370626080680985,truck10,2021-05-27T07:26:10.000Z,265.0,1955.0
117502.894_484651.528-Rest,52.34846210413293,4.837052608067625,truck10,2021-05-27T07:27:11.000Z,170.0,2125.0
117502.894_484651.528-Rest,52.348472104132995,4.837062608068142,truck10,2021-05-27T07:27:59.000Z,330.0,2455.0
117685.868_484769.257-Rest,52.34943210413221,4.83948260818706,truck10,2021-05-27T07:35:39.000Z,225.0,2680.0
117685.868_484769.257-Rest,52.349442104132194,4.839502608188051,truck10,2021-05-27T07:36:36.000Z,245.0,2925.0
117185.255_485983.690-Rest,52.36038210420893,4.832052607879684,truck10,2021-05-27T09:38:45.000Z,875.0,3800.0
117751.588_485999.430-Rest,52.360532104190064,4.840522608284081,truck10,2021-05-27T09:47:07.000Z,235.0,4035.0
117751.588_485999.430-Rest,52.360532104190064,4.840522608284081,truck10,2021-05-27T09:47:57.000Z,255.0,4290.0
117575.571_485987.266-Rest,52.360492104196396,4.837722608150379,truck10,2021-05-27T09:51:56.000Z,95.0,4385.0
117706.879_486253.319-Rest,52.362842104204816,4.839902608264418,truck10,2021-05-27T10:03:14.000Z,215.0,4600.0
117706.879_486253.319-Rest,52.36283210420474,4.839902608264374,truck10,2021-05-27T10:04:44.000Z,145.0,4745.0
117809.356_486267.572-Rest,52.362952104202265,4.841242608328872,truck10,2021-05-27T10:08:01.000Z,75.0,4820.0
117809.356_486267.572-Rest,52.362952104202265,4.841242608328872,truck10,2021-05-27T10:09:00.000Z,235.0,5055.0
117809.356_486267.572-Rest,52.362952104202265,4.841242608328872,truck10,2021-05-27T10:09:30.000Z,60.0,5115.0
117629.719_486370.081-Rest,52.363942104214594,4.8384626082003654,truck10,2021-05-27T10:12:21.000Z,50.0,5165.0
117629.719_486370.081-Rest,52.363942104214594,4.8384626082003654,truck10,2021-05-27T10:13:12.000Z,165.0,5330.0
117532.577_486368.700-Rest,52.36398210421786,4.83718260813942,truck10,2021-05-27T10:15:42.000Z,355.0,5685.0
117532.577_486368.700-Rest,52.3639721042178,4.837172608138899,truck10,2021-05-27T10:18:05.000Z,1315.0,7000.0
117437.478_486367.155-Rest,52.36388210422083,4.83564260806548,truck10,2021-05-27T10:21:11.000Z,155.0,7155.0
117437.478_486367.155-Rest,52.36388210422083,4.83564260806548,truck10,2021-05-27T10:22:03.000Z,350.0,7505.0
119290.677_485094.125-Rest,52.35255210409128,4.8629926093196625,truck10,2021-05-27T10:52:10.000Z,505.0,8010.0
118770.351_485266.936-Rest,52.354152104119116,4.8552626089586,truck10,2021-05-27T11:07:12.000Z,555.0,8565.0
118358.831_485533.288-Rest,52.35646210414584,4.849472608693041,truck10,2021-05-27T12:11:50.000Z,415.0,8980.0
118637.534_484915.540-Rest,52.350842104105496,4.8536526088668035,truck10,2021-05-27T12:18:41.000Z,370.0,9350.0
118441.395_485201.109-Rest,52.35347210412662,4.85070260873825,truck10,2021-05-27T12:23:47.000Z,240.0,9590.0
118561.210_485288.407-Rest,52.35437210412757,4.852312608819009,truck10,2021-05-27T12:27:45.000Z,465.0,10055.0
117696.489_484831.203-Rest,52.35006210413511,4.839632608196871,truck10,2021-05-27T12:31:15.000Z,215.0,10270.0
117696.489_484831.203-Rest,52.35006210413517,4.839622608196396,truck10,2021-05-27T12:32:22.000Z,205.0,10475.0
118594.627_485203.622-Rest,52.3534921041217,4.8527626088364615,truck10,2021-05-27T12:32:44.000Z,0.0,10475.0
118594.627_485203.622-Rest,52.3534921041217,4.8527626088364615,truck10,2021-05-27T12:33:08.000Z,400.0,10875.0
117696.489_484831.203-Rest,52.350052104135095,4.8396226081963505,truck10,2021-05-27T12:33:20.000Z,65.0,10940.0
117631.091_484807.590-Rest,52.34999210413673,4.838792608156686,truck10,2021-05-27T12:37:21.000Z,290.0,11230.0
118496.098_485120.570-Rest,52.3527021041207,4.851442608770026,truck10,2021-05-27T12:37:23.000Z,160.0,11390.0
117631.091_484807.590-Rest,52.34999210413673,4.838792608156686,truck10,2021-05-27T12:38:18.000Z,155.0,11545.0
118496.098_485120.570-Rest,52.3527021041207,4.851442608770026,truck10,2021-05-27T12:38:50.000Z,125.0,11670.0
118443.429_484992.043-Rest,52.35168210411764,4.8504826087197435,truck10,2021-05-27T12:43:27.000Z,180.0,11850.0
118443.429_484992.043-Rest,52.35168210411764,4.8504826087197435,truck10,2021-05-27T12:45:03.000Z,260.0,12110.0
118406.228_485423.838-Rest,52.355612104139354,4.850232608725466,truck10,2021-05-27T12:48:20.000Z,685.0,12795.0
118418.538_485054.645-Rest,52.35219210412065,4.850352608715842,truck10,2021-05-27T12:50:14.000Z,110.0,12905.0
118400.631_485198.082-Rest,52.35355210412881,4.849972608703845,truck10,2021-05-27T12:53:43.000Z,170.0,13075.0
118236.228_485357.221-Rest,52.354862104141446,4.84767260860014,truck10,2021-05-27T12:53:48.000Z,750.0,13825.0
116640.756_485425.101-Rest,52.355362104199116,4.824072607479761,truck10,2021-05-27T13:33:51.000Z,155.0,13980.0
126550.303_478182.056-Rest,52.290922103542,4.970172614026753,truck11,2021-05-27T07:19:44.000Z,310.0,310.0
126550.303_478182.056-Rest,52.290922103542,4.970172614026753,truck11,2021-05-27T07:20:44.000Z,475.0,785.0
126656.962_478395.140-Rest,52.29281210354089,4.9717526141141,truck11,2021-05-27T07:24:02.000Z,310.0,1095.0
127417.504_478230.994-Rest,52.291402103498086,4.983152614638113,truck11,2021-05-27T07:38:01.000Z,215.0,1310.0
127592.308_478238.511-Rest,52.29152210349013,4.985472614747728,truck11,2021-05-27T07:40:41.000Z,300.0,1610.0
127414.950_478507.948-Rest,52.29381210350429,4.9829726146473945,truck11,2021-05-27T07:45:09.000Z,385.0,1995.0
127839.810_478434.594-Rest,52.29320210348092,4.989142614932359,truck11,2021-05-27T07:48:40.000Z,395.0,2390.0
128047.925_478467.741-Rest,52.29346210347036,4.992252615080272,truck11,2021-05-27T07:51:39.000Z,250.0,2640.0
128047.925_478467.741-Rest,52.29346210347036,4.992252615080272,truck11,2021-05-27T07:52:36.000Z,400.0,3040.0
128072.039_478314.549-Rest,52.29221210346654,4.992502615082531,truck11,2021-05-27T07:56:01.000Z,445.0,3485.0
128072.039_478314.549-Rest,52.29221210346654,4.992502615082531,truck11,2021-05-27T07:58:29.000Z,380.0,3865.0
127684.684_478734.233-Rest,52.29601210349612,4.9867826148425465,truck11,2021-05-27T08:05:29.000Z,330.0,4195.0
127540.653_478736.978-Rest,52.296022103503866,4.984602614740208,truck11,2021-05-27T08:08:35.000Z,290.0,4485.0
127985.989_478744.501-Rest,52.29606210348007,4.991302615055318,truck11,2021-05-27T08:13:28.000Z,15.0,4500.0
127985.989_478744.501-Rest,52.29606210348007,4.991302615055318,truck11,2021-05-27T08:15:01.000Z,410.0,4910.0
127869.263_478679.154-Rest,52.295532103484796,4.989622614972384,truck11,2021-05-27T08:17:46.000Z,290.0,5200.0
127871.803_478549.282-Rest,52.294222103481985,4.989522614957849,truck11,2021-05-27T08:25:35.000Z,185.0,5385.0
127988.933_478473.362-Rest,52.29356210347367,4.991392615040662,truck11,2021-05-27T08:28:01.000Z,120.0,5505.0
127988.933_478473.362-Rest,52.29356210347367,4.991392615040662,truck11,2021-05-27T08:28:56.000Z,260.0,5765.0
128215.497_478478.961-Rest,52.29373210346237,4.994632615194055,truck11,2021-05-27T08:31:22.000Z,240.0,6005.0
128215.497_478478.961-Rest,52.29373210346237,4.994632615194055,truck11,2021-05-27T08:32:20.000Z,440.0,6445.0
127973.067_478366.487-Rest,52.29266210347283,4.991042615017444,truck11,2021-05-27T08:35:01.000Z,265.0,6710.0
127973.067_478366.487-Rest,52.29266210347283,4.991042615017444,truck11,2021-05-27T08:37:07.000Z,330.0,7040.0
127740.260_478341.764-Rest,52.292492103484655,4.987642614856681,truck11,2021-05-27T08:58:33.000Z,215.0,7255.0
127740.260_478341.764-Rest,52.292492103484655,4.987642614856681,truck11,2021-05-27T08:59:20.000Z,155.0,7410.0
127130.702_478504.765-Rest,52.29396210351947,4.978742614450049,truck11,2021-05-27T09:02:56.000Z,235.0,7645.0
127070.154_480899.638-Rest,52.31546210358606,4.977742614558676,truck11,2021-05-27T09:13:45.000Z,410.0,8055.0
127070.154_480899.638-Rest,52.31546210358606,4.977742614558676,truck11,2021-05-27T09:15:07.000Z,490.0,8545.0
127154.075_481046.437-Rest,52.316662103585806,4.979032614628576,truck11,2021-05-27T09:18:02.000Z,340.0,8885.0
127082.701_480948.281-Rest,52.31587210358721,4.977822614565437,truck11,2021-05-27T09:20:21.000Z,230.0,9115.0
127082.701_480948.281-Rest,52.31587210358721,4.977822614565437,truck11,2021-05-27T09:21:16.000Z,180.0,9295.0
126824.970_480884.290-Rest,52.31534210359806,4.974142614387138,truck11,2021-05-27T09:24:00.000Z,95.0,9390.0
126796.056_481104.229-Rest,52.31710210360619,4.973592614373643,truck11,2021-05-27T09:27:12.000Z,630.0,10020.0
126796.056_481104.229-Rest,52.31710210360619,4.973592614373643,truck11,2021-05-27T09:28:24.000Z,265.0,10285.0
127305.834_480728.709-Rest,52.31391210356889,4.98113261470809,truck11,2021-05-27T09:33:32.000Z,35.0,10320.0
127305.834_480728.709-Rest,52.31390210356896,4.981102614706595,truck11,2021-05-27T09:34:42.000Z,340.0,10660.0
127131.575_480825.640-Rest,52.314712103580554,4.978572614592585,truck11,2021-05-27T09:38:33.000Z,380.0,11040.0
127123.446_481368.474-Rest,52.319662103598226,4.9785826146290235,truck11,2021-05-27T09:43:03.000Z,420.0,11460.0
127123.446_481368.474-Rest,52.31965210359819,4.978582614628947,truck11,2021-05-27T09:44:18.000Z,260.0,11720.0
126664.030_481077.142-Rest,52.316732103610434,4.971952614293215,truck11,2021-05-27T09:57:08.000Z,260.0,11980.0
126507.919_481011.610-Rest,52.31617210361692,4.969472614171667,truck11,2021-05-27T10:00:01.000Z,290.0,12270.0
126440.038_481123.192-Rest,52.31725210362406,4.9685026141332775,truck11,2021-05-27T10:03:34.000Z,270.0,12540.0
126490.135_481444.204-Rest,52.32019210363314,4.968982614176731,truck11,2021-05-27T10:06:49.000Z,420.0,12960.0
124591.929_483610.170-Rest,52.339682103806645,4.940992612973677,truck11,2021-05-27T11:08:12.000Z,460.0,13420.0
124524.702_483557.024-Rest,52.339142103806914,4.940102612927665,truck11,2021-05-27T11:17:15.000Z,490.0,13910.0
123612.046_483492.051-Rest,52.338362103844524,4.9267026122827176,truck12,2021-05-27T07:35:10.000Z,145.0,145.0
124196.958_485916.060-Rest,52.3602121039315,4.93517261282463,truck12,2021-05-27T08:13:23.000Z,420.0,565.0
124195.028_486559.170-Rest,52.36614210396662,4.935032612855294,truck12,2021-05-27T08:15:19.000Z,285.0,850.0
124018.699_486210.337-Rest,52.36299210395598,4.932432612709784,truck12,2021-05-27T08:18:00.000Z,385.0,1235.0
124228.845_486567.849-Rest,52.36618210396519,4.93557261288168,truck12,2021-05-27T08:19:26.000Z,85.0,1320.0
124228.845_486567.849-Rest,52.36618210396519,4.93557261288168,truck12,2021-05-27T08:20:57.000Z,150.0,1470.0
124672.912_485924.408-Rest,52.360332103911134,4.94193261315178,truck12,2021-05-27T08:21:07.000Z,555.0,2025.0
124346.776_486569.322-Rest,52.36618210395998,4.937242612962515,truck12,2021-05-27T08:25:26.000Z,115.0,2140.0
124346.776_486569.322-Rest,52.36618210395998,4.937242612962515,truck12,2021-05-27T08:26:43.000Z,120.0,2260.0
124268.444_486232.299-Rest,52.36316210394507,4.936292612897376,truck12,2021-05-27T09:07:41.000Z,270.0,2530.0
123441.596_486309.341-Rest,52.3639121039871,4.923942612305412,truck12,2021-05-27T09:09:50.000Z,80.0,2610.0
123403.399_484178.406-Rest,52.34459210388337,4.923682612176134,truck12,2021-05-27T09:24:41.000Z,240.0,2850.0
123403.399_484178.406-Rest,52.34459210388337,4.923682612176134,truck12,2021-05-27T09:26:02.000Z,180.0,3030.0
123652.512_483976.655-Rest,52.342812103864084,4.927202612333732,truck12,2021-05-27T09:34:17.000Z,425.0,3455.0
123478.427_483966.342-Rest,52.34265210387126,4.924572612206996,truck12,2021-05-27T09:39:44.000Z,260.0,3715.0
123478.427_483966.342-Rest,52.342662103871334,4.924562612206577,truck12,2021-05-27T09:41:12.000Z,420.0,4135.0
123255.065_484547.690-Rest,52.34794210390663,4.921522612092829,truck12,2021-05-27T09:52:28.000Z,60.0,4195.0
123255.065_484547.690-Rest,52.34794210390663,4.921522612092829,truck12,2021-05-27T09:54:27.000Z,435.0,4630.0
122782.647_484805.903-Rest,52.35030210393997,4.91435261176318,truck12,2021-05-27T10:10:10.000Z,315.0,4945.0
123342.268_483767.110-Rest,52.341012103868486,4.922862612115398,truck12,2021-05-27T10:18:05.000Z,345.0,5290.0
123208.245_483831.266-Rest,52.34126210387554,4.920902612023274,truck12,2021-05-27T10:23:30.000Z,290.0,5580.0
123208.245_483831.266-Rest,52.34136210387611,4.920882612022916,truck12,2021-05-27T10:25:16.000Z,250.0,5830.0
123208.245_483831.266-Rest,52.34120210387588,4.920692612012885,truck12,2021-05-27T10:32:28.000Z,445.0,6275.0
123244.422_483741.401-Rest,52.34046210387037,4.921372612040945,truck12,2021-05-27T10:36:12.000Z,425.0,6700.0
122982.331_483599.949-Rest,52.33944210387805,4.9171426118330315,truck12,2021-05-27T10:45:25.000Z,285.0,6985.0
123384.630_484413.134-Rest,52.34667210389518,4.923212612166166,truck12,2021-05-27T10:53:49.000Z,780.0,7765.0
123390.579_484489.943-Rest,52.34756210389902,4.923432612182065,truck12,2021-05-27T10:59:34.000Z,400.0,8165.0
123390.579_484489.943-Rest,52.34756210389902,4.923432612182065,truck12,2021-05-27T11:00:37.000Z,5.0,8170.0
123416.212_484271.677-Rest,52.3453821038875,4.923622612178026,truck12,2021-05-27T11:05:59.000Z,490.0,8660.0
123333.768_484255.077-Rest,52.345252103889884,4.922612612128902,truck12,2021-05-27T11:10:40.000Z,360.0,9020.0
123333.768_484255.077-Rest,52.345252103889884,4.922612612128902,truck12,2021-05-27T11:11:45.000Z,355.0,9375.0
122374.977_484402.287-Rest,52.34663210393913,4.908142611444777,truck12,2021-05-27T11:12:58.000Z,360.0,9735.0
122374.977_484402.287-Rest,52.34663210393909,4.908152611445253,truck12,2021-05-27T11:14:14.000Z,205.0,9940.0
122374.977_484402.287-Rest,52.34663210393907,4.90816261144573,truck12,2021-05-27T11:15:26.000Z,280.0,10220.0
123386.327_483892.405-Rest,52.34211210387178,4.923532612154023,truck12,2021-05-27T11:22:51.000Z,230.0,10450.0
123386.327_483892.405-Rest,52.34211210387178,4.923532612154023,truck12,2021-05-27T11:24:00.000Z,220.0,10670.0
123792.868_484106.249-Rest,52.34400210386328,4.929392612445809,truck12,2021-05-27T11:29:35.000Z,420.0,11090.0
123667.452_484247.590-Rest,52.34534210387636,4.927262612352054,truck12,2021-05-27T11:34:20.000Z,365.0,11455.0
124000.509_484660.183-Rest,52.348972103878914,4.932442612622772,truck12,2021-05-27T11:43:15.000Z,405.0,11860.0
124271.827_484825.388-Rest,52.35063210387567,4.936302612818552,truck12,2021-05-27T11:50:32.000Z,430.0,12290.0
124330.046_484889.951-Rest,52.35116210387571,4.937182612864201,truck12,2021-05-27T12:02:06.000Z,280.0,12570.0
124271.217_484784.334-Rest,52.35013210387314,4.936262612813472,truck12,2021-05-27T13:23:00.000Z,165.0,12735.0
124271.217_484784.334-Rest,52.35013210387314,4.936262612813472,truck12,2021-05-27T13:23:56.000Z,255.0,12990.0
124383.844_484655.887-Rest,52.34898210386238,4.9378226128811145,truck12,2021-05-27T13:27:05.000Z,185.0,13175.0
124282.742_484650.609-Rest,52.34882210386524,4.936632612822959,truck12,2021-05-27T13:31:31.000Z,170.0,13345.0
124282.742_484650.609-Rest,52.34882210386524,4.936632612822959,truck12,2021-05-27T13:32:21.000Z,445.0,13790.0
121831.989_492429.344-Rest,52.41874210445009,4.899602611438018,truck13,2021-05-27T07:35:28.000Z,310.0,310.0
121807.672_492369.889-Rest,52.41809210444527,4.899372611423005,truck13,2021-05-27T07:38:49.000Z,430.0,740.0
121699.427_492482.720-Rest,52.41912210445877,4.897622611342494,truck13,2021-05-27T07:43:08.000Z,225.0,965.0
121230.060_492452.900-Rest,52.41890210447597,4.890702611000191,truck13,2021-05-27T07:48:18.000Z,915.0,1880.0
121181.577_492261.472-Rest,52.41712210446332,4.88987261094963,truck13,2021-05-27T07:53:35.000Z,665.0,2545.0
120986.757_492450.296-Rest,52.41878210448432,4.887252610829639,truck13,2021-05-27T07:58:42.000Z,845.0,3390.0
120745.381_492167.782-Rest,52.41629210447336,4.883572610635315,truck13,2021-05-27T08:05:08.000Z,170.0,3560.0
120745.381_492167.782-Rest,52.41629210447336,4.883572610635315,truck13,2021-05-27T08:06:08.000Z,195.0,3755.0
121243.792_492039.974-Rest,52.41515210444384,4.891022610995485,truck13,2021-05-27T08:11:06.000Z,190.0,3945.0
121243.792_492039.974-Rest,52.41515210444384,4.891022610995485,truck13,2021-05-27T08:12:23.000Z,435.0,4380.0
120799.869_492046.006-Rest,52.41516210446219,4.884262610663228,truck13,2021-05-27T08:21:13.000Z,555.0,4935.0
122224.249_489992.034-Rest,52.39676210425869,4.905782611616538,truck13,2021-05-27T08:34:58.000Z,410.0,5345.0
122224.249_489992.034-Rest,52.39676210425869,4.905782611616538,truck13,2021-05-27T08:36:14.000Z,315.0,5660.0
122638.020_490796.736-Rest,52.4039721042968,4.911572611942006,truck13,2021-05-27T08:40:36.000Z,2065.0,7725.0
123034.070_490909.462-Rest,52.40514210428826,4.917612612245667,truck13,2021-05-27T08:47:27.000Z,2725.0,10450.0
123156.164_490901.902-Rest,52.40498210428267,4.919092612317465,truck13,2021-05-27T08:48:50.000Z,5.0,10455.0
123139.773_491089.490-Rest,52.40681210429709,4.919062612327042,truck13,2021-05-27T08:53:30.000Z,275.0,10730.0
122750.021_490644.252-Rest,52.40274210428215,4.913342612021642,truck13,2021-05-27T08:54:36.000Z,2440.0,13170.0
123139.773_491089.490-Rest,52.40681210429709,4.919062612327042,truck13,2021-05-27T08:54:37.000Z,250.0,13420.0
124343.375_490569.183-Rest,52.402032104206995,4.936582613159457,truck13,2021-05-27T09:49:15.000Z,535.0,13955.0
116706.731_485862.460-Rest,52.35963210422122,4.824782607530517,truck14,2021-05-27T07:36:44.000Z,495.0,495.0
116706.731_485862.460-Rest,52.35965210422134,4.824782607530601,truck14,2021-05-27T07:37:25.000Z,405.0,900.0
116705.661_485943.250-Rest,52.35972210422144,4.824902607536588,truck14,2021-05-27T07:39:54.000Z,0.0,900.0
117031.087_485869.480-Rest,52.35974210420981,4.830072607782747,truck14,2021-05-27T07:44:16.000Z,375.0,1275.0
117500.340_485913.354-Rest,52.36011210419675,4.836652608097758,truck14,2021-05-27T07:53:27.000Z,195.0,1470.0
117500.340_485913.354-Rest,52.36012210419686,4.83662260809637,truck14,2021-05-27T07:54:32.000Z,225.0,1695.0
117499.710_486130.070-Rest,52.36165210420599,4.836462608095204,truck14,2021-05-27T07:57:44.000Z,170.0,1865.0
117487.636_486184.413-Rest,52.362532104211624,4.8362226080874695,truck14,2021-05-27T07:59:06.000Z,655.0,2520.0
117468.018_486248.960-Rest,52.36257210421188,4.836212608087161,truck14,2021-05-27T07:59:39.000Z,295.0,2815.0
117468.018_486248.960-Rest,52.36261210421209,4.836222608087807,truck14,2021-05-27T08:00:35.000Z,190.0,3005.0
117606.110_486177.169-Rest,52.362262104205655,4.838102608176028,truck14,2021-05-27T08:03:54.000Z,130.0,3135.0
117606.110_486177.169-Rest,52.3622921042058,4.838122608177108,truck14,2021-05-27T08:04:42.000Z,115.0,3250.0
117606.110_486177.169-Rest,52.36232210420597,4.838122608177236,truck14,2021-05-27T08:05:34.000Z,185.0,3435.0
117606.110_486177.169-Rest,52.36204210420402,4.838262608182725,truck14,2021-05-27T08:07:48.000Z,140.0,3575.0
117606.110_486177.169-Rest,52.36205210420409,4.838262608182767,truck14,2021-05-27T08:08:50.000Z,15.0,3590.0
117668.504_486143.701-Rest,52.3619721042015,4.83917260822585,truck14,2021-05-27T08:12:06.000Z,260.0,3850.0
117505.510_485385.177-Rest,52.35509210416873,4.836692608078477,truck14,2021-05-27T08:12:57.000Z,100.0,3950.0
118123.169_484776.176-Rest,52.349582104117246,4.846112608502613,truck14,2021-05-27T08:13:14.000Z,870.0,4820.0
117454.040_485463.066-Rest,52.355852104174446,4.83603260805028,truck14,2021-05-27T08:15:31.000Z,170.0,4990.0
117454.040_485463.066-Rest,52.355852104174446,4.83603260805028,truck14,2021-05-27T08:16:26.000Z,65.0,5055.0
117795.173_486097.269-Rest,52.36158210419509,4.840922608307685,truck14,2021-05-27T08:19:22.000Z,755.0,5810.0
117559.148_485530.277-Rest,52.3563621041737,4.837532608123816,truck14,2021-05-27T08:19:25.000Z,105.0,5915.0
117795.173_486097.269-Rest,52.36158210419509,4.840922608307685,truck14,2021-05-27T08:19:55.000Z,195.0,6110.0
117559.148_485530.277-Rest,52.3563621041737,4.837532608123816,truck14,2021-05-27T08:20:20.000Z,275.0,6385.0
117775.618_486110.910-Rest,52.3617321041966,4.840662608295923,truck14,2021-05-27T08:22:26.000Z,495.0,6880.0
117775.618_486110.910-Rest,52.3617321041966,4.840662608295923,truck14,2021-05-27T08:23:03.000Z,140.0,7020.0
117456.916_485634.142-Rest,52.35732210418255,4.836012608055511,truck14,2021-05-27T08:31:52.000Z,375.0,7395.0
117456.916_485634.142-Rest,52.357332104182625,4.836012608055551,truck14,2021-05-27T08:33:07.000Z,155.0,7550.0
117456.916_485634.142-Rest,52.35732210418255,4.836012608055511,truck14,2021-05-27T08:34:05.000Z,330.0,7880.0
117456.916_485634.142-Rest,52.35732210418262,4.835982608054082,truck14,2021-05-27T08:35:08.000Z,270.0,8150.0
116882.521_486367.372-Rest,52.363872104238894,4.827752607689037,truck14,2021-05-27T09:09:09.000Z,710.0,8860.0
116882.521_486367.372-Rest,52.363872104238894,4.827752607689037,truck14,2021-05-27T09:09:46.000Z,290.0,9150.0
116954.153_486360.685-Rest,52.36384210423635,4.828802607738984,truck14,2021-05-27T09:13:05.000Z,240.0,9390.0
116954.153_486360.685-Rest,52.36384210423635,4.828802607738984,truck14,2021-05-27T09:13:57.000Z,190.0,9580.0
117019.662_486360.786-Rest,52.363862104234244,4.829772607785323,truck14,2021-05-27T09:16:12.000Z,220.0,9800.0
117019.662_486360.786-Rest,52.363862104234244,4.829772607785323,truck14,2021-05-27T09:17:06.000Z,560.0,10360.0
117085.868_486362.164-Rest,52.3638821042322,4.830722607830716,truck14,2021-05-27T09:19:21.000Z,100.0,10460.0
117085.868_486362.164-Rest,52.363872104232144,4.830722607830676,truck14,2021-05-27T09:20:23.000Z,280.0,10740.0
117151.128_486362.681-Rest,52.36388210422996,4.8316926078769855,truck14,2021-05-27T09:23:03.000Z,270.0,11010.0
117151.128_486362.681-Rest,52.36388210422996,4.8316926078769855,truck14,2021-05-27T09:24:36.000Z,985.0,11995.0
117454.432_486777.737-Rest,52.367672104242814,4.83588260809292,truck14,2021-05-27T09:25:43.000Z,265.0,12260.0
117454.432_486777.737-Rest,52.36766210424277,4.835892608093352,truck14,2021-05-27T09:27:01.000Z,175.0,12435.0
117117.910_486221.623-Rest,52.36252210422374,4.830952607836085,truck14,2021-05-27T09:27:43.000Z,650.0,13085.0
117117.910_486221.623-Rest,52.36252210422374,4.830952607836085,truck14,2021-05-27T09:28:12.000Z,310.0,13395.0
117015.174_486220.199-Rest,52.362522104227075,4.829492607766491,truck14,2021-05-27T09:31:58.000Z,140.0,13535.0
117792.170_486730.495-Rest,52.367192104228465,4.840782608325191,truck14,2021-05-27T09:32:18.000Z,310.0,13845.0
117792.170_486730.495-Rest,52.367192104228465,4.840782608325191,truck14,2021-05-27T09:33:09.000Z,60.0,13905.0
128941.745_485297.443-Rest,52.35515210366848,5.004342616135172,truck15,2021-05-27T07:54:32.000Z,105.0,105.0
127120.671_486006.160-Rest,52.361212103796724,4.978062614906757,truck15,2021-05-27T09:49:53.000Z,490.0,595.0
127120.671_486006.160-Rest,52.361212103796724,4.978062614906757,truck15,2021-05-27T09:51:48.000Z,475.0,1070.0
127272.985_485822.868-Rest,52.359622103780616,4.980082614993062,truck15,2021-05-27T09:56:12.000Z,225.0,1295.0
127405.785_485866.553-Rest,52.359952103774845,4.98227261510169,truck15,2021-05-27T10:03:58.000Z,450.0,1745.0
127977.419_485564.938-Rest,52.357192103730085,4.990522615481003,truck15,2021-05-27T10:11:10.000Z,225.0,1970.0
127986.352_485450.446-Rest,52.35620210372309,4.99094261549383,truck15,2021-05-27T10:14:54.000Z,345.0,2315.0
128373.812_485112.061-Rest,52.353202103686215,4.996642615746849,truck15,2021-05-27T10:20:44.000Z,315.0,2630.0
128725.613_484918.160-Rest,52.35145210365884,5.0015626159713005,truck15,2021-05-27T10:26:10.000Z,325.0,2955.0
128725.613_484918.160-Rest,52.35145210365884,5.0015626159713005,truck15,2021-05-27T10:27:51.000Z,475.0,3430.0
128883.575_484807.223-Rest,52.3504621036447,5.003972616080086,truck15,2021-05-27T10:34:26.000Z,310.0,3740.0
129305.081_484865.686-Rest,52.35131210362662,5.01001261637919,truck15,2021-05-27T10:41:23.000Z,410.0,4150.0
129168.203_484556.624-Rest,52.34834210361881,5.007972616256621,truck15,2021-05-27T10:47:50.000Z,270.0,4420.0
129168.203_484556.624-Rest,52.34834210361881,5.007972616256621,truck15,2021-05-27T10:49:40.000Z,970.0,5390.0
129319.722_484423.605-Rest,52.34717210360473,5.010132616351607,truck15,2021-05-27T10:57:11.000Z,490.0,5880.0
129214.256_484269.501-Rest,52.34567210360229,5.008772616273853,truck15,2021-05-27T11:47:44.000Z,320.0,6200.0
129119.431_484458.469-Rest,52.34764210361692,5.00752261622927,truck15,2021-05-27T11:53:20.000Z,290.0,6490.0
129020.343_484853.877-Rest,52.351072103640874,5.005862616176375,truck15,2021-05-27T11:59:00.000Z,85.0,6575.0
129020.343_484853.877-Rest,52.351072103640874,5.005862616176375,truck15,2021-05-27T12:00:13.000Z,310.0,6885.0
129020.343_484853.877-Rest,52.3510821036415,5.005712616169195,truck15,2021-05-27T12:01:13.000Z,245.0,7130.0
128581.656_485041.940-Rest,52.35254210367335,4.999182615864663,truck15,2021-05-27T12:21:41.000Z,30.0,7160.0
127895.094_485775.821-Rest,52.35917210374603,4.989172615430554,truck15,2021-05-27T12:27:46.000Z,65.0,7225.0
128500.706_485252.996-Rest,52.354782103688834,4.9982526158370835,truck15,2021-05-27T12:34:04.000Z,185.0,7410.0
128500.706_485252.996-Rest,52.354782103688834,4.9982526158370835,truck15,2021-05-27T12:35:01.000Z,380.0,7790.0
128419.851_485394.908-Rest,52.35581210369944,4.996892615779177,truck15,2021-05-27T12:39:36.000Z,505.0,8295.0
128179.754_485939.832-Rest,52.36077210373995,4.99340261564809,truck15,2021-05-27T12:44:49.000Z,370.0,8665.0
128097.577_485925.702-Rest,52.360572103742626,4.992342615595076,truck15,2021-05-27T12:49:19.000Z,960.0,9625.0
128546.366_485644.458-Rest,52.35806210370414,4.999032615900475,truck15,2021-05-27T12:56:47.000Z,240.0,9865.0
128546.366_485644.458-Rest,52.35806210370414,4.999032615900475,truck15,2021-05-27T12:58:20.000Z,400.0,10265.0
128546.366_485644.458-Rest,52.35806210370414,4.999032615900475,truck15,2021-05-27T13:00:23.000Z,425.0,10690.0
128355.930_485437.441-Rest,52.356322103705715,4.995932615736588,truck15,2021-05-27T13:07:57.000Z,390.0,11080.0
128355.930_485437.441-Rest,52.356322103705715,4.995932615736588,truck15,2021-05-27T13:09:17.000Z,160.0,11240.0
128355.930_485437.441-Rest,52.356322103705715,4.995932615736588,truck15,2021-05-27T13:10:36.000Z,95.0,11335.0
127895.094_485775.821-Rest,52.3592921037451,4.989622615453293,truck15,2021-05-27T13:20:45.000Z,350.0,11685.0
127895.094_485775.821-Rest,52.359402103745786,4.989602615453159,truck15,2021-05-27T13:21:38.000Z,0.0,11685.0
127895.094_485775.821-Rest,52.3595021037464,4.989582615452943,truck15,2021-05-27T13:23:58.000Z,270.0,11955.0
127982.540_485945.505-Rest,52.36081210375038,4.990562615510466,truck15,2021-05-27T13:28:49.000Z,210.0,12165.0
127982.540_485945.505-Rest,52.36081210375038,4.990562615510466,truck15,2021-05-27T13:29:57.000Z,185.0,12350.0
122803.812_490620.189-Rest,52.40252210427839,4.914062612055676,truck16,2021-05-27T09:01:51.000Z,2950.0,2950.0
124343.375_490569.183-Rest,52.402032104206995,4.936582613159457,truck16,2021-05-27T09:50:53.000Z,305.0,3255.0
123846.067_490823.231-Rest,52.40437210424714,4.929372612819427,truck16,2021-05-27T09:56:39.000Z,170.0,3425.0
123895.771_490786.138-Rest,52.40399210424154,4.930252612860354,truck16,2021-05-27T09:59:43.000Z,150.0,3575.0
123895.771_490786.138-Rest,52.40399210424154,4.930252612860354,truck16,2021-05-27T10:00:38.000Z,125.0,3700.0
124063.226_490501.489-Rest,52.40153210421566,4.9325226129565225,truck16,2021-05-27T10:08:20.000Z,240.0,3940.0
123478.274_491274.770-Rest,52.40840210429472,4.924092612584422,truck16,2021-05-27T10:15:23.000Z,765.0,4705.0
123438.258_491304.326-Rest,52.40859210429801,4.923492612556025,truck16,2021-05-27T10:19:42.000Z,155.0,4860.0
123485.075_491363.215-Rest,52.40928210430155,4.924152612592801,truck16,2021-05-27T10:23:24.000Z,420.0,5280.0
123180.381_491977.894-Rest,52.41472210435907,4.919642612403554,truck16,2021-05-27T10:28:31.000Z,45.0,5325.0
123273.074_491922.737-Rest,52.4141421043505,4.9209126124627405,truck16,2021-05-27T10:31:22.000Z,115.0,5440.0
123055.445_491219.587-Rest,52.407782104307344,4.918182612289587,truck16,2021-05-27T10:36:03.000Z,275.0,5715.0
123223.315_491091.790-Rest,52.40694210429543,4.919962612372117,truck16,2021-05-27T10:39:34.000Z,390.0,6105.0
121321.300_490503.005-Rest,52.40149210433118,4.892562610996531,truck16,2021-05-27T10:50:34.000Z,485.0,6590.0
121139.192_490990.526-Rest,52.40585210437269,4.889692610879734,truck16,2021-05-27T11:01:17.000Z,535.0,7125.0
122170.807_489566.187-Rest,52.39291210423271,4.90499261155595,truck16,2021-05-27T11:11:51.000Z,25.0,7150.0
122772.017_489319.456-Rest,52.390802104192744,4.913632611965449,truck16,2021-05-27T11:16:48.000Z,195.0,7345.0
122772.017_489319.456-Rest,52.390802104192744,4.913632611965449,truck16,2021-05-27T11:18:04.000Z,290.0,7635.0
122854.178_489266.750-Rest,52.39029210418541,4.914892612023946,truck16,2021-05-27T11:22:33.000Z,190.0,7825.0
122854.178_489266.750-Rest,52.39023210418469,4.91500261202896,truck16,2021-05-27T11:23:45.000Z,410.0,8235.0
122305.493_488983.590-Rest,52.38778210419046,4.9070026116246215,truck16,2021-05-27T11:30:16.000Z,215.0,8450.0
121320.291_488887.602-Rest,52.386802104224266,4.892472610912319,truck16,2021-05-27T11:31:00.000Z,470.0,8920.0
121352.737_488763.622-Rest,52.38572210421546,4.892952610929781,truck16,2021-05-27T11:35:15.000Z,395.0,9315.0
122014.960_488899.885-Rest,52.38675210419653,4.902332611391438,truck16,2021-05-27T11:35:35.000Z,325.0,9640.0
122014.960_488899.885-Rest,52.38675210419653,4.902332611391438,truck16,2021-05-27T11:36:40.000Z,225.0,9865.0
121248.383_488641.194-Rest,52.38473210421248,4.89154261085597,truck16,2021-05-27T11:40:59.000Z,110.0,9975.0
121890.725_488962.030-Rest,52.387802104207275,4.90111261133797,truck16,2021-05-27T11:41:03.000Z,195.0,10170.0
121248.383_488641.194-Rest,52.38473210421248,4.89154261085597,truck16,2021-05-27T11:42:05.000Z,15.0,10185.0
121254.020_488710.261-Rest,52.38527210421599,4.891612610862279,truck16,2021-05-27T11:45:17.000Z,235.0,10420.0
121954.963_488751.659-Rest,52.38573210419072,4.901882611363813,truck16,2021-05-27T11:46:27.000Z,165.0,10585.0
121954.963_488751.659-Rest,52.38573210419072,4.901882611363813,truck16,2021-05-27T11:47:42.000Z,410.0,10995.0
121266.726_488868.273-Rest,52.386822104226646,4.891642610872101,truck16,2021-05-27T11:49:21.000Z,155.0,11150.0
121266.726_488868.273-Rest,52.386822104226646,4.891642610872101,truck16,2021-05-27T11:50:30.000Z,90.0,11240.0
122279.355_487671.392-Rest,52.37591210411208,4.906482611531522,truck16,2021-05-27T12:21:29.000Z,190.0,11430.0
122279.355_487671.392-Rest,52.37591210411208,4.906482611531522,truck16,2021-05-27T12:23:17.000Z,290.0,11720.0
122248.758_487686.232-Rest,52.37606210411471,4.905912611504763,truck16,2021-05-27T12:31:12.000Z,785.0,12505.0
122248.758_487686.232-Rest,52.37606210411471,4.905912611504763,truck16,2021-05-27T12:32:59.000Z,315.0,12820.0
123665.826_486718.364-Rest,52.367452103998644,4.927132612481187,truck16,2021-05-27T12:43:33.000Z,120.0,12940.0
123665.826_486718.364-Rest,52.36753210399938,4.9270326124768395,truck16,2021-05-27T12:44:56.000Z,270.0,13210.0
123886.444_486722.719-Rest,52.36754210398875,4.930562612647723,truck16,2021-05-27T12:50:03.000Z,225.0,13435.0
123886.444_486722.719-Rest,52.36754210398875,4.930562612647723,truck16,2021-05-27T12:51:44.000Z,320.0,13755.0
124266.655_487095.234-Rest,52.370932103993624,4.935742612920002,truck16,2021-05-27T13:02:18.000Z,235.0,13990.0
124570.423_487794.353-Rest,52.37687210401675,4.940442613186378,truck17,2021-05-27T09:11:15.000Z,530.0,530.0
123727.248_487601.437-Rest,52.37541210404597,4.927892612567019,truck17,2021-05-27T09:19:18.000Z,50.0,580.0
124024.138_487943.975-Rest,52.37849210405233,4.93237261280397,truck17,2021-05-27T09:19:49.000Z,385.0,965.0
124024.138_487943.975-Rest,52.37849210405233,4.93237261280397,truck17,2021-05-27T09:21:10.000Z,365.0,1330.0
123460.799_487674.310-Rest,52.37607210406221,4.9239126123778005,truck17,2021-05-27T09:22:19.000Z,65.0,1395.0
124239.348_487433.568-Rest,52.373832104012955,4.935382612920908,truck17,2021-05-27T09:28:29.000Z,75.0,1470.0
123966.731_487560.657-Rest,52.37525210403478,4.93124261272874,truck17,2021-05-27T09:30:45.000Z,340.0,1810.0
123966.731_487560.657-Rest,52.37525210403478,4.93124261272874,truck17,2021-05-27T09:32:25.000Z,170.0,1980.0
124601.901_487387.736-Rest,52.373602103994784,4.940752613180339,truck17,2021-05-27T09:39:34.000Z,45.0,2025.0
124902.071_487499.512-Rest,52.374502103986195,4.945292613406936,truck17,2021-05-27T09:43:16.000Z,75.0,2100.0
123944.924_487967.962-Rest,52.378662104056474,4.9313926127573495,truck17,2021-05-27T09:48:29.000Z,35.0,2135.0
123448.398_488083.313-Rest,52.379712104086416,4.923782612393635,truck17,2021-05-27T09:51:35.000Z,65.0,2200.0
124306.997_486893.474-Rest,52.36904210397977,4.936452612942435,truck17,2021-05-27T10:05:21.000Z,75.0,2275.0
125349.133_486840.838-Rest,52.368602103928396,4.95183261368561,truck17,2021-05-27T10:12:24.000Z,80.0,2355.0
124849.786_486563.136-Rest,52.36615210393737,4.944392613308584,truck17,2021-05-27T10:26:59.000Z,225.0,2580.0
124670.220_486442.521-Rest,52.36503210394026,4.941362613154579,truck17,2021-05-27T10:28:14.000Z,70.0,2650.0
124306.806_486452.781-Rest,52.36496210395426,4.936752612931044,truck17,2021-05-27T10:30:24.000Z,275.0,2925.0
124858.646_486012.287-Rest,52.36106210390785,4.944302613271025,truck17,2021-05-27T10:33:27.000Z,90.0,3015.0
124455.398_486456.641-Rest,52.36521210394967,4.938702613026993,truck17,2021-05-27T10:39:41.000Z,350.0,3365.0
124455.398_486456.641-Rest,52.36521210394967,4.938702613026993,truck17,2021-05-27T10:40:49.000Z,140.0,3505.0
124475.319_486513.790-Rest,52.36571210395046,4.939402613064077,truck17,2021-05-27T10:43:13.000Z,0.0,3505.0
124475.319_486513.790-Rest,52.36571210395046,4.939402613064077,truck17,2021-05-27T10:44:19.000Z,195.0,3700.0
124584.835_486442.406-Rest,52.36504210394222,4.94075261312512,truck17,2021-05-27T10:46:49.000Z,245.0,3945.0
124584.835_486442.406-Rest,52.36504210394222,4.94075261312512,truck17,2021-05-27T10:47:46.000Z,200.0,4145.0
124301.269_486510.678-Rest,52.3656521039594,4.936412612918973,truck17,2021-05-27T10:52:25.000Z,260.0,4405.0
124301.269_486510.678-Rest,52.3656521039594,4.936412612918973,truck17,2021-05-27T10:53:24.000Z,320.0,4725.0
123448.398_488083.313-Rest,52.379732104086735,4.923722612390839,truck17,2021-05-27T11:06:43.000Z,310.0,5035.0
124796.771_485706.588-Rest,52.35856210389524,4.943782613229633,truck17,2021-05-27T11:22:29.000Z,335.0,5370.0
124796.771_485706.588-Rest,52.35856210389524,4.943782613229633,truck17,2021-05-27T11:23:42.000Z,0.0,5370.0
124796.771_485706.588-Rest,52.358572103895305,4.943782613229699,truck17,2021-05-27T11:23:58.000Z,215.0,5585.0
124670.846_485715.844-Rest,52.35868210390168,4.9419626131425645,truck17,2021-05-27T11:28:06.000Z,330.0,5915.0
125034.284_485497.173-Rest,52.356582103872306,4.947522613397163,truck17,2021-05-27T11:36:48.000Z,320.0,6235.0
125034.284_485497.173-Rest,52.356592103872366,4.947532613397711,truck17,2021-05-27T11:38:32.000Z,425.0,6660.0
124079.021_486110.123-Rest,52.36202210394743,4.933382612749598,truck17,2021-05-27T11:48:56.000Z,295.0,6955.0
124654.897_486016.963-Rest,52.36112210391657,4.941642613142873,truck17,2021-05-27T11:57:45.000Z,545.0,7500.0
126117.722_487365.802-Rest,52.373452103921416,4.963152614269295,truck17,2021-05-27T12:45:42.000Z,100.0,7600.0
124266.655_487095.234-Rest,52.370932103993624,4.935742612920002,truck17,2021-05-27T13:03:30.000Z,165.0,7765.0
124266.655_487095.234-Rest,52.370932103993624,4.935742612920002,truck17,2021-05-27T13:04:49.000Z,135.0,7900.0
124258.358_487056.601-Rest,52.37062210399148,4.935812612921436,truck17,2021-05-27T13:10:55.000Z,185.0,8085.0
124258.358_487056.601-Rest,52.37062210399148,4.935812612921436,truck17,2021-05-27T13:12:03.000Z,225.0,8310.0
124258.358_487056.601-Rest,52.37062210399148,4.935812612921436,truck17,2021-05-27T13:13:37.000Z,440.0,8750.0
124370.930_487127.673-Rest,52.371152103990305,4.937252612994659,truck17,2021-05-27T13:20:07.000Z,235.0,8985.0
124473.056_487257.169-Rest,52.372432103992864,4.939002613087792,truck17,2021-05-27T13:24:18.000Z,285.0,9270.0
124526.326_487435.385-Rest,52.374002103999956,4.9399126131420905,truck17,2021-05-27T13:30:23.000Z,365.0,9635.0
124526.326_487435.385-Rest,52.374002103999956,4.9399126131420905,truck17,2021-05-27T13:31:44.000Z,385.0,10020.0
124284.005_487126.961-Rest,52.37116210399335,4.936292612948143,truck17,2021-05-27T13:41:12.000Z,130.0,10150.0
124284.005_487126.961-Rest,52.37116210399335,4.936292612948143,truck17,2021-05-27T13:42:49.000Z,535.0,10685.0
124284.005_487126.961-Rest,52.37116210399335,4.936292612948143,truck17,2021-05-27T13:44:27.000Z,375.0,11060.0
124488.403_486235.273-Rest,52.3632121039349,4.939662613060619,truck18,2021-05-27T09:12:06.000Z,285.0,285.0
124488.403_486235.273-Rest,52.3632121039349,4.939662613060619,truck18,2021-05-27T09:13:14.000Z,200.0,485.0
124488.403_486235.273-Rest,52.36327210393558,4.939552613055684,truck18,2021-05-27T09:14:17.000Z,555.0,1040.0
124562.755_486252.169-Rest,52.36325210393302,4.940332613093277,truck18,2021-05-27T09:19:13.000Z,485.0,1525.0
124562.755_486252.169-Rest,52.36325210393302,4.940332613093277,truck18,2021-05-27T09:20:23.000Z,430.0,1955.0
124571.477_486108.058-Rest,52.36196210392449,4.94066261310093,truck18,2021-05-27T09:24:58.000Z,320.0,2275.0
124535.962_485968.544-Rest,52.36085210392011,4.940022613062872,truck18,2021-05-27T09:31:04.000Z,205.0,2480.0
124535.962_485968.544-Rest,52.36085210392011,4.940022613062872,truck18,2021-05-27T09:32:00.000Z,40.0,2520.0
124535.962_485968.544-Rest,52.36085210392011,4.940022613062872,truck18,2021-05-27T09:33:03.000Z,270.0,2790.0
124802.954_486072.272-Rest,52.36169210391236,4.944022613261595,truck18,2021-05-27T09:39:42.000Z,565.0,3355.0
124802.954_486072.272-Rest,52.36169210391236,4.944022613261595,truck18,2021-05-27T09:40:47.000Z,300.0,3655.0
122975.797_487058.305-Rest,52.37045210404758,4.9168626120023715,truck18,2021-05-27T09:52:18.000Z,410.0,4065.0
122975.797_487058.305-Rest,52.37045210404758,4.9168626120023715,truck18,2021-05-27T09:53:44.000Z,445.0,4510.0
123001.360_487215.772-Rest,52.371832104055585,4.917052612019734,truck18,2021-05-27T09:59:48.000Z,520.0,5030.0
123001.360_487215.772-Rest,52.371832104055585,4.917052612019734,truck18,2021-05-27T10:01:02.000Z,485.0,5515.0
123001.360_487215.772-Rest,52.371832104055585,4.917052612019734,truck18,2021-05-27T10:02:10.000Z,360.0,5875.0
123001.360_487215.772-Rest,52.371832104055585,4.917052612019734,truck18,2021-05-27T10:03:25.000Z,335.0,6210.0
123856.544_485645.641-Rest,52.35787210393377,4.930132612566966,truck18,2021-05-27T10:45:52.000Z,40.0,6250.0
122769.011_485732.941-Rest,52.35851210398501,4.914152611801459,truck18,2021-05-27T11:00:17.000Z,270.0,6520.0
122769.011_485732.941-Rest,52.35851210398501,4.914152611801459,truck18,2021-05-27T11:01:37.000Z,95.0,6615.0
122468.158_485615.114-Rest,52.35748210399229,4.9096626115796065,truck18,2021-05-27T11:05:37.000Z,90.0,6705.0
122468.158_485615.114-Rest,52.35739210399154,4.909732611582454,truck18,2021-05-27T11:06:32.000Z,340.0,7045.0
122318.013_485470.151-Rest,52.35624210399124,4.907622611474519,truck18,2021-05-27T11:10:07.000Z,245.0,7290.0
122414.952_485513.211-Rest,52.3566321039892,4.909082611546868,truck18,2021-05-27T11:12:43.000Z,410.0,7700.0
122414.952_485513.211-Rest,52.35672210398955,4.909142611550267,truck18,2021-05-27T11:14:57.000Z,970.0,8670.0
122354.199_485579.663-Rest,52.3571921039942,4.908422611518361,truck18,2021-05-27T11:20:08.000Z,230.0,8900.0
122354.199_485579.663-Rest,52.35728210399448,4.908502611522718,truck18,2021-05-27T11:21:02.000Z,190.0,9090.0
121232.206_484949.362-Rest,52.35152210401087,4.89153261067741,truck18,2021-05-27T11:50:57.000Z,835.0,9925.0
122035.413_484690.905-Rest,52.34916210396621,4.903162611220848,truck18,2021-05-27T12:48:11.000Z,535.0,10460.0
121693.859_483975.015-Rest,52.34282210394792,4.898402610958471,truck18,2021-05-27T12:54:18.000Z,555.0,11015.0
121693.859_483975.015-Rest,52.342732103947235,4.898482610961798,truck18,2021-05-27T12:59:40.000Z,330.0,11345.0
121876.899_484770.492-Rest,52.349892103976075,4.9010126111220425,truck18,2021-05-27T13:00:34.000Z,835.0,12180.0
121798.418_484847.357-Rest,52.35070210398297,4.900052611080583,truck18,2021-05-27T13:08:29.000Z,355.0,12535.0
121798.418_484847.357-Rest,52.35070210398297,4.900052611080583,truck18,2021-05-27T13:09:42.000Z,245.0,12780.0
121820.237_484925.871-Rest,52.35126210398508,4.900342611097554,truck18,2021-05-27T13:13:11.000Z,190.0,12970.0
121820.237_484925.871-Rest,52.35126210398508,4.900342611097554,truck18,2021-05-27T13:14:25.000Z,450.0,13420.0
121375.059_484927.242-Rest,52.35118210400278,4.893822610785121,truck18,2021-05-27T13:15:31.000Z,560.0,13980.0
122358.769_484149.606-Rest,52.34441210392743,4.908372611443137,truck19,2021-05-27T09:28:26.000Z,370.0,370.0
122513.139_484126.260-Rest,52.344172103919995,4.910542611545425,truck19,2021-05-27T09:31:21.000Z,340.0,710.0
122513.139_484126.260-Rest,52.344172103919995,4.910542611545425,truck19,2021-05-27T09:32:46.000Z,360.0,1070.0
122651.262_483952.219-Rest,52.342742103907966,4.912282611620301,truck19,2021-05-27T09:36:13.000Z,310.0,1380.0
122651.262_483952.219-Rest,52.342742103907966,4.912282611620301,truck19,2021-05-27T09:37:32.000Z,295.0,1675.0
122311.299_483771.765-Rest,52.340982103913184,4.907552611384525,truck19,2021-05-27T09:41:28.000Z,505.0,2180.0
122311.299_483771.765-Rest,52.340982103913184,4.907552611384525,truck19,2021-05-27T09:42:37.000Z,310.0,2490.0
122311.299_483771.765-Rest,52.34098210391318,4.907542611384049,truck19,2021-05-27T09:44:24.000Z,375.0,2865.0
122311.299_483771.765-Rest,52.34092210391285,4.907562611384666,truck19,2021-05-27T09:45:39.000Z,425.0,3290.0
121889.782_484177.392-Rest,52.34445210394803,4.9011926111005355,truck19,2021-05-27T09:46:04.000Z,575.0,3865.0
122399.231_484029.457-Rest,52.343242103920495,4.908782611456056,truck19,2021-05-27T09:50:51.000Z,280.0,4145.0
121798.963_484325.742-Rest,52.345822103958476,4.899892611046035,truck19,2021-05-27T09:51:00.000Z,560.0,4705.0
122399.231_484029.457-Rest,52.343242103920495,4.908782611456056,truck19,2021-05-27T09:52:10.000Z,185.0,4890.0
122142.559_484098.471-Rest,52.3437421039333,4.905172611286546,truck19,2021-05-27T09:56:02.000Z,340.0,5230.0
122142.559_484098.471-Rest,52.3437421039333,4.905172611286546,truck19,2021-05-27T09:57:07.000Z,250.0,5480.0
122137.432_483997.143-Rest,52.34292210393013,4.904882611268103,truck19,2021-05-27T10:00:59.000Z,180.0,5660.0
122137.432_483997.143-Rest,52.34292210393014,4.904872611267628,truck19,2021-05-27T10:02:42.000Z,265.0,5925.0
121307.272_484058.718-Rest,52.343322103965654,4.892862610697093,truck19,2021-05-27T10:03:17.000Z,380.0,6305.0
121307.272_484058.718-Rest,52.343322103965654,4.892862610697093,truck19,2021-05-27T10:04:29.000Z,390.0,6695.0
122132.003_483925.888-Rest,52.34227210392723,4.904792611260163,truck19,2021-05-27T10:06:26.000Z,270.0,6965.0
122132.003_483925.888-Rest,52.34227210392723,4.904792611260163,truck19,2021-05-27T10:08:40.000Z,340.0,7305.0
121360.179_483994.710-Rest,52.34279210396082,4.893692610733808,truck19,2021-05-27T10:10:17.000Z,355.0,7660.0
121352.496_484084.886-Rest,52.34370210396592,4.893442610726774,truck19,2021-05-27T10:16:07.000Z,375.0,8035.0
121352.496_484084.886-Rest,52.34370210396592,4.893442610726774,truck19,2021-05-27T10:16:57.000Z,195.0,8230.0
121715.385_484277.946-Rest,52.345372103959015,4.8988926109958175,truck19,2021-05-27T10:23:46.000Z,315.0,8545.0
121715.385_484277.946-Rest,52.34546210395938,4.898922610997746,truck19,2021-05-27T10:25:02.000Z,360.0,8905.0
121717.044_484076.635-Rest,52.34366210395054,4.898922610987874,truck19,2021-05-27T10:37:48.000Z,285.0,9190.0
121717.044_484076.635-Rest,52.34359210395047,4.898822610982718,truck19,2021-05-27T10:39:03.000Z,345.0,9535.0
121946.111_484011.224-Rest,52.34296210393849,4.90199261113045,truck19,2021-05-27T10:43:36.000Z,285.0,9820.0
121946.111_484011.224-Rest,52.34296210393849,4.90199261113045,truck19,2021-05-27T10:45:05.000Z,365.0,10185.0
121940.703_483947.072-Rest,52.34237210393571,4.9019626111257475,truck19,2021-05-27T10:48:40.000Z,380.0,10565.0
122051.766_483777.491-Rest,52.34102210392481,4.903532611193092,truck19,2021-05-27T10:50:34.000Z,325.0,10890.0
121940.703_483947.072-Rest,52.34237210393571,4.9019626111257475,truck19,2021-05-27T10:51:29.000Z,970.0,11860.0
122051.766_483777.491-Rest,52.34107210392532,4.903452611189557,truck19,2021-05-27T10:51:53.000Z,240.0,12100.0
122065.754_483936.371-Rest,52.34248210393104,4.903812611214594,truck19,2021-05-27T10:55:03.000Z,85.0,12185.0
121761.876_483790.871-Rest,52.34109210393705,4.899312610992369,truck19,2021-05-27T10:56:33.000Z,425.0,12610.0
122065.754_483936.371-Rest,52.34248210393088,4.903862611216979,truck19,2021-05-27T10:56:39.000Z,340.0,12950.0
122170.505_484222.699-Rest,52.34497210393903,4.905282611298714,truck19,2021-05-27T11:00:56.000Z,195.0,13145.0
122170.505_484222.699-Rest,52.344982103939074,4.905272611298293,truck19,2021-05-27T11:02:22.000Z,385.0,13530.0
121504.240_483622.255-Rest,52.33953210393984,4.89566261081006,truck19,2021-05-27T11:04:12.000Z,380.0,13910.0
116715.896_484418.338-Rest,52.346392104149054,4.825492607511371,truck20,2021-05-27T09:48:03.000Z,170.0,170.0
116715.896_484418.338-Rest,52.346392104149054,4.825492607511371,truck20,2021-05-27T09:49:01.000Z,295.0,465.0
116715.896_484418.338-Rest,52.346392104149054,4.825492607511371,truck20,2021-05-27T09:49:53.000Z,135.0,600.0
116602.931_484426.953-Rest,52.34637210415274,4.823802607431315,truck20,2021-05-27T09:54:23.000Z,310.0,910.0
116602.931_484426.953-Rest,52.34637210415274,4.823802607431315,truck20,2021-05-27T09:55:11.000Z,30.0,940.0
116140.468_484058.033-Rest,52.343052104151745,4.816892607091805,truck20,2021-05-27T10:00:59.000Z,165.0,1105.0
116140.468_484058.033-Rest,52.343052104151745,4.816892607091805,truck20,2021-05-27T10:01:52.000Z,75.0,1180.0
116076.666_484213.491-Rest,52.34444210416063,4.8159526070527185,truck20,2021-05-27T10:04:54.000Z,130.0,1310.0
116076.666_484213.491-Rest,52.34444210416061,4.815942607052247,truck20,2021-05-27T10:05:52.000Z,95.0,1405.0
116116.867_484844.593-Rest,52.35019210418864,4.816422607096877,truck20,2021-05-27T10:10:19.000Z,245.0,1650.0
116118.401_484792.852-Rest,52.34965210418511,4.81674260710996,truck20,2021-05-27T10:13:18.000Z,380.0,2030.0
116118.401_484792.852-Rest,52.34965210418511,4.81674260710996,truck20,2021-05-27T10:14:13.000Z,345.0,2375.0
116157.454_484724.401-Rest,52.34900210418097,4.817102607124507,truck20,2021-05-27T10:16:47.000Z,410.0,2785.0
116157.454_484724.401-Rest,52.34900210418097,4.817102607124507,truck20,2021-05-27T10:17:41.000Z,280.0,3065.0
116157.321_484583.537-Rest,52.34774210417453,4.817102607119678,truck20,2021-05-27T10:20:33.000Z,455.0,3520.0
116157.321_484583.537-Rest,52.34774210417453,4.817102607119678,truck20,2021-05-27T10:21:25.000Z,240.0,3760.0
116119.142_484505.725-Rest,52.34714210417293,4.816452607086645,truck20,2021-05-27T10:25:16.000Z,350.0,4110.0
116119.142_484505.725-Rest,52.34714210417293,4.816452607086645,truck20,2021-05-27T10:26:11.000Z,280.0,4390.0
116215.099_484445.936-Rest,52.34659210416641,4.818172607165867,truck20,2021-05-27T10:29:26.000Z,220.0,4610.0
116215.099_484445.936-Rest,52.34659210416641,4.818172607165867,truck20,2021-05-27T10:30:31.000Z,20.0,4630.0
116314.927_484719.428-Rest,52.34900210417605,4.81933260723006,truck20,2021-05-27T10:36:47.000Z,230.0,4860.0
116314.927_484719.428-Rest,52.34900210417605,4.81933260723006,truck20,2021-05-27T10:37:34.000Z,65.0,4925.0
116962.136_484728.982-Rest,52.34909210415459,4.829072607691807,truck20,2021-05-27T10:44:15.000Z,325.0,5250.0
116962.136_484728.982-Rest,52.34909210415459,4.829062607691334,truck20,2021-05-27T10:45:19.000Z,555.0,5805.0
117159.757_484621.899-Rest,52.34825210414355,4.832012607827739,truck20,2021-05-27T10:48:04.000Z,305.0,6110.0
117159.757_484621.899-Rest,52.34824210414348,4.832012607827698,truck20,2021-05-27T10:49:03.000Z,385.0,6495.0
117205.977_484641.261-Rest,52.3483421041429,4.832492607850866,truck20,2021-05-27T10:51:45.000Z,180.0,6675.0
117205.977_484641.261-Rest,52.3483421041429,4.832492607850866,truck20,2021-05-27T10:52:48.000Z,250.0,6925.0
117205.977_484641.261-Rest,52.34835210414297,4.832492607850908,truck20,2021-05-27T10:53:47.000Z,355.0,7280.0
117505.199_484810.940-Rest,52.34995210414092,4.836912608067261,truck20,2021-05-27T12:41:56.000Z,200.0,7480.0
117505.199_484810.940-Rest,52.349962104141,4.836912608067304,truck20,2021-05-27T12:43:01.000Z,330.0,7810.0
117441.041_484693.211-Rest,52.34879210413679,4.836132608025368,truck20,2021-05-27T12:46:53.000Z,305.0,8115.0
117441.041_484693.211-Rest,52.34879210413679,4.836132608025368,truck20,2021-05-27T12:47:51.000Z,140.0,8255.0
117441.041_484693.211-Rest,52.34879210413679,4.836132608025368,truck20,2021-05-27T12:48:47.000Z,90.0,8345.0
118400.631_485198.082-Rest,52.35355210412881,4.849972608703845,truck20,2021-05-27T12:55:08.000Z,460.0,8805.0
118302.095_485283.186-Rest,52.35416210413533,4.848642608643229,truck20,2021-05-27T12:59:18.000Z,695.0,9500.0
118302.095_485283.186-Rest,52.35416210413533,4.848642608643229,truck20,2021-05-27T13:00:37.000Z,360.0,9860.0
118302.259_484764.123-Rest,52.34945210411047,4.84865260862275,truck20,2021-05-27T13:10:09.000Z,955.0,10815.0
118123.157_485205.298-Rest,52.353382104137424,4.846032608515515,truck20,2021-05-27T13:10:27.000Z,1150.0,11965.0
118449.862_484606.829-Rest,52.348322104099125,4.85092260872559,truck20,2021-05-27T13:14:44.000Z,790.0,12755.0
118179.133_485124.455-Rest,52.352912104132514,4.847032608561038,truck20,2021-05-27T13:16:40.000Z,855.0,13610.0
118242.683_485125.919-Rest,52.35292210413059,4.847842608599631,truck20,2021-05-27T13:20:34.000Z,375.0,13985.0
121288.900_485035.655-Rest,52.352062104009946,4.892912610746316,truck21,2021-05-27T10:11:05.000Z,710.0,710.0
121288.900_485035.655-Rest,52.352092104010175,4.892892610745517,truck21,2021-05-27T10:13:03.000Z,370.0,1080.0
121440.963_485078.278-Rest,52.3526821040082,4.894742610837235,truck21,2021-05-27T10:18:42.000Z,850.0,1930.0
121440.963_485078.278-Rest,52.35265210400782,4.894812610840421,truck21,2021-05-27T10:20:35.000Z,970.0,2900.0
121469.720_485013.149-Rest,52.35188210400282,4.895152610852533,truck21,2021-05-27T10:24:18.000Z,1080.0,3980.0
121617.922_485046.545-Rest,52.352272103998736,4.897362610960435,truck21,2021-05-27T10:28:51.000Z,575.0,4555.0
121617.922_485046.545-Rest,52.35226210399869,4.897362610960381,truck21,2021-05-27T10:30:35.000Z,885.0,5440.0
121616.234_485107.715-Rest,52.352882104002134,4.897322610961852,truck21,2021-05-27T10:34:06.000Z,935.0,6375.0
121515.286_485097.142-Rest,52.352652104005294,4.895732610884467,truck21,2021-05-27T10:39:30.000Z,240.0,6615.0
121515.286_485097.142-Rest,52.35265210400534,4.895722610883988,truck21,2021-05-27T10:40:50.000Z,205.0,6820.0
121421.830_484992.367-Rest,52.35185210400461,4.894442610818393,truck21,2021-05-27T10:45:00.000Z,575.0,7395.0
121421.830_484992.367-Rest,52.35190210400506,4.894382610815791,truck21,2021-05-27T10:46:44.000Z,1065.0,8460.0
122006.639_484166.993-Rest,52.34448210394352,4.902842611179464,truck21,2021-05-27T11:05:09.000Z,325.0,8785.0
122006.639_484166.993-Rest,52.34448210394352,4.902842611179464,truck21,2021-05-27T11:06:18.000Z,280.0,9065.0
122006.639_484166.993-Rest,52.34448210394354,4.902832611178985,truck21,2021-05-27T11:07:26.000Z,190.0,9255.0
121552.837_483548.356-Rest,52.33886210393452,4.8964626108445,truck21,2021-05-27T11:08:46.000Z,250.0,9505.0
121552.837_483548.356-Rest,52.33877210393409,4.896462610844012,truck21,2021-05-27T11:09:51.000Z,245.0,9750.0
121557.035_483857.631-Rest,52.34156210394704,4.896522610862007,truck21,2021-05-27T11:18:38.000Z,480.0,10230.0
121557.035_483857.631-Rest,52.34156210394704,4.896522610862007,truck21,2021-05-27T11:20:12.000Z,470.0,10700.0
121416.444_483780.022-Rest,52.34092210395023,4.8942726107513845,truck21,2021-05-27T11:26:12.000Z,530.0,11230.0
121528.749_484011.175-Rest,52.34307210395608,4.895892610840173,truck21,2021-05-27T11:31:37.000Z,385.0,11615.0
121449.924_483965.250-Rest,52.34256210395695,4.894682610779746,truck21,2021-05-27T11:35:25.000Z,365.0,11980.0
121232.206_484949.362-Rest,52.35152210401087,4.89153261067741,truck21,2021-05-27T11:49:10.000Z,1280.0,13260.0
120651.968_492608.378-Rest,52.420192104509546,4.882272610592005,truck22,2021-05-27T10:24:54.000Z,2695.0,2695.0
120608.131_492515.995-Rest,52.41939210450401,4.8818026105646535,truck22,2021-05-27T10:36:01.000Z,2630.0,5325.0
120658.996_492359.966-Rest,52.41796210449013,4.882502610591544,truck22,2021-05-27T10:41:41.000Z,2245.0,7570.0
120699.535_492298.614-Rest,52.417452104484305,4.88309261061786,truck22,2021-05-27T10:46:01.000Z,2160.0,9730.0
120907.651_492245.339-Rest,52.41695210447181,4.886202610768143,truck22,2021-05-27T12:54:59.000Z,2680.0,12410.0
120543.796_484593.883-Rest,52.34819210402098,4.8813826101752165,truck23,2021-05-27T10:28:20.000Z,450.0,450.0
120106.223_485039.186-Rest,52.35227210405908,4.87496260988944,truck23,2021-05-27T10:32:18.000Z,435.0,885.0
120106.223_485039.186-Rest,52.35227210405908,4.87496260988944,truck23,2021-05-27T10:33:38.000Z,395.0,1280.0
120232.011_484695.878-Rest,52.349012104036476,4.877102609975241,truck23,2021-05-27T10:33:43.000Z,375.0,1655.0
120232.011_484695.878-Rest,52.349012104036476,4.877102609975241,truck23,2021-05-27T10:35:15.000Z,415.0,2070.0
120215.523_484517.109-Rest,52.34751210402991,4.876682609947684,truck23,2021-05-27T10:36:34.000Z,15.0,2085.0
119909.089_485144.479-Rest,52.35305210407059,4.872142609758663,truck23,2021-05-27T10:37:53.000Z,120.0,2205.0
119909.089_485144.479-Rest,52.35305210407059,4.872142609758663,truck23,2021-05-27T10:39:21.000Z,360.0,2565.0
119822.442_484730.418-Rest,52.34951210405501,4.870972609685449,truck23,2021-05-27T10:40:34.000Z,410.0,2975.0
119741.679_485152.680-Rest,52.35333210407892,4.8694826096330415,truck23,2021-05-27T10:43:24.000Z,285.0,3260.0
120309.916_484750.341-Rest,52.34960210403656,4.878222610031637,truck23,2021-05-27T10:44:10.000Z,490.0,3750.0
119911.891_484592.214-Rest,52.34809210404472,4.872132609733757,truck23,2021-05-27T10:44:57.000Z,865.0,4615.0
119741.679_485152.680-Rest,52.35324210407867,4.869402609628783,truck23,2021-05-27T10:45:36.000Z,360.0,4975.0
120419.157_484683.217-Rest,52.348812104028426,4.879762610101102,truck23,2021-05-27T10:50:08.000Z,380.0,5355.0
120323.908_484616.541-Rest,52.34833210402998,4.878242610026179,truck23,2021-05-27T10:54:29.000Z,495.0,5850.0
120000.444_484471.334-Rest,52.347092104036,4.873542609795988,truck23,2021-05-27T11:01:26.000Z,5.0,5855.0
119756.255_484688.703-Rest,52.34879210405377,4.870012609636177,truck23,2021-05-27T11:06:43.000Z,790.0,6645.0
119756.255_484688.703-Rest,52.34879210405377,4.870012609636177,truck23,2021-05-27T11:09:08.000Z,520.0,7165.0
119636.979_484480.165-Rest,52.34711210405028,4.868042609534202,truck23,2021-05-27T11:15:45.000Z,725.0,7890.0
120843.856_482811.828-Rest,52.332112103933284,4.885872610305835,truck23,2021-05-27T11:27:50.000Z,185.0,8075.0
120843.856_482811.828-Rest,52.3321221039333,4.885862610305415,truck23,2021-05-27T11:28:59.000Z,330.0,8405.0
120843.856_482811.828-Rest,52.3321221039333,4.885862610305415,truck23,2021-05-27T11:30:10.000Z,340.0,8745.0
120844.728_482761.248-Rest,52.33184210393213,4.885852610303484,truck23,2021-05-27T11:33:44.000Z,195.0,8940.0
120844.728_482761.248-Rest,52.33184210393213,4.885852610303484,truck23,2021-05-27T11:34:48.000Z,290.0,9230.0
120844.728_482761.248-Rest,52.33184210393213,4.885852610303484,truck23,2021-05-27T11:36:05.000Z,250.0,9480.0
120307.697_482972.014-Rest,52.33354210395976,4.878252609952112,truck23,2021-05-27T12:55:01.000Z,335.0,9815.0
120307.697_482972.014-Rest,52.33354210395976,4.878252609952112,truck23,2021-05-27T12:56:09.000Z,195.0,10010.0
120307.697_482972.014-Rest,52.33354210395976,4.878252609952112,truck23,2021-05-27T12:57:32.000Z,320.0,10330.0
120374.817_482881.619-Rest,52.33292210395456,4.879202609993987,truck23,2021-05-27T13:01:07.000Z,295.0,10625.0
120374.817_482881.619-Rest,52.332912103954435,4.879232609995359,truck23,2021-05-27T13:02:21.000Z,100.0,10725.0
120374.817_482881.619-Rest,52.332922103954466,4.879242609995881,truck23,2021-05-27T13:03:35.000Z,155.0,10880.0
120374.817_482881.619-Rest,52.332922103954466,4.879242609995881,truck23,2021-05-27T13:04:26.000Z,320.0,11200.0
118399.127_484553.713-Rest,52.34770210409848,4.849902608674347,truck23,2021-05-27T13:18:18.000Z,765.0,11965.0
118256.552_485233.542-Rest,52.35375210413536,4.847702608596647,truck23,2021-05-27T13:27:17.000Z,610.0,12575.0
118640.706_485152.743-Rest,52.35307210411734,4.853622608875521,truck23,2021-05-27T13:28:37.000Z,845.0,13420.0
118406.298_485358.282-Rest,52.35489210413553,4.850192608720327,truck23,2021-05-27T13:31:31.000Z,70.0,13490.0
118782.396_485207.890-Rest,52.35359210411481,4.855772608980337,truck23,2021-05-27T13:32:28.000Z,345.0,13835.0
124925.434_481692.226-Rest,52.32242210371666,4.946172613108937,truck24,2021-05-27T11:10:07.000Z,110.0,110.0
125495.946_481669.872-Rest,52.32218210368824,4.9546926135117815,truck24,2021-05-27T11:14:17.000Z,85.0,195.0
125455.567_481524.788-Rest,52.32087210368615,4.953802613460762,truck24,2021-05-27T11:17:12.000Z,85.0,280.0
127525.938_481115.996-Rest,52.31729210356937,4.984352614885731,truck24,2021-05-27T11:26:56.000Z,80.0,360.0
127415.841_479282.964-Rest,52.30098210352191,4.983172614709533,truck24,2021-05-27T11:53:32.000Z,60.0,420.0
126924.990_478628.581-Rest,52.29491210353189,4.975812614319443,truck24,2021-05-27T12:05:23.000Z,105.0,525.0
124632.760_483487.974-Rest,52.3385621037993,4.941672612999001,truck25,2021-05-27T11:21:03.000Z,160.0,160.0
124632.760_483487.974-Rest,52.3385621037993,4.941672612999001,truck25,2021-05-27T11:22:08.000Z,295.0,455.0
124692.315_483536.125-Rest,52.33896210379843,4.942532613042691,truck25,2021-05-27T11:30:14.000Z,160.0,615.0
124692.315_483536.125-Rest,52.338952103798405,4.942522613042151,truck25,2021-05-27T11:31:26.000Z,165.0,780.0
124761.454_483451.580-Rest,52.338282103791606,4.943682613093284,truck25,2021-05-27T11:36:56.000Z,95.0,875.0
124761.454_483451.580-Rest,52.338282103791606,4.943682613093284,truck25,2021-05-27T11:39:02.000Z,195.0,1070.0
124804.802_483612.539-Rest,52.33966210379701,4.944012613118001,truck25,2021-05-27T13:22:55.000Z,210.0,1280.0
124804.802_483612.539-Rest,52.33966210379701,4.944012613118001,truck25,2021-05-27T13:24:06.000Z,205.0,1485.0
124757.964_483841.385-Rest,52.34169210380809,4.943562613109613,truck25,2021-05-27T13:27:58.000Z,335.0,1820.0
124781.623_483951.703-Rest,52.3426021038115,4.943852613129397,truck25,2021-05-27T13:30:46.000Z,105.0,1925.0
124781.623_483951.703-Rest,52.34260210381151,4.943862613129875,truck25,2021-05-27T13:32:13.000Z,200.0,2125.0
124871.339_484003.346-Rest,52.34306210380942,4.945222613198029,truck25,2021-05-27T13:34:25.000Z,270.0,2395.0
124228.827_484439.403-Rest,52.34697210385954,4.935422612753222,truck25,2021-05-27T13:36:14.000Z,285.0,2680.0
124311.742_484466.597-Rest,52.34726210385619,4.936982612829886,truck25,2021-05-27T13:40:51.000Z,610.0,3290.0
124311.742_484466.597-Rest,52.34726210385619,4.936982612829886,truck25,2021-05-27T13:41:56.000Z,105.0,3395.0
117183.799_484964.171-Rest,52.35124210415839,4.832292607853346,truck26,2021-05-27T12:56:27.000Z,260.0,260.0
117183.799_484964.171-Rest,52.35124210415839,4.832292607853346,truck26,2021-05-27T12:57:27.000Z,185.0,445.0
116872.140_484877.542-Rest,52.350562104165554,4.827602607628064,truck26,2021-05-27T13:01:30.000Z,310.0,755.0
116872.140_484877.542-Rest,52.35056210416559,4.827592607627588,truck26,2021-05-27T13:02:25.000Z,170.0,925.0
117041.358_485052.132-Rest,52.35209210416764,4.8302126077581065,truck26,2021-05-27T13:06:40.000Z,115.0,1040.0
117094.486_485115.163-Rest,52.35260210416915,4.8307326077848805,truck26,2021-05-27T13:09:25.000Z,510.0,1550.0
117094.486_485115.163-Rest,52.35260210416915,4.8307326077848805,truck26,2021-05-27T13:10:19.000Z,210.0,1760.0
116987.623_485114.195-Rest,52.35258210417261,4.829172607710738,truck26,2021-05-27T13:13:29.000Z,245.0,2005.0
116987.623_485114.195-Rest,52.35258210417261,4.829172607710738,truck26,2021-05-27T13:14:21.000Z,130.0,2135.0
118782.396_485207.890-Rest,52.3536321041154,4.855632608973849,truck26,2021-05-27T13:33:47.000Z,315.0,2450.0
118713.738_485510.481-Rest,52.35633210413232,4.854712608942359,truck26,2021-05-27T13:38:55.000Z,255.0,2705.0
118713.738_485510.481-Rest,52.35633210413232,4.854712608942359,truck26,2021-05-27T13:40:28.000Z,500.0,3205.0
120171.371_485406.914-Rest,52.3555321040739,4.876022609956392,truck27,2021-05-27T13:03:56.000Z,1275.0,1275.0
121988.112_484969.408-Rest,52.35163210398007,4.902822611218355,truck27,2021-05-27T13:18:04.000Z,325.0,1600.0
122031.386_484826.746-Rest,52.35045210397199,4.903492611243848,truck27,2021-05-27T13:23:32.000Z,100.0,1700.0
121582.248_484973.414-Rest,52.35166210399682,4.89689261093461,truck27,2021-05-27T13:24:23.000Z,740.0,2440.0
122068.408_484836.975-Rest,52.350532103972164,4.903572611248124,truck27,2021-05-27T13:25:19.000Z,725.0,3165.0
121462.217_484947.233-Rest,52.35137210400054,4.895002610842596,truck27,2021-05-27T13:27:47.000Z,530.0,3695.0
121462.217_484947.233-Rest,52.35137210400054,4.895002610842596,truck27,2021-05-27T13:30:04.000Z,1185.0,4880.0
116640.756_485425.101-Rest,52.35536210419914,4.824062607479289,truck28,2021-05-27T13:34:42.000Z,100.0,100.0
125014.991_483800.676-Rest,52.34120210379319,4.947512613295575,truck29,2021-05-27T13:38:06.000Z,395.0,395.0
125014.991_483800.676-Rest,52.3412321037934,4.9474826132943335,truck29,2021-05-27T13:38:59.000Z,180.0,575.0
124868.349_484128.503-Rest,52.344312103815504,4.945232613206649,truck29,2021-05-27T13:49:15.000Z,155.0,730.0
125008.823_484114.909-Rest,52.34410210380788,4.947302613304544,truck29,2021-05-27T13:55:49.000Z,390.0,1120.0
125008.823_484114.909-Rest,52.34410210380788,4.947302613304544,truck29,2021-05-27T13:56:46.000Z,235.0,1355.0
124518.816_489402.920-Rest,52.391612104120526,4.939512613236199,truck30,2021-05-27T14:09:40.000Z,3020.0,3020.0
